iso3,the_2023,ghes_2023,ppp_2023,oop_2023,dah_2023,ghes_pc_2023,ghes_pct_gdp_2023,dah_share_the_2023,ghes_2026_expected,dah_2026_expected,ghes_2030_expected,gdp_pc,dah_all_purposes_base,ghes_growth_median,ghes_growth_p75,ghes_growth_p90,sh_dyn_aids_zs_year,sh_dyn_aids_zs,sh_hiv_artc_zs_year,sh_hiv_artc_zs,sh_hiv_incd_tl_year,sh_hiv_incd_tl,sh_hiv_0014_year,sh_hiv_0014,sh_hiv_pmtc_zs_year,sh_hiv_pmtc_zs,sh_tbs_incd_year,sh_tbs_incd,sh_tbs_dtec_zs_year,sh_tbs_dtec_zs,sh_tbs_cure_zs_year,sh_tbs_cure_zs,sh_mlr_incd_p3_year,sh_mlr_incd_p3,sh_mlr_nets_zs_year,sh_mlr_nets_zs,sh_mlr_tret_zs_year,sh_mlr_tret_zs,sh_imm_idpt_year,sh_imm_idpt,sh_imm_meas_year,sh_imm_meas,sh_dyn_mort_year,sh_dyn_mort,sh_dth_mort_year,sh_dth_mort,sp_dyn_cbrt_in_year,sp_dyn_cbrt_in,sp_pop_totl_year,sp_pop_totl,sp_pop_1564_to_year,sp_pop_1564_to,sp_pop_0014_to_year,sp_pop_0014_to,gc_rev_xgrt_gd_zs_year,gc_rev_xgrt_gd_zs,gc_dod_totl_gd_zs_year,gc_dod_totl_gd_zs,gc_xpn_intp_rv_zs_year,gc_xpn_intp_rv_zs,gc_xpn_totl_gd_zs_year,gc_xpn_totl_gd_zs,sh_xpd_ghed_ge_zs_year,sh_xpd_ghed_ge_zs,sh_uhc_sci_year,sh_uhc_sci,people_living_with_hiv_number_all_ages_year,people_living_with_hiv_number_all_ages,all_forms_of_tb_incidence_estimated_year,all_forms_of_tb_incidence_estimated,all_forms_of_tb_number_of_deaths_estimated_year,all_forms_of_tb_number_of_deaths_estimated,tb_hivplus_number_of_deaths_estimated_year,tb_hivplus_number_of_deaths_estimated,tb_hivplus_incidence_estimated_year,tb_hivplus_incidence_estimated,malaria_deaths_in_children_1_59_months_total_deaths_year,malaria_deaths_in_children_1_59_months_total_deaths,measles_deaths_in_children_1_59_months_total_deaths_year,measles_deaths_in_children_1_59_months_total_deaths,pneumonia_deaths_in_children_1_59_months_total_deaths_year,pneumonia_deaths_in_children_1_59_months_total_deaths,plhiv_calibration,plhiv,births,hiv_pos_pregnancies,tb_hiv_share,tb_deaths_total,is_ssa,malaria_deaths,malaria_at_risk_share,malaria_pop_at_risk,malaria_cases,vpd_child_deaths,mou_us_ref,mou_gf_ref,mou_gavi_ref,mou_wb_ref,mou_oth_ref,mou_us_2026,mou_us_2027,mou_us_2028,mou_us_2029,mou_us_2030,mou_gf_gc8_hiv,mou_gf_gc8_tb,mou_gf_gc8_mal,mou_gf_gc8_rssh,mou_gavi_2026_30,mou_wb_2026_30
AFG,2860702000.0,42003000.0,25000.0,1976883000.0,841791000.0,1.0,0.3,0.294,72316000.0,576638000.0,78597000.0,391.208329230088,878819333.3333334,0.0710402691447678,0.13006759680820135,0.37079172035439645,2024.0,0.1,2024.0,11.0,2024.0,1800.0,2024.0,500.0,2024.0,14.0,2024.0,203.0,2024.0,59.0,2023.0,94.0,2024.0,17.76,2015.0,4.6,2015.0,11.8,2024.0,59.0,2024.0,55.0,2024.0,53.0,2024.0,77768.0,2024.0,35.007,2024.0,42647492.0,2024.0,23333093.0,2024.0,18290445.0,2017.0,13.03926,,,2017.0,0.10938,2017.0,39.22011,2023.0,1.46018,2023.0,42.0,2011.0,5800.0,2024.0,87000.0,2024.0,15000.0,2024.0,13.0,2024.0,34.0,2021.0,20.0,2021.0,10558.02417,2021.0,7341.46144,0.6,14499.8558,1492960.7524439998,1716.9048653105997,0.00039080459770114945,15013.0,False,50.0,0.35,14926622.2,265096.81027200003,17899.48561,56486975.0,,75465980.0,,,,,,,,6975137.0,34134897.0,18515119.0,,82404944.0,
ALB,1675184000.0,829451000.0,15118000.0,806801000.0,23814000.0,322.0,3.5999999999999996,0.014,853411000.0,15031000.0,934356000.0,9479.24115614758,37324666.666666664,0.04314901165474572,0.05083232074973254,0.07852819727094797,2024.0,0.1,2024.0,61.0,2024.0,200.0,,,,,2024.0,15.0,2024.0,57.0,2023.0,89.0,,,,,,,2024.0,97.0,2024.0,81.0,2024.0,9.2,2024.0,264.0,2024.0,10.131,2024.0,2377128.0,2024.0,1574525.0,2024.0,400327.0,2024.0,26.11652,2024.0,49.96435,2024.0,7.41704,2023.0,25.43597,2023.0,12.28282,2023.0,71.0,,,2024.0,410.0,2024.0,9.0,2024.0,2.0,2024.0,6.0,2021.0,0.0,2021.0,0.0,2021.0,10.05259,1.0,1574.525,24082.683768,27.6950863332,0.014634146341463415,11.0,False,0.0,0.35,831994.7999999999,,10.05259,1284559.0,,,,,,,,,,,,,,,
AGO,2853813000.0,1257096000.0,458402000.0,943528000.0,194787000.0,36.0,1.2,0.069,1204806000.0,189323000.0,1219679000.0,3105.78195789058,428493333.3333333,0.022578361126962987,0.06720152950875191,0.29135593421126377,2024.0,1.6,2024.0,48.0,2024.0,21000.0,2024.0,40000.0,2024.0,79.0,2024.0,373.0,2024.0,61.0,2023.0,63.0,2024.0,258.9,2016.0,21.7,2016.0,18.1,2024.0,64.0,2024.0,53.0,2024.0,49.0,2024.0,67003.0,2024.0,37.158,2024.0,37885849.0,2024.0,20002446.0,2024.0,16802739.0,2024.0,18.61078,,,2024.0,25.18718,2019.0,14.6521,2023.0,5.89576,2023.0,44.0,2011.0,230000.0,2024.0,141000.0,2024.0,29000.0,2024.0,3300.0,2024.0,9200.0,2021.0,8725.36829,2021.0,118.53763,2021.0,14649.18345,0.8362072676850948,307619.0514668585,1407762.3771420002,25902.8277394128,0.06524822695035461,32300.0,True,11480.74775,0.95,35991556.55,9318213.990794998,14767.721080000001,50717381.0,,10262426.0,,,,,,,,49236291.0,16822196.0,40243157.0,,8833920.0,
ARM,2272147000.0,355000000.0,80217000.0,1812286000.0,24643000.0,120.0,1.5,0.011,392644000.0,14567000.0,433226000.0,8674.7421800695,26409333.333333332,0.03321480451657166,0.14640824929872287,0.18204721156171866,2024.0,0.4,2024.0,52.0,2024.0,610.0,2024.0,100.0,2024.0,90.0,2024.0,19.0,2024.0,69.0,2023.0,86.0,2024.0,0.0,,,2016.0,9.3,2024.0,94.0,2024.0,96.0,2024.0,9.6,2024.0,339.0,2024.0,11.1,2024.0,3033500.0,2024.0,2034270.0,2024.0,583557.0,2024.0,24.1409,2024.0,47.88134,2024.0,12.60073,2023.0,20.94715,2023.0,5.45643,2023.0,69.0,2011.0,3600.0,2024.0,550.0,2024.0,40.0,2024.0,13.0,2024.0,42.0,2021.0,0.0,2021.0,0.58841,2021.0,28.69138,1.6,13119.328000000001,33671.85,154.89050999999998,0.07636363636363637,53.0,False,0.0,0.35,1061725.0,0.0,29.27979,1269950.0,,,,,,,,,,,1993453.0,,,,
AZE,3108942000.0,1012085000.0,72131000.0,2008793000.0,15933000.0,95.0,1.4000000000000001,0.005,1108563000.0,13763000.0,1255787000.0,7283.76877457668,20484333.333333332,0.06012308933032151,0.22480631697858267,0.30613468527344523,2024.0,0.1,2024.0,86.0,2024.0,500.0,,,,,2024.0,64.0,2024.0,56.0,2023.0,84.0,2023.0,0.0,,,2006.0,0.0,2024.0,51.0,2024.0,71.0,2024.0,17.9,2024.0,2272.0,2024.0,10.0,2024.0,10202830.0,2024.0,7104496.0,2024.0,2225404.0,2023.0,39.78056,2010.0,6.38558,2023.0,1.71546,2022.0,23.00882,2023.0,4.25808,2023.0,67.0,2011.0,6700.0,2024.0,6600.0,2024.0,570.0,2024.0,30.0,2024.0,76.0,2021.0,0.0,2021.0,0.0,2021.0,184.11473,1.013119596348959,7197.704119782794,102028.3,117.33254500000001,0.011515151515151515,600.0,False,0.0,0.35,3570990.5,0.0,184.11473,1979418.0,,,,,,,,,,7814350.0,4582370.0,,,0.0,
BGD,10620130000.0,1462628000.0,277732000.0,7922221000.0,957548000.0,9.0,0.4,0.09,1580073000.0,791922000.0,1843023000.0,2533.83582899197,2228238333.3333335,0.04918420513834265,0.06733245342907124,0.10200508355581124,2024.0,0.1,2024.0,41.0,2024.0,1200.0,,,,,2024.0,221.0,2024.0,82.0,2023.0,96.0,2024.0,0.86,,,2014.0,5.0,2024.0,97.0,2024.0,96.0,2024.0,30.5,2024.0,105414.0,2024.0,19.988,2024.0,173562364.0,2024.0,113705228.0,2024.0,48578250.0,2021.0,9.53881,,,2021.0,20.82774,2021.0,8.32425,2023.0,2.47162,2023.0,54.0,2011.0,7700.0,2024.0,384000.0,2024.0,44000.0,2024.0,160.0,2024.0,750.0,2021.0,3.0,2021.0,55.29203,2021.0,5703.55142,0.6,68223.1368,3469164.5316319996,3989.5392113768,0.001953125,44160.0,False,7.5,0.35,60746827.4,52242.271563999995,5758.843449999999,90624092.0,,128770445.0,,,,,,,,18209968.0,100332827.0,13157813.0,,75741250.0,
BLR,5108153000.0,3393434000.0,245649000.0,1446723000.0,22348000.0,371.0,4.7,0.004,4220880000.0,11524000.0,4436293000.0,8207.91773289859,76595000.0,0.04991778483874065,0.08392715674805595,0.1058849330848047,,,,,,,,,,,2024.0,17.0,2024.0,82.0,2023.0,89.0,,,,,,,2024.0,98.0,2024.0,98.0,2024.0,2.3,2024.0,157.0,2024.0,7.031,2024.0,9132629.0,2024.0,6030842.0,2024.0,1488365.0,2024.0,29.11985,2019.0,33.2442,2024.0,4.15347,2023.0,28.46751,2023.0,11.72658,2023.0,80.0,2011.0,20000.0,2024.0,1500.0,2024.0,210.0,2024.0,22.0,2024.0,100.0,2021.0,0.0,2021.0,0.0,2021.0,4.03213,1.0,,64211.514499,,0.06666666666666667,232.0,False,0.0,0.35,3196420.15,,4.03213,,,,,,,,,,,9739057.0,4222599.0,,,,
BLZ,140535000.0,82578000.0,8523000.0,34409000.0,15025000.0,188.0,2.5,0.107,69112000.0,9662000.0,83208000.0,7609.63169186254,20268333.333333332,0.05328742986970836,0.10273924169727067,0.13309899871346734,2024.0,1.2,2024.0,50.0,2024.0,200.0,,,,,2024.0,34.0,2024.0,52.0,2023.0,67.0,2024.0,0.0,,,,,2024.0,88.0,2024.0,84.0,2024.0,12.7,2024.0,94.0,2024.0,18.051,2024.0,417072.0,2024.0,285268.0,2024.0,110851.0,2017.0,23.80709,2014.0,61.03083,2017.0,9.43944,2017.0,22.34377,2023.0,10.87746,2023.0,70.0,2011.0,4600.0,2024.0,140.0,2024.0,15.0,2024.0,13.0,2024.0,31.0,2021.0,0.0,2021.0,0.0,2021.0,2.82793,1.6,5477.1456,7528.566671999999,103.89422007359998,0.22142857142857142,28.0,False,0.0,0.35,145975.19999999998,0.0,2.82793,784886.0,,192848.0,,,,,,,,,,,,0.0,
BEN,637977000.0,103094000.0,30367000.0,286789000.0,217728000.0,7.0,0.5,0.343,125571000.0,209709000.0,157678000.0,1461.05494982818,371747000.0,0.013049727657857613,0.06878897018888719,0.12169699954234142,2024.0,0.7,2024.0,87.0,2024.0,1400.0,2024.0,5200.0,2024.0,90.0,2024.0,40.0,2024.0,70.0,2023.0,91.0,2024.0,354.25,2018.0,76.3,2018.0,17.5,2024.0,63.0,2024.0,44.0,2024.0,74.7,2024.0,35304.0,2024.0,33.419,2024.0,14462724.0,2024.0,8002133.0,2024.0,6009622.0,,,,,,,,,2023.0,2.5534,2023.0,38.0,2011.0,64000.0,2024.0,5800.0,2024.0,960.0,2024.0,200.0,2024.0,670.0,2021.0,9522.4772,2021.0,102.03996,2021.0,4902.99462,0.914652163625784,56434.177834499,483329.77335599996,3890.8046755157993,0.11551724137931034,1160.0,True,12529.575263157894,0.95,13739587.799999999,4867248.97815,5005.0345800000005,51182996.0,,26602171.0,,,,,,,,30630838.0,6412815.0,47391933.0,,30664880.0,
BOL,3199498000.0,2125616000.0,136291000.0,857871000.0,79719000.0,175.0,4.6,0.025,2366168000.0,88305000.0,2490680000.0,3748.18177984423,225247000.0,0.08076370593199056,0.09463457485926485,0.1253543695708252,2024.0,0.4,2024.0,60.0,2024.0,1900.0,2024.0,700.0,2023.0,98.0,2024.0,114.0,2024.0,66.0,2023.0,79.0,2024.0,3.83,,,,,2024.0,59.0,2024.0,67.0,2024.0,15.7,2024.0,4080.0,2024.0,21.026,2024.0,12413315.0,2024.0,8015521.0,2024.0,3697500.0,,,,,,,,,2023.0,12.02977,2023.0,67.0,2011.0,17000.0,2024.0,14000.0,2024.0,1500.0,2024.0,250.0,2024.0,750.0,2021.0,1.0,2021.0,0.0,2021.0,754.76771,0.8472851624541408,27865.728050558308,261002.36119,1200.6108614739999,0.05357142857142857,1750.0,False,2.5,0.35,4344660.25,16640.0487575,754.76771,1488722.0,,7169816.0,,,,,,,,,,,,1582320.0,
BWA,1223573000.0,914037000.0,166997000.0,55809000.0,86729000.0,374.0,4.8,0.071,785113000.0,72881000.0,934829000.0,7468.9827021425,123186666.66666667,0.050455971088293916,0.11705847576167583,0.12948000178992541,2024.0,15.7,2024.0,95.0,2024.0,4200.0,2024.0,4200.0,2024.0,100.0,2024.0,143.0,2024.0,67.0,2023.0,84.0,2024.0,0.2,2012.0,30.9,,,2024.0,95.0,2024.0,97.0,2024.0,33.3,2024.0,2032.0,2024.0,24.361,2024.0,2521139.0,2024.0,1609356.0,2024.0,810033.0,2024.0,28.17376,2020.0,19.61613,2024.0,3.42835,2024.0,26.36918,2023.0,14.61014,2023.0,60.0,2011.0,300000.0,2024.0,3600.0,2024.0,830.0,2024.0,500.0,2024.0,1600.0,2021.0,0.0,2021.0,0.0,2021.0,167.68475,0.9532200564476636,245049.05549480862,61417.467179,11088.92369916845,0.4444444444444444,1330.0,True,0.0,0.95,2395082.05,479.01641,167.68475,43742433.0,,,,,33763663.0,37832582.0,28043755.0,,,13124605.0,979998.0,,,,
BRA,213725371000.0,94045628000.0,63148352000.0,56281146000.0,250245000.0,422.0,4.1000000000000005,0.001,110880880000.0,211252000.0,123594954000.0,10685.0221253151,325161000.0,0.028535417726539114,0.057353318519134944,0.06488172308984974,2024.0,0.7,2024.0,73.0,2024.0,55000.0,,,,,2024.0,49.0,2024.0,89.0,2023.0,65.0,2024.0,3.75,,,,,2024.0,91.0,2024.0,93.0,2024.0,14.2,2024.0,36892.0,2024.0,12.133,2024.0,211998573.0,2024.0,146884644.0,2024.0,41689815.0,2024.0,26.44693,2024.0,81.85544,2024.0,30.09458,2023.0,32.4311,2023.0,9.47691,2023.0,84.0,2011.0,490000.0,2024.0,104000.0,2024.0,9000.0,2024.0,1900.0,2024.0,13000.0,2021.0,13.0,2021.0,0.0,2021.0,2692.88484,0.9105792381853255,936250.7506424991,2572178.6862089997,20706.038423982445,0.125,10900.0,False,32.5,0.35,74199500.55,278248.1270625,2692.88484,6576601.0,,,,,,,,,,,,,,,
BFA,1824554000.0,519172000.0,64632000.0,724833000.0,515917000.0,21.0,2.5,0.283,661275000.0,462839000.0,681178000.0,895.301242678491,725463000.0,0.05945011942877465,0.15219162900226857,0.25698777175698245,2024.0,0.5,2024.0,82.0,2024.0,3000.0,2024.0,8400.0,2024.0,69.0,2024.0,57.0,2024.0,70.0,2023.0,81.0,2024.0,353.49,2018.0,54.4,2018.0,51.1,2024.0,91.0,2024.0,88.0,2024.0,74.9,2024.0,54009.0,2024.0,31.336,2024.0,23548781.0,2024.0,13080453.0,2024.0,9843868.0,2023.0,21.41018,2023.0,61.93204,2023.0,10.11759,2023.0,19.5686,2023.0,8.77536,2023.0,47.0,2011.0,120000.0,2024.0,13000.0,2024.0,2100.0,2024.0,210.0,2024.0,720.0,2021.0,15391.61377,2021.0,245.33221,2021.0,8621.31046,1.161553643044576,84368.23917411677,737924.6014159999,4243.066458142,0.055384615384615386,2310.0,True,20252.123381578946,0.95,22371341.95,7908045.665905501,8866.642670000001,71887498.0,,52246758.0,,,,,,,,38446885.0,10752378.0,168110768.0,,59546368.0,
BDI,395354000.0,58450000.0,13783000.0,96878000.0,226242000.0,4.0,1.2,0.573,65107000.0,196727000.0,69462000.0,357.257346305856,301249666.6666667,0.0180631813479748,0.07960421506533943,0.1972534811405105,2024.0,0.8,2024.0,93.0,2024.0,1400.0,2024.0,4100.0,2024.0,65.0,2024.0,83.0,2024.0,69.0,2023.0,93.0,2024.0,314.9,2017.0,39.9,2017.0,47.0,2024.0,89.0,2024.0,86.0,2024.0,47.1,2024.0,21573.0,2024.0,33.211,2024.0,14047786.0,2024.0,7412918.0,2024.0,6279206.0,2021.0,14.1814,,,2021.0,2.35966,2021.0,12.2195,2023.0,4.72897,2023.0,48.0,2011.0,80000.0,2024.0,12000.0,2024.0,1900.0,2024.0,230.0,2024.0,750.0,2021.0,3176.6644,2021.0,42.95554,2021.0,2681.91955,0.8230613637207916,52910.29118584323,466541.02084599994,4292.1773917832,0.0625,2130.0,True,4179.821578947369,0.95,13345396.7,4202465.420829999,2724.87509,53633354.0,,29176080.0,,,37112000.0,33112000.0,28312000.0,17112000.0,14112000.0,35870932.0,8622396.0,67873439.0,,53144840.0,
KHM,1983099000.0,539223000.0,26553000.0,1213380000.0,203943000.0,31.0,1.3,0.103,452457000.0,133138000.0,454565000.0,2542.72807040741,283975333.3333333,0.08749823876330987,0.12066072431267882,0.15172344995294504,2024.0,0.5,2024.0,92.0,2024.0,1200.0,2024.0,1300.0,2024.0,97.0,2024.0,272.0,2024.0,70.0,2023.0,96.0,2024.0,0.03,2006.0,4.2,2014.0,0.3,2024.0,83.0,2024.0,83.0,2024.0,18.4,2024.0,6629.0,2024.0,20.309,2024.0,17638801.0,2024.0,11296444.0,2024.0,5255154.0,2023.0,13.75944,2023.0,50.34202,2023.0,1.83761,2023.0,12.94972,2023.0,6.64743,2023.0,62.0,2011.0,64000.0,2024.0,48000.0,2024.0,3200.0,2024.0,180.0,2024.0,600.0,2021.0,2.0,2021.0,1.38734,2021.0,820.464,0.6970461333299339,40670.713052890664,358226.409509,2059.8018546767503,0.0125,3380.0,False,5.0,0.35,6173580.35,185.20741049999998,821.85134,38417123.0,,19872684.0,,,,,,,,27419831.0,12522272.0,,,16781670.0,
CMR,2305304000.0,348252000.0,71572000.0,1484217000.0,401263000.0,10.0,0.6,0.175,471600000.0,305423000.0,556484000.0,1757.04431718822,534482333.3333334,0.007953352503537348,0.11511533230358739,0.18175584307867712,2024.0,2.5,2024.0,88.0,2024.0,13000.0,2024.0,20000.0,2024.0,59.0,2024.0,132.0,2024.0,69.0,2023.0,89.0,2024.0,260.46,2018.0,59.8,2018.0,32.7,2024.0,77.0,2024.0,71.0,2024.0,64.8,2024.0,61508.0,2024.0,33.344,2024.0,29123744.0,2024.0,16240266.0,2024.0,12069528.0,2021.0,13.74283,,,2021.0,6.82375,2021.0,12.42281,2023.0,3.9128,2023.0,48.0,2011.0,550000.0,2024.0,38000.0,2024.0,6800.0,2024.0,1800.0,2024.0,5900.0,2021.0,7932.92371,2021.0,193.61932,2021.0,9342.36303,0.9912352086005132,422448.0864059456,971102.119936,27919.185948159997,0.15526315789473685,8600.0,True,10438.057513157895,0.95,27667556.799999997,7206291.844127999,9535.98235,120444835.0,,34830270.0,,,100900000.0,91500000.0,85900000.0,72900000.0,47900000.0,131503951.0,14245629.0,91006333.0,,90010590.0,
CAF,398810000.0,40407000.0,2093000.0,138433000.0,217877000.0,7.0,1.4000000000000001,0.548,31436000.0,173025000.0,26892000.0,526.133096530469,243181666.66666666,-5.7816836262714055e-05,0.058950940815249875,0.2042224548842288,2024.0,2.4,2024.0,66.0,2024.0,4000.0,2024.0,9100.0,2024.0,69.0,2024.0,419.0,2024.0,71.0,2023.0,89.0,2024.0,343.84,2019.0,50.6,2010.0,34.1,2024.0,42.0,2024.0,41.0,2024.0,89.7,2024.0,20555.0,2024.0,46.193,2024.0,5330690.0,2024.0,2603806.0,2024.0,2612217.0,2021.0,9.20478,,,2021.0,4.21187,2021.0,11.66139,2023.0,8.4762,2023.0,39.0,2011.0,130000.0,2024.0,22000.0,2024.0,4000.0,2024.0,1500.0,2024.0,5100.0,2021.0,4495.03002,2021.0,469.6787,2021.0,2720.21717,1.0292826881158397,73421.25853629166,246240.56316999998,6796.239543491998,0.2318181818181818,5500.0,True,5914.513184210527,0.95,5064155.5,1741259.22712,3189.89587,4525335.0,,22930363.0,,,,,,,,53323925.0,9998690.0,59493554.0,,16052452.0,
CHN,1087917440000.0,619897262000.0,118070769000.0,349757611000.0,191798000.0,437.0,3.4000000000000004,0.0,699990724000.0,294038000.0,945367072000.0,13643.0661307828,347123666.6666667,0.14131967280587032,0.17140012064618548,0.22560179597676308,,,,,,,,,,,2024.0,49.0,2024.0,76.0,2023.0,95.0,2024.0,0.0,,,,,2024.0,97.0,2024.0,95.0,2024.0,5.7,2024.0,53968.0,2024.0,6.77,2024.0,1408975000.0,2024.0,976798955.0,2024.0,225546074.0,2024.0,14.92156,,,2021.0,3.44194,,,2023.0,10.36798,2023.0,85.0,2011.0,780000.0,2024.0,696000.0,2024.0,28000.0,2024.0,3200.0,2024.0,13000.0,2021.0,0.0,2021.0,181.78444,2021.0,4828.62732,1.0,,9538760.75,,0.01867816091954023,31200.0,False,0.0,0.35,493141249.99999994,0.0,5010.41176,,,,,,,,,,,,,,,,
COL,30070527000.0,21027141000.0,4463618000.0,4449571000.0,130197000.0,420.0,6.0,0.004,25856187000.0,176081000.0,28966304000.0,7049.20155731362,374775000.0,0.04515112550974454,0.07674136905203177,0.11158275747970313,2024.0,0.6,2023.0,66.0,2023.0,12000.0,2024.0,2100.0,2023.0,53.0,2024.0,49.0,2024.0,81.0,2023.0,68.0,2024.0,15.19,,,2010.0,3.6,2024.0,89.0,2024.0,93.0,2024.0,11.5,2024.0,8107.0,2024.0,13.251,2024.0,52886363.0,2024.0,36993721.0,2024.0,10721183.0,2024.0,25.95278,2024.0,71.48313,2024.0,13.90439,2023.0,33.33589,2024.0,17.2435,2023.0,82.0,2011.0,150000.0,2024.0,26000.0,2024.0,2900.0,2024.0,610.0,2024.0,2800.0,2021.0,2.0,2021.0,0.0,2021.0,702.23638,0.967696173967135,216892.09363504595,700797.1961129999,4835.500653179699,0.1076923076923077,3510.0,False,5.0,0.35,18510227.049999997,281170.3488894999,702.23638,11538045.0,,,,,,,,,,10871220.0,,,,,
CRI,5981779000.0,3981955000.0,518067000.0,1430915000.0,50842000.0,830.0,4.9,0.009,4629799000.0,18909000.0,5253843000.0,17448.0776387791,49280666.666666664,0.03541515834089748,0.08810869999882154,0.09994835247802887,2024.0,0.6,2024.0,62.0,2024.0,1100.0,2024.0,200.0,2024.0,42.0,2024.0,9.3,2024.0,95.0,2023.0,86.0,2024.0,0.13,,,,,2024.0,99.0,2024.0,93.0,2024.0,10.4,2024.0,541.0,2024.0,9.991,2024.0,5129910.0,2024.0,3538385.0,2024.0,964386.0,2023.0,29.33904,,,2023.0,15.87264,2023.0,28.90892,2023.0,24.9073,2023.0,84.0,2011.0,8800.0,2024.0,480.0,2024.0,47.0,2024.0,7.0,2024.0,53.0,2021.0,0.0,2021.0,0.0,2021.0,12.43086,0.91388193028016,19601.996683246183,51252.93081,353.64522258899996,0.11041666666666666,54.0,False,0.0,0.35,1795468.5,233.41090500000004,12.43086,425400.0,,,,,,,,,,,,,,,
CIV,2973830000.0,1116161000.0,432698000.0,874122000.0,550849000.0,38.0,1.5,0.186,1288112000.0,488813000.0,1388261000.0,2643.55943644266,749314333.3333334,0.07613007315919784,0.11745525858825756,0.21494640590999106,2024.0,1.7,2024.0,78.0,2024.0,8200.0,2024.0,17000.0,2024.0,88.0,2024.0,99.0,2024.0,69.0,2023.0,88.0,2024.0,267.95,2016.0,59.7,2012.0,17.5,2024.0,77.0,2024.0,75.0,2024.0,64.5,2024.0,63784.0,2024.0,31.564,2024.0,31934230.0,2024.0,18049122.0,2024.0,13051954.0,2023.0,13.36812,,,2023.0,18.04652,2023.0,17.88123,2023.0,6.5832,2023.0,46.0,2011.0,360000.0,2024.0,32000.0,2024.0,5400.0,2024.0,1200.0,2024.0,3900.0,2021.0,9630.92327,2021.0,3.14319,2021.0,8246.52418,0.7110773996588909,235183.4865440634,1007972.03572,19705.853298325997,0.121875,6600.0,True,12672.267460526315,0.95,30337518.5,8128938.082074999,8249.667370000001,142622777.0,,44761838.0,,,,,,,,61177980.0,12503773.0,108628841.0,,46141932.0,
COD,2916305000.0,445780000.0,157378000.0,902487000.0,1410660000.0,5.0,0.7000000000000001,0.484,496633000.0,1311420000.0,565151000.0,692.070166770821,1688593333.3333333,0.14325921380837414,0.21302878647835755,0.2720616110518663,2024.0,0.7,2024.0,71.0,2024.0,26000.0,2024.0,69000.0,2024.0,32.0,2024.0,377.0,2024.0,70.0,2023.0,95.0,2024.0,321.89,2018.0,51.0,2014.0,29.2,2024.0,65.0,2024.0,55.0,2024.0,89.7,2024.0,385039.0,2024.0,40.885,2024.0,109276265.0,2024.0,55612277.0,2024.0,50303111.0,2022.0,13.23525,2022.0,14.94052,2022.0,0.51404,2022.0,12.44876,2023.0,4.00072,2023.0,41.0,,,2024.0,412000.0,2024.0,66000.0,2024.0,6900.0,2024.0,23000.0,2021.0,68831.09435,2021.0,39950.99609,2021.0,37671.29971,1.0,458285.93899999995,4467760.094525,35965.46876092625,0.055825242718446605,72900.0,True,90567.22940789473,0.95,103812451.75,33416190.0938075,77622.29579999999,283845559.0,,227726210.0,,,,,,,,,,,,294453280.0,
DJI,124180000.0,41438000.0,1391000.0,26436000.0,54916000.0,32.0,0.8999999999999999,0.443,56800000.0,36348000.0,64674000.0,3735.87409136193,100849000.0,0.05064976995722015,0.1139713293618776,0.14756179069279418,2024.0,0.9,2024.0,25.0,2024.0,500.0,2024.0,550.0,2024.0,38.0,2024.0,495.0,2024.0,41.0,2023.0,84.0,2024.0,45.09,2009.0,19.9,2009.0,0.9,2024.0,77.0,2024.0,75.0,2024.0,48.9,2024.0,1173.0,2024.0,20.931,2024.0,1168722.0,2024.0,771113.0,2024.0,340917.0,,,,,,,,,2023.0,4.89182,2023.0,47.0,2011.0,9200.0,2024.0,5800.0,2024.0,1600.0,2024.0,97.0,2024.0,200.0,2021.0,39.0,2021.0,0.80212,2021.0,157.04586,0.6,4714.010200000001,24462.520182,253.18708388369996,0.034482758620689655,1697.0,True,51.31578947368421,0.95,1110285.9,50062.791231,157.84798,1157011.0,,3992960.0,,,,,,,,2498521.0,2233240.0,4033608.0,,2200103.0,
DOM,5583857000.0,3563024000.0,558362000.0,1386070000.0,76400000.0,322.0,3.0,0.014,3730238000.0,74954000.0,3737896000.0,11303.1147295836,224656333.33333334,0.0695727051538404,0.1299149537087756,0.18732247136619465,2024.0,1.0,2024.0,66.0,2024.0,4000.0,2024.0,3100.0,2024.0,68.0,2024.0,51.0,2024.0,77.0,2023.0,81.0,2024.0,0.19,,,2013.0,14.9,2024.0,87.0,2024.0,89.0,2024.0,30.6,2024.0,6181.0,2024.0,17.62,2024.0,11427557.0,2024.0,7489835.0,2024.0,3037290.0,2024.0,17.4959,,,2024.0,19.3489,2023.0,18.06624,2023.0,15.41134,2023.0,73.0,2011.0,44000.0,2024.0,5800.0,2024.0,470.0,2024.0,330.0,2024.0,1300.0,2021.0,0.0,2021.0,0.0,2021.0,515.87019,0.6,48039.01,201353.55434,2315.56587491,0.22413793103448276,800.0,False,0.0,0.35,3999644.9499999997,759.9325405,515.87019,22021261.0,,,,,,,,,,9879025.0,,,,,
ECU,9275267000.0,5669778000.0,627673000.0,2831433000.0,146382000.0,307.0,4.5,0.016,8925294000.0,76416000.0,10121535000.0,6564.94180180658,337458333.3333333,0.07658756393564836,0.13958543031769988,0.1850209290427039,2024.0,0.4,2024.0,82.0,2024.0,1900.0,2024.0,1100.0,2024.0,85.0,2024.0,66.0,2024.0,78.0,2023.0,72.0,2024.0,0.04,,,,,2024.0,70.0,2024.0,74.0,2024.0,12.9,2024.0,3489.0,2024.0,14.82,2024.0,18135478.0,2024.0,12187069.0,2024.0,4435185.0,2022.0,30.96254,,,2022.0,4.6628,2022.0,30.4366,2023.0,11.87374,2023.0,78.0,2011.0,35000.0,2024.0,12000.0,2024.0,1000.0,2024.0,300.0,2024.0,2000.0,2021.0,0.0,2021.0,0.0,2021.0,388.39033,0.8712156151619851,43570.25926342623,268767.78396,1236.3318062159997,0.16666666666666666,1300.0,False,0.0,0.35,6347417.3,253.896692,388.39033,2869380.0,,,,,,,,,,2974679.0,,,,,
EGY,18667631000.0,6116632000.0,1167893000.0,10961069000.0,422038000.0,56.0,1.7000000000000002,0.023,6345325000.0,263805000.0,10168130000.0,3412.38484210505,636686333.3333334,0.03004106420452013,0.06264359305647005,0.11261068376828706,2024.0,0.1,2024.0,45.0,2024.0,6300.0,2024.0,940.0,2024.0,27.0,2024.0,10.0,2024.0,91.0,2023.0,88.0,2024.0,0.0,,,,,2024.0,97.0,2024.0,97.0,2024.0,22.4,2024.0,53943.0,2024.0,20.915,2024.0,116538258.0,2024.0,73289803.0,2024.0,37286014.0,2015.0,20.98862,,,2015.0,33.25445,2015.0,30.23037,2023.0,6.92673,2023.0,71.0,2011.0,9500.0,2024.0,12000.0,2024.0,530.0,2024.0,32.0,2024.0,210.0,2021.0,0.0,2021.0,0.88301,2021.0,6022.69474,0.6,44913.881799999996,2437397.66607,2803.0073159804997,0.0175,562.0,False,0.0,0.35,40788390.3,0.0,6023.5777499999995,29026279.0,,90488.0,,,,,,,,5573189.0,1694402.0,,,0.0,
SLV,3351734000.0,1912971000.0,195667000.0,1032314000.0,210782000.0,295.0,5.5,0.063,1956038000.0,188226000.0,1963782000.0,5481.14102615234,286931000.0,0.03597585640942924,0.0500877690675976,0.06939684716006288,2024.0,0.4,2024.0,76.0,2024.0,940.0,2024.0,500.0,2024.0,66.0,2024.0,116.0,2024.0,79.0,2023.0,90.0,2024.0,0.0,,,,,2024.0,95.0,2024.0,96.0,2024.0,10.0,2024.0,997.0,2024.0,15.597,2024.0,6338193.0,2024.0,4249458.0,2024.0,1572260.0,2024.0,26.88509,2024.0,105.80473,2024.0,14.32281,2023.0,27.68009,2023.0,18.50918,2023.0,79.0,2011.0,24000.0,2024.0,7300.0,2024.0,140.0,2024.0,59.0,2024.0,250.0,2021.0,0.0,2021.0,0.0,2021.0,127.20625,1.2463478031661477,21685.210571787247,98856.796221,454.7412626166,0.03424657534246575,199.0,False,0.0,0.35,2218367.55,0.0,127.20625,14272664.0,,,,,,,,,,6924291.0,1437231.0,,,0.0,
SWZ,379634000.0,158866000.0,65534000.0,41162000.0,114072000.0,135.0,3.5000000000000004,0.301,169358000.0,88414000.0,178860000.0,3911.42864210531,141022333.33333334,0.06467134891700632,0.09014272312541327,0.14710515801386417,2024.0,23.4,2024.0,94.0,2024.0,4200.0,2024.0,5600.0,2024.0,100.0,2024.0,319.0,2024.0,61.0,2023.0,83.0,2024.0,0.55,2010.0,1.5,2010.0,1.7,2024.0,84.0,2024.0,85.0,2024.0,45.1,2024.0,1323.0,2024.0,23.648,2024.0,1242822.0,2024.0,775344.0,2024.0,414509.0,2021.0,25.08804,2021.0,35.72403,2021.0,7.41242,2021.0,24.61558,2023.0,10.63538,2023.0,72.0,2011.0,190000.0,2024.0,4000.0,2024.0,970.0,2024.0,630.0,2024.0,2200.0,2021.0,0.0,2021.0,0.0,2021.0,191.48207,0.9407360783531876,176278.2133007137,29390.254655999997,7908.917527929598,0.55,1600.0,True,0.0,0.95,1180680.9,649.374495,191.48207,62583783.0,,619726.0,,,47000000.0,47000000.0,44179999.0,32900001.0,21620000.0,19794871.0,6356485.0,1723713.0,,0.0,
ETH,4858206000.0,996678000.0,238126000.0,2125888000.0,1497514000.0,9.0,0.7000000000000001,0.309,995082000.0,1200085000.0,1136635000.0,1391.34432765635,1991464666.6666667,0.04437279922213766,0.10485808202944047,0.18690802122864816,2024.0,0.7,2024.0,88.0,2024.0,8000.0,2024.0,28000.0,2024.0,92.0,2024.0,141.0,2024.0,81.0,2023.0,96.0,2024.0,138.5,2015.0,45.3,2016.0,7.7,2024.0,73.0,2024.0,72.0,2024.0,44.5,2024.0,181228.0,2024.0,31.469,2024.0,132059767.0,2024.0,76211823.0,2024.0,51582434.0,2024.0,4.07208,2019.0,31.44884,2024.0,12.62178,2023.0,6.12162,2023.0,5.6767,2023.0,33.0,2011.0,790000.0,2024.0,186000.0,2024.0,21000.0,2024.0,2800.0,2024.0,12000.0,2021.0,2433.0,2021.0,780.62744,2021.0,19223.35058,1.117179728018469,623996.1258365219,4155788.8077230006,33454.09990217015,0.06451612903225806,23800.0,True,3201.315789473684,0.95,125456778.64999999,17375763.843025,20003.97802,266100350.0,,151811285.0,,,204000000.0,247000000.0,244000000.0,185000000.0,136000000.0,206342277.0,50833658.0,103810165.0,,131656600.0,
FJI,211168000.0,148540000.0,8368000.0,16821000.0,37438000.0,160.0,3.0,0.177,164996000.0,40369000.0,177462000.0,5520.86956188142,62425000.0,0.01085291367407426,0.06712187190083507,0.13470636082854792,2024.0,1.0,2024.0,24.0,2024.0,1300.0,2024.0,200.0,2024.0,57.0,2024.0,104.0,2024.0,59.0,2023.0,60.0,,,,,,,2024.0,94.0,2024.0,91.0,2024.0,29.1,2024.0,485.0,2024.0,17.864,2024.0,928784.0,2024.0,616896.0,2024.0,251638.0,2024.0,26.61555,,,2024.0,13.86011,2023.0,27.75961,2023.0,9.32211,2023.0,69.0,2011.0,350.0,2024.0,960.0,2024.0,140.0,2024.0,100.0,2024.0,270.0,2021.0,0.0,2021.0,0.0,2021.0,63.94375,0.6,3901.3759999999997,16591.797376000002,190.805669824,0.28125,240.0,False,0.0,0.35,325074.39999999997,,63.94375,960000.0,,73852.0,,,,,,,,,,,,0.0,
GMB,153475000.0,30798000.0,2607000.0,22408000.0,97663000.0,12.0,1.5,0.637,40189000.0,73091000.0,55478000.0,859.75701283102,116759666.66666667,0.0683636363636364,0.131829281136157,0.2680817305741376,2024.0,1.3,2024.0,44.0,2024.0,1100.0,2024.0,1600.0,2024.0,77.0,2024.0,138.0,2024.0,73.0,2023.0,87.0,2024.0,75.44,2020.0,44.0,2020.0,3.5,2024.0,80.0,2024.0,83.0,2024.0,42.4,2024.0,3451.0,2024.0,29.857,2024.0,2759988.0,2024.0,1564189.0,2024.0,1110840.0,,,,,,,,,2023.0,5.45873,2023.0,53.0,2011.0,14000.0,2024.0,3800.0,2024.0,590.0,2024.0,130.0,2024.0,460.0,2021.0,174.11974,2021.0,8.62979,2021.0,390.99066,0.6,13800.674200000001,82404.96171599999,1231.9541776541998,0.12105263157894737,720.0,True,229.1049210526316,0.95,2621988.6,197802.819984,399.62045,8945194.0,,7911888.0,,,,,,,,15448649.0,3010746.0,17103906.0,,4732040.0,
GEO,2124154000.0,706712000.0,144429000.0,1247345000.0,25667000.0,198.0,2.4,0.012,861164000.0,67614000.0,990986000.0,9042.78987590659,51805333.333333336,0.14312300947664314,0.17308183657730214,0.22725534845988493,2024.0,0.4,2024.0,72.0,2024.0,560.0,,,,,2024.0,45.0,2024.0,70.0,2023.0,85.0,2024.0,0.0,,,,,2024.0,86.0,2024.0,90.0,2024.0,8.6,2024.0,377.0,2024.0,11.289,2024.0,3699557.0,2024.0,2351570.0,2024.0,769462.0,2024.0,28.70807,2024.0,40.09932,2024.0,5.5086,2023.0,25.24172,2023.0,7.77991,2023.0,71.0,2011.0,4900.0,2024.0,1700.0,2024.0,73.0,2024.0,15.0,2024.0,49.0,2021.0,0.0,2021.0,0.64652,2021.0,16.13856,1.6,15050.048000000003,41764.298973000004,192.1157752758,0.028823529411764706,88.0,False,0.0,0.35,1294844.95,0.0,16.785079999999997,2485698.0,,,,,,,,,,6472610.0,1753268.0,,,,
GHA,2656823000.0,1506070000.0,40724000.0,624663000.0,485365000.0,42.0,2.0,0.183,1617130000.0,321825000.0,2153626000.0,2247.06584696413,721749000.0,0.10797893691278815,0.19809794886510967,0.2586462739603235,2024.0,1.5,2024.0,47.0,2024.0,15000.0,2024.0,18000.0,2024.0,99.0,2024.0,126.0,2024.0,46.0,2023.0,90.0,2024.0,195.77,2019.0,54.1,2019.0,45.9,2024.0,95.0,2024.0,90.0,2024.0,35.9,2024.0,31720.0,2024.0,25.92,2024.0,34427414.0,2024.0,20819475.0,2024.0,12331256.0,2023.0,15.02226,,,2023.0,21.57743,2022.0,22.67899,2023.0,10.05149,2023.0,56.0,2011.0,230000.0,2024.0,43000.0,2024.0,12000.0,2024.0,2400.0,2024.0,5200.0,2021.0,2563.22614,2021.0,40.3767,2021.0,2414.84042,0.675563343521342,228973.11212038487,892358.57088,15393.185347679999,0.12093023255813953,14400.0,True,3372.6659736842107,0.95,32706043.299999997,6402862.096840999,2455.21712,89659670.0,,46357266.0,,,,,,,,81729678.0,14624334.0,102799413.0,,40822512.0,
GTM,7088797000.0,2545387000.0,305808000.0,4061081000.0,176521000.0,157.0,2.7,0.025,3247301000.0,141961000.0,3251949000.0,5832.59785388924,231299333.33333334,0.04592188913179207,0.06545135970980509,0.09274374008445442,2024.0,0.2,2024.0,78.0,2024.0,1400.0,2024.0,890.0,2023.0,82.0,2024.0,28.0,2024.0,89.0,2023.0,85.0,2024.0,0.21,,,2015.0,0.4,2024.0,81.0,2024.0,90.0,2024.0,20.5,2024.0,7745.0,2024.0,20.619,2024.0,18406359.0,2024.0,11701574.0,2024.0,5812199.0,2024.0,12.77883,2013.0,25.20996,2024.0,12.47801,2023.0,13.5008,2023.0,17.75436,2023.0,58.0,2011.0,65000.0,2024.0,5200.0,2024.0,480.0,2024.0,82.0,2024.0,490.0,2021.0,0.0,2021.0,0.0,2021.0,1501.37869,1.6,38335.0368,379520.71622099995,872.8976473083,0.09423076923076923,562.0,False,0.0,0.35,6442225.649999999,1352.8673864999998,1501.37869,40669121.0,,,,,,,,,,14841293.0,,,,,
GIN,919949000.0,193086000.0,50495000.0,446720000.0,229649000.0,14.0,0.8,0.25,172807000.0,175512000.0,186256000.0,2154.23591697773,352148000.0,0.13832103873479062,0.19083098206013793,0.2607134481327695,2024.0,1.3,2024.0,74.0,2024.0,4700.0,2024.0,11000.0,2024.0,80.0,2024.0,178.0,2024.0,70.0,2023.0,90.0,2024.0,286.08,2021.0,38.2,2021.0,31.4,2024.0,63.0,2024.0,60.0,2024.0,92.1,2024.0,44394.0,2024.0,33.325,2024.0,14754785.0,2024.0,8210112.0,2024.0,6034878.0,,,,,,,,,2023.0,5.1174,2023.0,43.0,2011.0,85000.0,2024.0,26000.0,2024.0,4600.0,2024.0,1300.0,2024.0,4500.0,2021.0,8292.30028,2021.0,800.45905,2021.0,8887.81683,0.7622669879509092,92357.865484735,491703.210125,7350.9629913687495,0.17307692307692307,5900.0,True,10910.921421052632,0.95,14017045.75,4009996.44816,9688.27588,38238878.0,,26395108.0,,,,,,,,46090479.0,11272771.0,72726828.0,,49343296.0,
GUY,412226000.0,292721000.0,9601000.0,109904000.0,0.0,376.0,1.7999999999999998,0.0,638645000.0,0.0,763131000.0,30156.7137669772,17783000.0,0.05064759662003038,0.10293838048809123,0.17096084499877712,2024.0,1.6,2024.0,69.0,2024.0,560.0,2024.0,500.0,2024.0,84.0,2024.0,67.0,2024.0,77.0,2023.0,77.0,2024.0,38.74,2020.0,11.2,2014.0,7.4,2024.0,98.0,2024.0,99.0,2024.0,25.2,2024.0,419.0,2024.0,19.883,2024.0,831087.0,2024.0,532764.0,2024.0,242350.0,,,,,,,,,2023.0,7.3121,2023.0,73.0,2011.0,6200.0,2024.0,550.0,2024.0,160.0,2024.0,23.0,2024.0,93.0,2021.0,6.0,2021.0,0.0,2021.0,29.04921,0.8570815081506948,7805.954761734349,16524.502821,304.05085190639994,0.1690909090909091,183.0,False,15.0,0.35,290880.44999999995,11268.708632999998,29.04921,667493.0,,101740.0,,,,,,,,,,,,0.0,
HTI,884716000.0,60209000.0,42743000.0,337546000.0,444219000.0,5.0,0.3,0.504,53056000.0,367985000.0,55757000.0,1565.95640299824,511463333.3333333,-0.01698064846853775,0.03912970360661738,0.07338838377560522,2024.0,1.6,2024.0,87.0,2024.0,5800.0,2024.0,6800.0,2024.0,60.0,2024.0,175.0,2024.0,54.0,2023.0,82.0,2024.0,8.7,2017.0,18.2,2017.0,1.1,2024.0,60.0,2024.0,77.0,2024.0,52.8,2024.0,13583.0,2024.0,21.944,2024.0,11772557.0,2024.0,7546932.0,2024.0,3671700.0,,,,,,,,,2023.0,4.56377,2023.0,44.0,2011.0,120000.0,2024.0,21000.0,2024.0,2100.0,2024.0,1200.0,2024.0,3000.0,2021.0,13.0,2021.0,0.0,2021.0,3222.63014,1.0141556025081686,129260.21391277085,258336.99080799997,4753.4006308672,0.14285714285714285,3300.0,False,32.5,0.35,4120394.9499999997,35847.436064999994,3222.63014,128370820.0,,16171872.0,,,,,,,,63085954.0,23012696.0,15600191.0,,16290853.0,
HND,2559492000.0,845512000.0,135532000.0,1417849000.0,160599000.0,81.0,2.5,0.063,774939000.0,131402000.0,779635000.0,3286.41175775498,203686666.66666666,0.04959648647983661,0.09327784359634606,0.11230585454236573,2024.0,0.2,2024.0,74.0,2024.0,500.0,2024.0,630.0,2024.0,42.0,2024.0,38.0,2024.0,65.0,2023.0,84.0,2024.0,0.23,,,2012.0,0.2,2024.0,75.0,2024.0,79.0,2024.0,15.0,2024.0,3489.0,2024.0,21.649,2024.0,10825703.0,2024.0,7032493.0,2024.0,3314961.0,2020.0,22.20991,,,2020.0,10.62966,2020.0,24.39245,2023.0,9.42859,2023.0,64.0,2011.0,33000.0,2024.0,4100.0,2024.0,580.0,2024.0,90.0,2024.0,270.0,2021.0,0.0,2021.0,0.0,2021.0,474.80835,1.5258984342313162,22091.740114885386,234365.64424700002,539.0409817681,0.06585365853658537,670.0,False,0.0,0.35,3788996.05,871.4690915,474.80835,24698220.0,,4416721.0,,,,,,,,8052663.0,1769202.0,1610534.0,,711074.0,
IND,119945321000.0,47511811000.0,18380957000.0,52619235000.0,1433318000.0,33.0,1.3,0.012,56080143000.0,1304853000.0,70561406000.0,2683.11816628243,2226846333.3333335,0.07970096376181135,0.10272944950947649,0.11749824681953043,2024.0,0.2,2024.0,72.0,2024.0,64000.0,,,,,2024.0,187.0,2024.0,92.0,2023.0,90.0,2024.0,1.48,2021.0,4.4,2021.0,25.2,2024.0,94.0,2024.0,97.0,2024.0,26.6,2024.0,615030.0,2024.0,15.981,2024.0,1450935791.0,2024.0,989967399.0,2024.0,357277018.0,2022.0,9.11012,2018.0,46.5225,2022.0,33.9762,2022.0,13.33352,2023.0,4.58671,2023.0,69.0,2009.0,2395000.0,2024.0,2710000.0,2024.0,305000.0,2024.0,5300.0,2024.0,37000.0,2021.0,823.0,2021.0,5695.2096,2021.0,50896.24822,1.0,1979934.798,23187404.875970997,53331.031214733295,0.013653136531365314,310300.0,False,2057.5,0.35,507827526.84999996,751584.739738,56591.45782,103912578.0,,72455828.0,,,,,,,,100000000.0,200000000.0,,,56067136.0,
IDN,38552661000.0,19870511000.0,5401252000.0,11767402000.0,1513496000.0,70.0,1.4000000000000001,0.039,25191017000.0,831278000.0,29065174000.0,5091.4675575264,1709813000.0,0.10369855121225724,0.14989153455606796,0.19676729343703286,2024.0,0.4,2024.0,41.0,2024.0,25000.0,,,,,2024.0,382.0,2024.0,77.0,2023.0,86.0,2024.0,2.23,2007.0,3.7,2017.0,0.2,2024.0,78.0,2024.0,85.0,2024.0,17.7,2024.0,79142.0,2024.0,15.762,2024.0,283487931.0,2024.0,193093840.0,2024.0,69731786.0,,,,,,,,,2023.0,8.52073,2023.0,67.0,2011.0,380000.0,2024.0,1080000.0,2024.0,126000.0,2024.0,8100.0,2024.0,33000.0,2021.0,322.0,2021.0,750.42812,2021.0,2296.06845,0.7652962418251056,591095.960286313,4468336.768422,20554.3491347412,0.030555555555555555,134100.0,False,805.0,0.35,99220775.85,221262.33014549996,3046.4965700000002,58444530.0,,22938112.0,,,,,,,,63782332.0,115514400.0,14239093.0,,0.0,
IRQ,15093833000.0,6902603000.0,1275000.0,8087661000.0,102294000.0,162.0,2.7,0.007,6372650000.0,74044000.0,7367693000.0,5873.51518779882,185727666.66666666,0.048165185475903316,0.13927994410918543,0.2985279373336175,2024.0,0.1,2024.0,66.0,2024.0,740.0,,,,,2024.0,21.0,2024.0,66.0,2023.0,94.0,2024.0,0.0,,,,,2024.0,90.0,2024.0,91.0,2024.0,21.8,2024.0,25396.0,2024.0,25.58,2024.0,46042015.0,2024.0,27627172.0,2024.0,16842790.0,2019.0,38.60383,2018.0,27.43825,2019.0,0.00583,2019.0,27.61214,2023.0,6.18478,2023.0,64.0,,,2024.0,9800.0,2024.0,670.0,2024.0,0.0,2024.0,0.0,2021.0,0.0,2021.0,6.93941,2021.0,3788.2599,1.0,27627.172000000002,1177754.7437,1354.417955255,0.0,670.0,False,0.0,0.35,16114705.249999998,0.0,3795.19931,695657.0,,,,,,,,,,,,,,,
JAM,1481289000.0,945449000.0,189643000.0,297696000.0,48500000.0,333.0,4.3999999999999995,0.033,1065212000.0,45229000.0,1170606000.0,7549.61373684812,72838000.0,0.032102670836411384,0.08008844389166114,0.10891873449344473,2024.0,1.1,2024.0,54.0,2024.0,1100.0,2024.0,500.0,,,2024.0,2.3,2024.0,74.0,2023.0,38.0,,,,,,,2024.0,99.0,2024.0,94.0,2024.0,17.8,2024.0,583.0,2024.0,11.45,2024.0,2839175.0,2024.0,2075097.0,2024.0,530994.0,2020.0,26.93733,2020.0,97.8664,2020.0,22.42572,2020.0,27.46756,2023.0,15.85596,2023.0,74.0,2011.0,30000.0,2024.0,64.0,2024.0,10.0,2024.0,3.0,2024.0,10.0,2021.0,0.0,2021.0,0.0,2021.0,4.83155,1.0417245996740065,24278.475507707055,32508.55375,411.2332049374999,0.15625,13.0,False,0.0,0.35,993711.2499999999,,4.83155,14203611.0,,,,,,,,,,,,,,,
JOR,3725759000.0,1759895000.0,501689000.0,1344057000.0,120119000.0,139.0,3.0,0.032,1892212000.0,121099000.0,2156253000.0,4710.10025422234,213626333.33333334,0.029903746176905166,0.07387079356387316,0.1671578541206948,2024.0,0.1,2024.0,64.0,2024.0,100.0,,,,,2024.0,3.5,2024.0,67.0,2023.0,84.0,,,,,,,2024.0,96.0,2024.0,99.0,2024.0,12.9,2024.0,3048.0,2024.0,20.452,2024.0,11552876.0,2024.0,7487234.0,2024.0,3543086.0,2023.0,23.24633,2023.0,102.84728,2023.0,18.62245,2023.0,28.437,2023.0,10.50131,2023.0,74.0,,,2024.0,400.0,2024.0,11.0,2024.0,1.0,2024.0,2.0,2021.0,0.0,2021.0,0.0,2021.0,340.60294,1.0,7487.234,236279.41995200003,271.7213329448,0.005,12.0,False,0.0,0.35,4043506.5999999996,,340.60294,152075586.0,,4445352.0,,,,,,,,,,,,0.0,
KAZ,9943682000.0,6539463000.0,648997000.0,2735696000.0,19526000.0,338.0,2.6,0.002,6746734000.0,12856000.0,7604263000.0,13587.4465644428,32307333.333333332,0.0624895563102863,0.13893750068740374,0.15337920082352294,2024.0,0.3,2024.0,74.0,2024.0,2300.0,2024.0,500.0,,,2024.0,45.0,2024.0,99.0,2023.0,90.0,2024.0,0.0,,,,,2024.0,98.0,2024.0,93.0,2024.0,9.4,2024.0,3876.0,2024.0,19.521,2024.0,20592571.0,2024.0,12761934.0,2024.0,6048714.0,2023.0,16.53665,2023.0,20.88585,2023.0,8.95778,2023.0,17.44578,2023.0,10.70055,2023.0,83.0,2011.0,19000.0,2024.0,9200.0,2024.0,390.0,2024.0,51.0,2024.0,530.0,2021.0,0.0,2021.0,0.0,2021.0,283.42865,0.7983415210088965,31065.145401725455,401987.578491,1386.8571457939497,0.057608695652173914,441.0,False,0.0,0.35,7207399.85,0.0,283.42865,7350668.0,,,,,,,,,,4961388.0,2914633.0,,,,
KEN,4746427000.0,2138367000.0,532363000.0,1137878000.0,937819000.0,41.0,2.0,0.198,2773500000.0,800861000.0,2992860000.0,2068.05317886707,1368094666.6666667,0.0824287367100156,0.1021617170997069,0.11706582622918678,2024.0,3.0,2024.0,87.0,2024.0,20000.0,2024.0,62000.0,2024.0,90.0,2024.0,207.0,2024.0,81.0,2023.0,89.0,2024.0,74.17,2020.0,42.0,2020.0,20.2,2024.0,91.0,2024.0,88.0,2024.0,38.8,2024.0,58200.0,2024.0,26.968,2024.0,56432944.0,2024.0,33971376.0,2024.0,20787672.0,2023.0,18.63883,,,2023.0,24.27728,2023.0,27.84464,2023.0,8.65116,2023.0,57.0,2011.0,1600000.0,2024.0,117000.0,2024.0,24000.0,2024.0,8000.0,2024.0,25000.0,2021.0,2254.26665,2021.0,3.62596,2021.0,4732.3719,1.1348243567374383,1218546.3475005694,1521883.633792,52504.985365823995,0.21367521367521367,32000.0,True,2966.1403289473683,0.95,53611296.8,3976349.883656,4735.99786,406525908.0,,71835132.0,,,414294000.0,388294000.0,341194000.0,326194000.0,161494000.0,206873130.0,49550555.0,67949675.0,,44117328.0,
KSV,,,,,,,,,,,,,32633666.666666668,,,,,,,,,,,,,,,,,,,,,,,,,,,,,,,,,,,,,,,,,,,,,,,,,,,,,,,,,,,,,,,,,,,,,,1.0,,,,,0.0,False,,0.35,,,0.0,,,,,,,,,,,,,,,,
KGZ,716726000.0,359378000.0,349000.0,292474000.0,64524000.0,50.0,2.3,0.09,510735000.0,52873000.0,615095000.0,2377.96545841244,105952000.0,0.006880495710883006,0.09320829649159068,0.1552291958380695,2024.0,0.3,2024.0,53.0,2024.0,920.0,2024.0,500.0,2024.0,90.0,2024.0,128.0,2024.0,43.0,2023.0,86.0,2024.0,0.0,,,,,2024.0,85.0,2024.0,96.0,2024.0,16.8,2024.0,2532.0,2024.0,19.4,2024.0,7221868.0,2024.0,4475861.0,2024.0,2335665.0,2024.0,31.61253,2024.0,40.23185,2024.0,2.63279,2023.0,23.705,2023.0,7.30126,2023.0,74.0,2011.0,12000.0,2024.0,9200.0,2024.0,360.0,2024.0,160.0,2024.0,330.0,2021.0,0.0,2021.0,0.8542,2021.0,346.32156,1.6,21984.132800000003,140104.23919999998,483.35962523999996,0.035869565217391305,520.0,False,0.0,0.35,2527653.8,0.0,347.17575999999997,13593925.0,,4862162.0,,,,,,,,10037509.0,11785523.0,,,6519658.0,
LAO,297035000.0,82338000.0,143000.0,88736000.0,125818000.0,11.0,0.5,0.424,123157000.0,109465000.0,161354000.0,2080.00306135973,190583000.0,0.0007891144855827203,0.14667842027193523,0.2255077210917774,2024.0,0.4,2024.0,64.0,2024.0,1300.0,2024.0,760.0,2024.0,68.0,2024.0,127.0,2024.0,91.0,2023.0,90.0,2024.0,0.13,2017.0,49.8,2012.0,1.9,2024.0,67.0,2024.0,69.0,2024.0,29.4,2024.0,4762.0,2024.0,20.933,2024.0,7769819.0,2024.0,5060934.0,2024.0,2346362.0,2022.0,13.91399,,,2022.0,11.84994,2022.0,10.31602,2023.0,3.20511,2023.0,64.0,2011.0,10000.0,2024.0,9900.0,2024.0,700.0,2024.0,64.0,2024.0,410.0,2021.0,1.0,2021.0,1.9726,2021.0,776.90143,0.8118382458539087,17194.639123769623,162645.621127,748.1698571841999,0.04141414141414142,764.0,False,2.5,0.35,2719436.65,353.5267645,778.87403,27596999.0,,6843874.0,,,,,,,,5262419.0,6332299.0,,,4923041.0,
LSO,310362000.0,129954000.0,9000.0,37110000.0,143289000.0,69.0,7.1,0.462,134136000.0,104649000.0,163493000.0,993.057043536316,173968333.33333334,0.05647366182635638,0.11810045467824049,0.21401962206102748,2024.0,17.1,2024.0,94.0,2024.0,3200.0,2024.0,6100.0,2024.0,94.0,2024.0,548.0,2024.0,51.0,2023.0,82.0,,,,,,,2024.0,86.0,2024.0,90.0,2024.0,60.0,2024.0,3308.0,2024.0,23.762,2024.0,2337423.0,2024.0,1440421.0,2024.0,806862.0,2024.0,44.23787,2020.0,2.99272,2024.0,3.49269,2022.0,40.23461,2023.0,11.83322,2023.0,55.0,2011.0,320000.0,2024.0,13000.0,2024.0,4400.0,2024.0,3000.0,2024.0,7500.0,2021.0,0.0,2021.0,3.89368,2021.0,357.3472,1.0011846937849231,252703.79528488975,55541.845326,10922.303883357901,0.5769230769230769,7400.0,True,0.0,0.95,2220551.85,,361.24088,87734264.0,,5626474.0,,,58000000.0,55000000.0,53000000.0,40000000.0,26000000.0,50690117.0,7571690.0,,,3034338.0,
LBR,643036000.0,58994000.0,51005000.0,372305000.0,160733000.0,11.0,1.4000000000000001,0.251,71262000.0,133118000.0,83227000.0,795.856165041481,207712666.66666666,0.16827552356020936,0.2445863035071043,0.34285636577687245,2024.0,0.9,2024.0,86.0,,,2024.0,3700.0,2024.0,88.0,2024.0,207.0,2024.0,69.0,2022.0,78.0,2024.0,172.34,2020.0,44.3,2020.0,52.1,2024.0,83.0,2024.0,82.0,2024.0,86.4,2024.0,14534.0,2024.0,30.577,2024.0,5612817.0,2024.0,3208590.0,2024.0,2218724.0,,,,,,,,,2023.0,4.79117,2023.0,49.0,2011.0,25000.0,2024.0,12000.0,2024.0,2000.0,2024.0,380.0,2024.0,1200.0,2021.0,2896.64984,2021.0,1523.57217,2021.0,1287.29414,0.6,21026.386000000002,171623.105409,1776.2991409831502,0.1,2380.0,True,3811.3813684210527,0.95,5332176.149999999,918947.2376909999,2810.86631,57140755.0,,14023510.0,,,36699480.0,33785480.0,30589480.0,12635480.0,10708480.0,28883607.0,6575746.0,38795300.0,,19302802.0,
LBY,3456287000.0,2760499000.0,189000.0,656723000.0,38876000.0,398.0,7.7,0.011,2121231000.0,30029000.0,2431510000.0,5444.35984021428,64222333.333333336,0.017620932155652413,0.14641167708531033,0.3234611854829596,2024.0,0.1,2023.0,50.0,2024.0,500.0,2024.0,200.0,2023.0,70.0,2024.0,63.0,2024.0,58.0,2023.0,57.0,,,,,,,2024.0,86.0,2024.0,89.0,2024.0,9.8,2024.0,1209.0,2024.0,16.495,2024.0,7381023.0,2024.0,4987238.0,2024.0,2023318.0,,,,,,,,,2023.0,9.57147,2023.0,71.0,,,2024.0,4700.0,2024.0,930.0,2024.0,21.0,2024.0,56.0,2021.0,0.0,2021.0,0.0,2021.0,49.74949,1.0,5187.238,121749.97438500002,140.01247054275004,0.011914893617021277,951.0,False,0.0,0.35,2583358.05,,49.74949,1200000.0,,,,,,,,,,,,,,,
MDG,671824000.0,147923000.0,32224000.0,149075000.0,342603000.0,5.0,1.0,0.511,139386000.0,239040000.0,146878000.0,525.296912860321,396568666.6666667,0.029625247562951706,0.06492480956603253,0.1805546210116839,2024.0,0.5,2024.0,29.0,2024.0,16000.0,2024.0,4800.0,2024.0,30.0,2024.0,224.0,2024.0,71.0,2023.0,82.0,2024.0,255.45,2021.0,55.6,2021.0,15.3,2024.0,60.0,2024.0,46.0,2024.0,62.4,2024.0,61923.0,2024.0,31.714,2024.0,31964956.0,2024.0,18328064.0,2024.0,12548437.0,2024.0,12.34306,,,2024.0,4.81915,2023.0,11.15142,2023.0,5.51342,2023.0,33.0,2011.0,34000.0,2024.0,72000.0,2024.0,11000.0,2024.0,780.0,2024.0,2700.0,2021.0,6768.0,2021.0,58.3839,2021.0,8283.46821,1.3101371309515122,124861.3859242785,1013736.614584,5828.985533858,0.0375,11780.0,True,8905.263157894737,0.95,30366708.2,7757175.60969,8341.852110000002,79695135.0,,45078456.0,,,37287000.0,32187000.0,23907000.0,22487000.0,18437000.0,28372223.0,23224574.0,64547211.0,,46104860.0,
MWI,1071319000.0,115415000.0,85727000.0,109865000.0,760312000.0,6.0,0.8999999999999999,0.71,129679000.0,589625000.0,147326000.0,626.663968095307,896612666.6666666,0.05657250941833025,0.10337171814823809,0.1671175704003244,2024.0,6.2,2024.0,90.0,2024.0,12000.0,2024.0,53000.0,2024.0,96.0,2024.0,113.0,2024.0,74.0,2023.0,91.0,2024.0,294.53,2020.0,67.9,2017.0,29.4,2024.0,91.0,2024.0,89.0,2024.0,48.8,2024.0,32177.0,2024.0,31.143,2024.0,21655286.0,2024.0,12280351.0,2024.0,8814904.0,2022.0,14.13618,2022.0,55.59921,2022.0,29.92382,2022.0,20.17385,2023.0,3.28711,2023.0,52.0,2011.0,910000.0,2024.0,24000.0,2024.0,4700.0,2024.0,2900.0,2024.0,11000.0,2021.0,2676.90577,2021.0,9.60076,2021.0,2555.93071,0.9669815053071757,789242.0823321898,674410.571898,48085.473776327395,0.4583333333333333,7600.0,True,3522.244434210526,0.95,20572521.7,6059224.816300999,2565.53147,239128572.0,,46812920.0,,,179437540.0,165901540.0,156238340.0,136197540.0,107057540.0,339613725.0,16092489.0,82210122.0,,80946150.0,
MLI,1217148000.0,284829000.0,83175000.0,381368000.0,467776000.0,11.0,1.0,0.385,308999000.0,310952000.0,378248000.0,1095.86844712859,502700333.3333333,0.03402108918374824,0.14547996291026988,0.18333577215059127,2024.0,0.8,2024.0,68.0,2024.0,4000.0,2024.0,9200.0,2024.0,46.0,2024.0,51.0,2024.0,70.0,2023.0,84.0,2024.0,346.22,2018.0,79.1,2018.0,18.7,2024.0,82.0,2024.0,72.0,2024.0,73.0,2024.0,68264.0,2024.0,39.532,2024.0,24478595.0,2024.0,12600039.0,2024.0,11294982.0,2020.0,12.66241,,,2020.0,7.559,2020.0,12.23601,2023.0,5.43136,2023.0,41.0,2011.0,110000.0,2024.0,12000.0,2024.0,2000.0,2024.0,220.0,2024.0,720.0,2021.0,11909.22795,2021.0,337.72078,2021.0,14636.1822,0.9175235462756932,101686.65973193632,967687.81754,8902.727921368,0.06,2220.0,True,15670.03677631579,0.95,23254665.25,8051230.202855,14973.902979999999,98824527.0,,36597366.0,,,,,,,,57848101.0,7538152.0,88477731.0,,64655944.0,
MUS,785687000.0,345907000.0,66495000.0,355010000.0,18274000.0,278.0,2.5,0.023,384345000.0,57114000.0,448839000.0,11791.3593880397,23217333.333333332,0.07294150935769439,0.09460023602883472,0.14375033579316893,,,,,,,,,,,2024.0,13.0,2024.0,65.0,2023.0,65.0,,,,,,,2024.0,93.0,2024.0,98.0,2024.0,15.4,2024.0,181.0,2024.0,10.3,2024.0,1245779.0,2024.0,892766.0,2024.0,184511.0,2024.0,24.70757,2019.0,57.13494,2024.0,10.41076,2023.0,29.1424,2023.0,8.24311,2023.0,75.0,2011.0,7400.0,2024.0,160.0,2024.0,21.0,2024.0,5.0,2024.0,15.0,2021.0,0.0,2021.0,0.0,2021.0,14.19198,1.0,,12831.5237,,0.09375,26.0,True,0.0,0.95,1183490.05,,14.19198,,,,,,,,,,,,,,,,
MEX,98706437000.0,47891267000.0,9987389000.0,40761851000.0,65931000.0,368.0,2.7,0.001,46114492000.0,53560000.0,53492149000.0,13859.6321696346,106035000.0,0.027030017606952228,0.050571087340544385,0.09780849103285408,2024.0,0.5,2024.0,65.0,2024.0,22000.0,2024.0,2600.0,,,2024.0,28.0,2024.0,75.0,2023.0,69.0,2024.0,0.1,,,,,2024.0,78.0,2024.0,80.0,2024.0,13.1,2024.0,26500.0,2024.0,15.464,2024.0,130861007.0,2024.0,87993476.0,2024.0,32073369.0,2024.0,19.16276,2024.0,49.57021,2024.0,20.00011,2023.0,22.41062,2023.0,9.36071,2023.0,79.0,2011.0,180000.0,2024.0,37000.0,2024.0,3900.0,2024.0,1200.0,2024.0,4400.0,2021.0,0.0,2021.0,0.0,2021.0,1594.35135,0.7980465149894432,353714.4343180361,2023634.612248,11635.899020425999,0.11891891891891893,5100.0,False,0.0,0.35,45801352.449999996,4580.1352449999995,1594.35135,62000.0,,,,,,,,,,,,,,,
MDA,1160011000.0,783248000.0,9851000.0,305635000.0,61276000.0,224.0,3.5999999999999996,0.053,705436000.0,45442000.0,698080000.0,6471.80792688137,76550666.66666667,0.050861420105482225,0.11165732820621754,0.1825098502937568,2024.0,0.9,2024.0,53.0,2024.0,700.0,2024.0,500.0,2024.0,79.0,2024.0,64.0,2024.0,99.0,2023.0,85.0,,,,,,,2024.0,86.0,2024.0,84.0,2024.0,16.5,2024.0,538.0,2024.0,10.59,2024.0,2402306.0,2024.0,1537470.0,2024.0,475386.0,2023.0,29.40188,2023.0,34.2618,2023.0,5.61592,2023.0,34.47254,2023.0,12.06812,2023.0,71.0,2011.0,15000.0,2024.0,2000.0,2024.0,210.0,2024.0,23.0,2024.0,240.0,2021.0,0.0,2021.0,0.0,2021.0,41.51106,0.8787981048021891,12660.131499711997,25440.420540000003,263.308352589,0.12,233.0,False,0.0,0.35,840807.1,,41.51106,2700454.0,,225862.0,,,,,,,,6350364.0,5199513.0,,,0.0,
MNG,1221240000.0,553322000.0,31816000.0,601800000.0,34303000.0,161.0,2.8000000000000003,0.028,688236000.0,55255000.0,838378000.0,6046.95809600005,147363333.33333334,0.03471089012496864,0.10013773205073961,0.18861195307597625,2024.0,0.1,2024.0,41.0,2024.0,100.0,,,,,2024.0,446.0,2024.0,18.0,2023.0,82.0,,,,,,,2024.0,96.0,2024.0,96.0,2024.0,13.4,2024.0,872.0,2024.0,16.9,2024.0,3524788.0,2024.0,2208951.0,2024.0,1134746.0,2024.0,31.6089,2024.0,43.34472,2024.0,4.25984,2021.0,31.69665,2023.0,8.56093,2023.0,70.0,2011.0,600.0,2024.0,16000.0,2024.0,380.0,2024.0,7.0,2024.0,11.0,2021.0,0.0,2021.0,0.0,2021.0,71.48837,0.6,1325.3706,59568.917199999996,68.50425477999998,0.0006875,387.0,False,0.0,0.35,1233675.7999999998,,71.48837,60453189.0,,1442453.0,,,,,,,,1841715.0,6911164.0,,,0.0,
MAR,8917623000.0,4959206000.0,504680000.0,3275990000.0,177748000.0,131.0,3.3000000000000003,0.02,6319796000.0,445350000.0,7203811000.0,4019.73615541623,341346666.6666667,0.08931692227653998,0.12884893210865278,0.19706239628393363,2024.0,0.1,2024.0,76.0,2024.0,990.0,2024.0,900.0,2024.0,72.0,2024.0,98.0,2024.0,89.0,2023.0,87.0,2024.0,0.0,,,,,2024.0,96.0,2024.0,98.0,2024.0,15.7,2024.0,9859.0,2024.0,16.402,2024.0,38081173.0,2024.0,25220566.0,2024.0,9761312.0,2023.0,26.15223,2011.0,51.22632,2023.0,8.01286,2023.0,26.61114,2023.0,10.60524,2023.0,65.0,2011.0,32000.0,2024.0,37000.0,2024.0,2800.0,2024.0,89.0,2024.0,530.0,2021.0,0.0,2021.0,11.20186,2021.0,1416.25641,1.4322460306687304,37022.055544718736,624607.399546,718.2985094778999,0.014324324324324324,2889.0,False,0.0,0.35,13328410.549999999,0.0,1427.4582699999999,2431804.0,,13332.0,,,,,,,,10375970.0,3693127.0,,,0.0,
MOZ,1939561000.0,477273000.0,101122000.0,194713000.0,1166454000.0,15.0,2.3,0.603,460769000.0,1006413000.0,475958000.0,615.797234569827,1480310000.0,0.060347384726937126,0.1219280757756952,0.20273554206678107,2024.0,11.5,2024.0,82.0,2024.0,92000.0,2024.0,180000.0,2024.0,82.0,2024.0,361.0,2024.0,85.0,2023.0,95.0,2024.0,295.1,2018.0,72.7,2018.0,32.7,2024.0,70.0,2024.0,65.0,2024.0,59.4,2024.0,74215.0,2024.0,37.028,2024.0,34631766.0,2024.0,18274202.0,2024.0,15403894.0,2024.0,24.52282,2024.0,71.79325,2024.0,15.10605,2022.0,26.00404,2023.0,6.76256,2023.0,50.0,2011.0,1400000.0,2024.0,125000.0,2024.0,14000.0,2024.0,5600.0,2024.0,29000.0,2021.0,16130.51322,2021.0,55.17789,2021.0,6266.1796,0.8083722820627375,1878821.2129657757,1282345.0314479999,169590.13040899797,0.232,19600.0,True,21224.359500000002,0.95,32900177.7,9708842.43927,6321.35749,472915607.0,,83056142.0,,,441334000.0,403734000.0,386094000.0,322034000.0,276184000.0,446058953.0,49115594.0,186157573.0,,82419664.0,
MMR,2677719000.0,342992000.0,1521000.0,2068194000.0,265013000.0,6.0,0.4,0.099,353342000.0,181769000.0,419071000.0,1309.79880605114,355327666.6666667,0.09885624137251026,0.18694059552673292,0.3372876873025492,2024.0,0.9,2024.0,75.0,2024.0,11000.0,2024.0,8900.0,2024.0,54.0,2024.0,482.0,2024.0,44.0,2023.0,84.0,2024.0,14.78,2016.0,18.6,2016.0,0.8,2024.0,71.0,2024.0,71.0,2024.0,36.9,2024.0,33151.0,2024.0,16.464,2024.0,54500091.0,2024.0,37275361.0,2024.0,13243811.0,2019.0,14.3892,,,2019.0,9.55531,2019.0,13.77552,2023.0,2.33792,2023.0,52.0,2011.0,220000.0,2024.0,263000.0,2024.0,36000.0,2024.0,4900.0,2024.0,16000.0,2021.0,53.0,2021.0,7.85755,2021.0,2117.20891,0.7128059895052151,248030.90523592196,897289.498224,9286.946306618398,0.060836501901140684,40900.0,False,132.5,0.35,19075031.849999998,281928.970743,2125.06646,38134297.0,,59359076.0,,,,,,,,,,,,51690220.0,
NAM,1175691000.0,686499000.0,264651000.0,86474000.0,138067000.0,269.0,6.4,0.118,806219000.0,85836000.0,932201000.0,4286.78269944499,145997000.0,0.01947149491300526,0.05284250091637843,0.10967593238385627,2024.0,9.0,2024.0,95.0,2024.0,4500.0,2024.0,7700.0,2024.0,97.0,2024.0,422.0,2024.0,66.0,2023.0,88.0,2024.0,7.2,2013.0,5.6,2013.0,8.4,2024.0,74.0,2024.0,79.0,2024.0,39.5,2024.0,3038.0,2024.0,25.891,2024.0,3030131.0,2024.0,1798301.0,2024.0,1120535.0,2023.0,35.5487,2015.0,4.66758,2023.0,14.5162,2023.0,36.49555,2023.0,14.99252,2023.0,66.0,2011.0,190000.0,2024.0,13000.0,2024.0,2800.0,2024.0,1200.0,2024.0,3800.0,2021.0,13.0,2021.0,0.58012,2021.0,205.60858,1.0279733901541566,174074.50179388488,78453.12172099999,8119.898098123498,0.2923076923076923,4000.0,True,17.105263157894736,0.95,2878624.4499999997,20726.096039999997,206.18869999999998,74734047.0,,,,,,,,,,15947363.0,3716056.0,2421447.0,,,
NPL,2639521000.0,791991000.0,68281000.0,1499520000.0,279730000.0,25.0,1.7999999999999998,0.106,1043903000.0,192639000.0,1260886000.0,1419.03814870081,511955333.3333333,0.08914466458726888,0.14109041418572554,0.190982664437045,2024.0,0.1,2024.0,77.0,2024.0,620.0,2024.0,1100.0,2024.0,65.0,2024.0,227.0,2024.0,60.0,2023.0,92.0,2024.0,0.0,,,2016.0,2.0,2024.0,97.0,2024.0,97.0,2024.0,25.1,2024.0,14257.0,2024.0,18.962,2024.0,29651054.0,2024.0,19293162.0,2024.0,8429548.0,2023.0,16.53367,2021.0,39.92227,2023.0,8.02196,2021.0,19.44188,2023.0,7.66043,2023.0,58.0,2011.0,49000.0,2024.0,67000.0,2024.0,16000.0,2024.0,160.0,2024.0,420.0,2021.0,0.0,2021.0,28.35285,2021.0,1709.24981,1.4511766669775894,29097.78652661868,562243.285948,646.5797788402,0.00626865671641791,16160.0,False,0.0,0.35,10377868.899999999,0.0,1737.60266,64285687.0,,22975284.0,,,,,,,,19419591.0,22991333.0,1660051.0,,21482848.0,
NIC,1657468000.0,845280000.0,23927000.0,560144000.0,228117000.0,123.0,4.7,0.138,1086928000.0,169247000.0,1273240000.0,2701.66058500926,276595000.0,0.08680166024167035,0.0991472475384676,0.10725465832357566,,,,,,,,,,,2024.0,43.0,2023.0,70.0,2022.0,86.0,2024.0,1.04,,,,,2023.0,89.0,2023.0,85.0,2024.0,11.2,2024.0,1486.0,2024.0,19.141,2024.0,6916140.0,2024.0,4544425.0,2024.0,1989004.0,2024.0,21.52193,,,2024.0,6.98824,2023.0,16.28195,2023.0,18.28967,2023.0,70.0,2011.0,7600.0,2024.0,3000.0,2024.0,190.0,2024.0,58.0,2024.0,200.0,2021.0,0.0,2021.0,0.0,2021.0,229.76853,1.0,,132381.83573999998,,0.06666666666666667,248.0,False,0.0,0.35,2420649.0,2517.4749600000005,229.76853,8518563.0,,201518.0,,,,,,,,8170207.0,1477943.0,3741430.0,,964276.0,
NER,926594000.0,165944000.0,72036000.0,349447000.0,339167000.0,6.0,1.0,0.366,174688000.0,303892000.0,189040000.0,673.083496240976,606793000.0,0.05946996827995488,0.15095267847085425,0.21081696623354146,2024.0,0.2,2024.0,66.0,2024.0,1200.0,2024.0,3200.0,2024.0,63.0,2024.0,86.0,2024.0,71.0,2023.0,88.0,2024.0,305.14,2015.0,95.5,2012.0,19.2,2024.0,86.0,2024.0,81.0,2024.0,110.7,2024.0,118445.0,2024.0,41.42,2024.0,27032412.0,2024.0,13733709.0,2024.0,12597379.0,,,,,,,,,2023.0,6.15018,2023.0,39.0,2011.0,65000.0,2024.0,23000.0,2024.0,3500.0,2024.0,160.0,2024.0,530.0,2021.0,31629.08314,2021.0,6066.79126,2021.0,14991.11915,1.6,47147.868800000004,1119682.50504,2575.2697615919997,0.023043478260869565,3660.0,True,41617.214657894736,0.95,25680791.4,7836236.6877959985,21057.91041,56620710.0,,120237941.0,,,,,,,,17188190.0,12213498.0,113635364.0,,82482390.0,
NGA,15236268000.0,2165695000.0,404534000.0,10742545000.0,1923494000.0,9.0,0.5,0.127,3245452000.0,1941520000.0,4458296000.0,1965.87672271384,2740573333.3333335,0.02351423586339285,0.09229503616880008,0.22763938438775308,2024.0,1.2,2024.0,83.0,2024.0,48000.0,,,,,2024.0,219.0,2024.0,79.0,2023.0,94.0,2024.0,294.25,2018.0,52.2,2018.0,43.5,2024.0,67.0,2024.0,57.0,2024.0,115.6,2024.0,855676.0,2024.0,32.493,2024.0,232679478.0,2024.0,130155065.0,2024.0,95430802.0,,,,,,,,,2023.0,4.30796,2023.0,47.0,2011.0,3400000.0,2024.0,510000.0,2024.0,61000.0,2024.0,5800.0,2024.0,25000.0,2021.0,180293.8017,2021.0,3488.82593,2021.0,120370.0277,1.6,2498977.248,7560454.278654,104334.26904542519,0.049019607843137254,66800.0,True,237228.68644736844,0.95,221045504.1,65042639.581425,123858.85363000001,511728925.0,,239779455.0,,,500719200.0,455590740.0,402010740.0,358357140.0,236852740.0,308108274.0,132926957.0,350662874.0,,143907040.0,
PAK,8793110000.0,3082492000.0,137778000.0,4628581000.0,944259000.0,13.0,0.8999999999999999,0.108,3554422000.0,927354000.0,4281033000.0,1422.82149774553,1771864333.3333333,0.06414817821067831,0.10730263060655709,0.136981105440824,2024.0,0.2,2024.0,16.0,,,2024.0,10000.0,2024.0,14.0,2024.0,266.0,2024.0,74.0,2023.0,95.0,2024.0,12.77,2018.0,0.4,2018.0,9.2,2024.0,87.0,2024.0,86.0,2024.0,56.0,2024.0,381586.0,2024.0,27.412,2024.0,251269164.0,2024.0,148335347.0,2024.0,92177917.0,,,,,,,,,2023.0,4.6826,2023.0,56.0,2011.0,130000.0,2024.0,669000.0,2024.0,52000.0,2024.0,690.0,2024.0,2600.0,2021.0,103.0,2021.0,6392.55884,2021.0,27327.57676,1.1046245674430635,337709.73703278345,6887790.3235679995,15841.9177442064,0.0038863976083707025,52690.0,False,257.5,0.35,87944207.39999999,1123047.528498,33720.1356,52176703.0,,262678815.0,,,,,,,,52632801.0,161978675.0,30700160.0,,235459330.0,
PAN,6887393000.0,3558024000.0,526407000.0,2802963000.0,0.0,815.0,4.3999999999999995,0.0,3584138000.0,5324000.0,3845954000.0,18785.8817728679,,0.047560146923783186,0.0787999527160147,0.11519748687796133,2024.0,1.1,2024.0,67.0,2024.0,1500.0,2024.0,500.0,2024.0,86.0,2024.0,63.0,2024.0,77.0,2023.0,75.0,2024.0,3.5,,,,,2024.0,72.0,2024.0,93.0,2024.0,15.3,2024.0,1092.0,2024.0,15.867,2024.0,4515577.0,2024.0,2969081.0,2024.0,1124149.0,2021.0,11.1554,,,2021.0,20.39053,2021.0,17.14126,2023.0,19.84911,2023.0,82.0,2011.0,18000.0,2024.0,2800.0,2024.0,310.0,2024.0,120.0,2024.0,490.0,2021.0,0.0,2021.0,0.0,2021.0,95.54943,0.8147569903472712,27109.87449622993,71648.660259,906.35555227635,0.175,430.0,False,0.0,0.35,1580451.95,5531.581825,95.54943,4737255.0,,,,,,,,,,,,,,,
PNG,908687000.0,655608000.0,162000.0,76811000.0,176108000.0,59.0,2.1,0.195,756804000.0,154657000.0,758566000.0,2861.5808642516,317202000.0,0.05181362856290095,0.10103507994733507,0.21094731123621943,2024.0,1.5,2024.0,46.0,2024.0,11000.0,2024.0,15000.0,2024.0,28.0,2024.0,664.0,2024.0,64.0,2023.0,74.0,2024.0,151.76,2018.0,51.5,2018.0,21.3,2024.0,42.0,2024.0,44.0,2024.0,39.4,2024.0,10037.0,2024.0,24.291,2024.0,10576502.0,2024.0,6669106.0,2024.0,3540961.0,2023.0,16.86084,2023.0,52.38126,2023.0,13.93881,2023.0,20.32357,2023.0,9.45045,2023.0,32.0,2011.0,28000.0,2024.0,70000.0,2024.0,13000.0,2024.0,1200.0,2024.0,3600.0,2021.0,1010.0,2021.0,3.35408,2021.0,791.61044,0.6,75021.954,256913.810082,4431.7632239145005,0.05142857142857143,14200.0,False,2525.0,0.35,3701775.6999999997,561781.4802319999,794.96452,8875329.0,,13133285.0,,,,,,,,19178859.0,18432514.0,32410164.0,,18490808.0,
PRY,3657002000.0,1996804000.0,303752000.0,1308439000.0,48007000.0,272.0,4.2,0.013,2296497000.0,35880000.0,2682900000.0,6697.91441673099,80366333.33333333,0.04933061938647132,0.1153099409426237,0.22029012701782721,2024.0,0.5,2024.0,58.0,2024.0,1200.0,2024.0,500.0,2024.0,52.0,2024.0,81.0,2024.0,72.0,2023.0,70.0,2024.0,0.0,,,,,2024.0,80.0,2024.0,90.0,2024.0,16.3,2024.0,2227.0,2024.0,19.728,2024.0,6929153.0,2024.0,4495248.0,2024.0,1980901.0,2024.0,18.78751,,,2024.0,10.29964,2023.0,18.95553,2023.0,21.56653,2023.0,79.0,2011.0,13000.0,2024.0,5600.0,2024.0,380.0,2024.0,130.0,2024.0,470.0,2021.0,0.0,2021.0,0.0,2021.0,262.05657,1.1385349259706374,26089.984244498282,136698.33038400003,786.015399708,0.08392857142857142,510.0,False,0.0,0.35,2425203.55,0.0,262.05657,1948564.0,,,,,,,,,,4312466.0,,,,,
PER,15356415000.0,9589731000.0,1447369000.0,4062359000.0,256955000.0,258.0,3.2,0.017,10893681000.0,212746000.0,12246841000.0,8262.70108193767,442141000.0,0.05242549073379399,0.11372261088187241,0.13432796726699628,2024.0,0.4,2024.0,80.0,2024.0,6500.0,2024.0,1600.0,2024.0,91.0,2024.0,139.0,2024.0,64.0,2023.0,85.0,2024.0,3.25,,,2012.0,53.0,2024.0,80.0,2024.0,89.0,2024.0,12.9,2024.0,6955.0,2024.0,15.751,2024.0,34217848.0,2024.0,22858026.0,2024.0,8202157.0,2021.0,20.6772,2021.0,35.24923,2021.0,6.5542,2021.0,22.84677,2023.0,15.95128,2023.0,68.0,2011.0,74000.0,2024.0,48000.0,2024.0,3600.0,2024.0,700.0,2024.0,2600.0,2021.0,3.0,2021.0,0.0,2021.0,821.18198,1.2927507448538744,119798.92054955692,538965.323848,2479.2404897008,0.05416666666666667,4300.0,False,7.5,0.35,11976246.799999999,38922.80209999999,821.18198,10129151.0,,,,,,,,,,5714247.0,4683268.0,,,,
PHL,22571751000.0,9476915000.0,2951495000.0,9875451000.0,267890000.0,82.0,2.1,0.012,11277895000.0,215492000.0,13743934000.0,4022.47612927417,1493320000.0,0.07698965317241613,0.11460946571977981,0.14782787416443097,2024.0,0.3,2024.0,40.0,2024.0,31000.0,2024.0,1300.0,2024.0,16.0,2024.0,625.0,2024.0,75.0,2023.0,84.0,2024.0,0.35,,,2017.0,0.3,2024.0,71.0,2024.0,80.0,2024.0,26.5,2024.0,48685.0,2024.0,15.894,2024.0,115843670.0,2024.0,77198220.0,2024.0,32283392.0,2024.0,16.69516,2014.0,43.42634,2024.0,17.28622,2023.0,16.88059,2023.0,8.76995,2023.0,69.0,2011.0,19000.0,2024.0,724000.0,2024.0,37000.0,2024.0,1400.0,2024.0,5500.0,2021.0,4.0,2021.0,540.53512,2021.0,2888.30204,0.6,140256.796,1841219.2909799998,6352.206553880998,0.007596685082872928,38400.0,False,10.0,0.35,40545284.5,14190.849575,3428.83716,48879029.0,,285644.0,,,,,,,,18731335.0,97671753.0,3729400.0,,0.0,
ROU,19992501000.0,15155756000.0,235868000.0,4600877000.0,0.0,814.0,4.3999999999999995,0.0,13928845000.0,0.0,14833312000.0,18553.4807425595,,0.05666576833017101,0.08077435780085807,0.10751386819274855,2024.0,0.2,2024.0,89.0,2024.0,500.0,2024.0,200.0,2024.0,96.0,2024.0,60.0,2024.0,74.0,2023.0,84.0,,,,,,,2024.0,79.0,2024.0,78.0,2024.0,7.3,2024.0,1340.0,2024.0,7.5,2024.0,19051804.0,2024.0,12250927.0,2024.0,2994137.0,2024.0,30.7098,,,2024.0,7.28796,2022.0,37.30306,2023.0,10.65943,2023.0,77.0,2011.0,16000.0,2024.0,11000.0,2024.0,1000.0,2024.0,64.0,2024.0,260.0,2021.0,0.0,2021.0,4.58525,2021.0,253.84534,1.128484514462257,27849.96281461511,142888.53,328.643619,0.023636363636363636,1064.0,False,0.0,0.35,6668131.399999999,,258.43059,480000.0,,,,,,,,,,,,,,,
RUS,145000181000.0,101631060000.0,2275432000.0,41093689000.0,0.0,705.0,5.0,0.0,100988988000.0,3000.0,106076436000.0,14876.2302698861,3909333.3333333335,0.03389714972112978,0.07352298424277348,0.10999410527088599,,,,,,,,,,,2024.0,34.0,2024.0,100.0,2023.0,68.0,,,,,,,2024.0,97.0,2024.0,97.0,2024.0,5.2,2024.0,6759.0,2024.0,8.4,2024.0,143533851.0,2024.0,94078090.0,2024.0,24800269.0,2024.0,27.98999,2024.0,17.95375,2020.0,2.36126,2023.0,29.60425,2023.0,13.66886,2023.0,81.0,,,2024.0,49000.0,2024.0,6000.0,2024.0,1100.0,2024.0,12000.0,2021.0,0.0,2021.0,0.0,2021.0,318.0109,1.0,,1205684.3484000002,,0.24489795918367346,7100.0,False,0.0,0.35,50236847.849999994,,318.0109,,,,,,,,,,,,,,,,
RWA,936379000.0,346018000.0,91531000.0,30788000.0,468041000.0,25.0,2.5,0.5,204780000.0,295517000.0,227505000.0,1082.17186975767,598871666.6666666,0.11404219003019822,0.15058747959969598,0.22604390848074635,2024.0,2.0,2024.0,96.0,2024.0,2600.0,2024.0,6500.0,2024.0,99.0,2024.0,62.0,2024.0,96.0,2023.0,90.0,2024.0,77.14,2020.0,55.6,2020.0,8.1,2024.0,98.0,2024.0,97.0,2024.0,37.7,2024.0,14910.0,2024.0,28.062,2024.0,14256567.0,2024.0,8370477.0,2024.0,5326367.0,2023.0,19.2932,,,2023.0,7.68293,2023.0,18.56684,2023.0,8.9231,2023.0,59.0,2011.0,210000.0,2024.0,8800.0,2024.0,480.0,2024.0,130.0,2024.0,1100.0,2021.0,570.04367,2021.0,27.27233,2021.0,2008.11568,0.8681442481770639,151835.62924096812,400067.783154,9201.559012542,0.125,610.0,True,750.0574605263158,0.95,13543738.649999999,1044763.9994609999,2035.3880100000001,118139491.0,,11228102.0,,,31687662.0,64075482.0,42659660.0,15801196.0,3556000.0,87731202.0,10319585.0,43757771.0,,23820770.0,
STP,43643000.0,14742000.0,958000.0,6577000.0,21365000.0,66.0,2.1999999999999997,0.49,16704000.0,13277000.0,20518000.0,2982.38340896783,33766333.333333336,0.08984585857374205,0.1318502382334834,0.2987093888804785,,,,,,,,,,,2024.0,87.0,2024.0,63.0,2023.0,70.0,2024.0,30.09,2019.0,62.6,2014.0,1.4,2024.0,87.0,2024.0,87.0,2024.0,13.6,2024.0,88.0,2024.0,28.094,2024.0,235536.0,2024.0,137250.0,2024.0,89099.0,,,,,,,,,2023.0,8.77353,2023.0,60.0,2011.0,600.0,2024.0,210.0,2024.0,44.0,2024.0,14.0,2024.0,40.0,2021.0,0.0,2021.0,16.64815,2021.0,9.63454,1.0,,6617.148384,,0.19047619047619047,58.0,True,0.0,0.95,223759.19999999998,6732.914327999999,26.282690000000002,7504.0,,1728768.0,,,,,,,,665934.0,707657.0,9209934.0,,1411730.0,
SEN,1461674000.0,363497000.0,142934000.0,588370000.0,366873000.0,22.0,1.2,0.251,447419000.0,279566000.0,456989000.0,1838.56210373174,439169666.6666667,0.020859279005352338,0.08574269145998448,0.13636504724778153,2024.0,0.3,2024.0,79.0,2024.0,3000.0,2024.0,2200.0,2024.0,94.0,2024.0,132.0,2024.0,68.0,2023.0,89.0,2024.0,36.78,2021.0,46.5,2021.0,2.7,2024.0,91.0,2024.0,87.0,2024.0,36.5,2024.0,19308.0,2024.0,29.184,2024.0,18501984.0,2024.0,10768138.0,2024.0,7064495.0,2023.0,24.17393,,,2023.0,12.31941,2023.0,23.56324,2023.0,3.57455,2023.0,48.0,2011.0,53000.0,2024.0,24000.0,2024.0,4000.0,2024.0,340.0,2024.0,1100.0,2021.0,690.64107,2021.0,21.94481,2021.0,1866.81727,1.3844690719088066,46924.46206913786,539961.901056,1862.8685586431998,0.04583333333333333,4340.0,True,908.73825,0.95,17576884.8,646477.822944,1888.76208,91065658.0,,20208859.0,,,,,,,,23523997.0,9953775.0,27702157.0,,29408816.0,
SLE,433937000.0,51281000.0,1001000.0,160489000.0,221167000.0,5.0,0.7000000000000001,0.511,75978000.0,151484000.0,85299000.0,778.043858439939,275151333.3333333,0.04177178058081554,0.13993105863034871,0.21476999861894824,2024.0,1.4,2024.0,86.0,2024.0,2500.0,2024.0,6500.0,2024.0,93.0,2024.0,372.0,2024.0,70.0,2023.0,92.0,2024.0,282.67,2019.0,59.1,2019.0,55.9,2024.0,91.0,2024.0,90.0,2024.0,90.5,2024.0,23171.0,2024.0,30.108,2024.0,8642022.0,2024.0,5070151.0,2024.0,3291637.0,,,,,,,,,2023.0,4.46845,2023.0,48.0,2011.0,49000.0,2024.0,32000.0,2024.0,5500.0,2024.0,1300.0,2024.0,4500.0,2021.0,6525.96484,2021.0,126.37579,2021.0,3620.85482,0.7177833334936504,57449.778405346304,260193.998376,4189.1233738536,0.140625,6800.0,True,8586.795842105263,0.95,8209920.899999999,2320698.340803,3747.23061,47288158.0,,30316035.0,,,35700000.0,32700000.0,28200000.0,18200000.0,14200000.0,30560983.0,13810040.0,65442595.0,,53265988.0,
SOM,529671000.0,59580000.0,2790000.0,126992000.0,340309000.0,3.0,0.4,0.644,69487000.0,291477000.0,93957000.0,636.605372837732,507915000.0,0.04267310789049916,0.12293494151097273,0.470177458016107,2024.0,0.1,2024.0,62.0,2022.0,500.0,2024.0,860.0,2024.0,43.0,2024.0,151.0,2024.0,64.0,2023.0,93.0,2024.0,53.28,2006.0,11.4,2006.0,8.0,2024.0,70.0,2024.0,64.0,2024.0,101.1,2024.0,78271.0,2024.0,42.346,2024.0,19009151.0,2024.0,9659535.0,2024.0,8856978.0,2024.0,3.08644,2024.0,12.66274,2024.0,0.63812,2023.0,6.34265,2023.0,7.90447,2023.0,30.0,2011.0,35000.0,2024.0,29000.0,2024.0,5100.0,2024.0,75.0,2024.0,220.0,2021.0,849.0,2021.0,25748.87646,2021.0,18146.24721,1.6,16315.256000000001,804961.5082459999,925.7057344829,0.007586206896551724,5175.0,True,1117.1052631578948,0.95,18058693.45,962167.1870159999,43895.12367,17832901.0,,45869844.0,,,,,,,,15038295.0,28154127.0,31481450.0,,38267024.0,
ZAF,34254597000.0,20848802000.0,10079730000.0,2310250000.0,1015815000.0,360.0,5.8999999999999995,0.03,21473644000.0,702968000.0,24327920000.0,6039.0108929269,1460961000.0,0.0485078393403926,0.08668499415067032,0.11162200158524742,2024.0,17.2,2024.0,81.0,2024.0,170000.0,2024.0,150000.0,2024.0,98.0,2024.0,389.0,2024.0,74.0,2023.0,71.0,2024.0,0.11,,,2016.0,0.5,2024.0,74.0,2024.0,76.0,2024.0,35.1,2024.0,41435.0,2024.0,18.48,2024.0,64007187.0,2024.0,43157289.0,2024.0,16567466.0,2023.0,29.80931,2023.0,79.44691,2023.0,17.29192,2022.0,33.42431,2023.0,16.88568,2023.0,74.0,2011.0,5600000.0,2024.0,249000.0,2024.0,54000.0,2024.0,29000.0,2024.0,134000.0,2021.0,12.0,2021.0,1.18098,2021.0,4554.76603,0.8527530775439501,6480031.89427103,1182852.81576,233968.28695732792,0.5381526104417671,83000.0,True,15.789473684210526,0.95,60806827.65,6688.7510415,4555.94701,415861675.0,,,,,,,,,,344836579.0,58146165.0,,,,
SSD,834465000.0,43089000.0,53087000.0,235468000.0,502821000.0,4.0,0.8,0.604,68993000.0,321632000.0,79940000.0,493.734289163235,722147666.6666666,0.033856219918330765,0.0668215437738473,0.16253526907184354,2024.0,1.5,2024.0,50.0,2024.0,7500.0,2024.0,11000.0,2024.0,81.0,2024.0,320.0,2024.0,71.0,2023.0,85.0,2024.0,254.08,2017.0,41.7,2013.0,31.9,2024.0,73.0,2024.0,72.0,2024.0,96.7,2024.0,31993.0,2024.0,29.222,2024.0,11943408.0,2024.0,6938028.0,2024.0,4648072.0,,,,,,,,,2023.0,2.13586,2023.0,41.0,2011.0,150000.0,2024.0,38000.0,2024.0,6100.0,2024.0,1000.0,2024.0,3600.0,2021.0,4928.76314,2021.0,513.18246,2021.0,4711.06006,1.0800664024824245,123402.96413423495,349010.268576,6020.427132936,0.09473684210526316,7100.0,True,6485.214657894737,0.95,11346237.6,2882852.0494080004,5224.24252,91600702.0,,43749071.0,,,52439960.0,49898960.0,43788960.0,,,59958502.0,13748724.0,55712769.0,,36223352.0,
SDN,1137778000.0,217408000.0,61112000.0,593117000.0,266142000.0,5.0,0.7000000000000001,0.236,476606000.0,257691000.0,538428000.0,584.868114660942,501973666.6666667,-0.017133142905866316,0.08047656663686154,0.17121270659552312,2024.0,0.2,2024.0,20.0,2024.0,6800.0,2024.0,4000.0,2024.0,5.0,2024.0,47.0,2024.0,61.0,2023.0,62.0,2024.0,98.25,2009.0,25.3,2010.0,65.0,2024.0,39.0,2024.0,46.0,2024.0,61.6,2024.0,101879.0,2024.0,32.996,2024.0,50448963.0,2024.0,28365906.0,2024.0,20417377.0,2016.0,8.77413,,,2016.0,5.12852,2016.0,9.72624,2023.0,7.14617,2023.0,48.0,2011.0,69000.0,2024.0,24000.0,2024.0,4500.0,2024.0,190.0,2024.0,520.0,2021.0,2460.0,2021.0,1930.54353,2021.0,9448.71817,1.6,94770.8992,1664613.9831480002,3828.6121612404004,0.021666666666666667,4690.0,True,3236.842105263158,0.95,47926514.849999994,4708780.0840125,11379.2617,13900937.0,,103656712.0,,,,,,,,20775480.0,11579062.0,106945157.0,,139842030.0,
TJK,874971000.0,223163000.0,1142000.0,548684000.0,101982000.0,21.0,1.7000000000000002,0.117,301450000.0,84733000.0,310956000.0,1273.01024444841,152085333.33333334,0.11475186947654659,0.15779832514306613,0.18714369471951414,2024.0,0.2,2024.0,81.0,2024.0,500.0,2024.0,620.0,2024.0,92.0,2024.0,75.0,2024.0,56.0,2023.0,93.0,2024.0,0.0,2005.0,1.0,2012.0,2.1,2024.0,97.0,2024.0,98.0,2024.0,28.1,2024.0,7590.0,2024.0,25.333,2024.0,10590927.0,2024.0,6342581.0,2024.0,3840419.0,2024.0,18.98073,,,2024.0,2.93768,2023.0,11.01942,2023.0,6.13851,2023.0,72.0,2011.0,11000.0,2024.0,7900.0,2024.0,830.0,2024.0,69.0,2024.0,180.0,2021.0,0.0,2021.0,0.0,2021.0,1372.61142,1.1094376945099078,14693.396883764692,268299.953691,617.0898934892999,0.02278481012658228,899.0,False,0.0,0.35,3706824.4499999997,0.0,1372.61142,20117870.0,,8292857.0,,,,,,,,11187425.0,8501623.0,,,12131576.0,
TZA,2694873000.0,794838000.0,26495000.0,671049000.0,1202491000.0,13.0,1.0999999999999999,0.448,931564000.0,954122000.0,1335348000.0,1213.56640178543,1443492666.6666667,0.08944012072606022,0.16488256258428236,0.2653479241711382,2024.0,3.5,2024.0,87.0,2024.0,43000.0,2024.0,67000.0,2024.0,99.0,2024.0,172.0,2024.0,64.0,2023.0,96.0,2024.0,136.73,2017.0,54.6,2017.0,36.2,2024.0,83.0,2024.0,84.0,2024.0,37.0,2024.0,86317.0,2024.0,34.801,2024.0,68560157.0,2024.0,37309677.0,2024.0,29162822.0,2024.0,14.5493,,,2024.0,13.88553,2024.0,16.42221,2023.0,5.13517,2023.0,49.0,2011.0,1600000.0,2024.0,118000.0,2024.0,23000.0,2024.0,6500.0,2024.0,19000.0,2021.0,8895.98602,2021.0,54.95821,2021.0,11523.67671,1.328098669420515,1801282.633307322,2385962.023757,96034.97145621925,0.16101694915254236,29500.0,True,11705.244763157894,0.95,65132149.15,8905518.7532795,11578.63492,487328523.0,,52301448.0,,,,,,,,,,,,87365384.0,
THA,23452353000.0,18231157000.0,2831881000.0,2303575000.0,85740000.0,274.0,3.8,0.004,22103086000.0,50329000.0,23522351000.0,7396.007372661,121862333.33333333,0.05426947648564906,0.1048468215251731,0.13777908495838403,2024.0,1.0,2024.0,88.0,2024.0,8100.0,2024.0,1200.0,2024.0,97.0,2024.0,146.0,2024.0,78.0,2023.0,82.0,2024.0,0.58,,,,,2024.0,92.0,2024.0,93.0,2024.0,9.0,2024.0,5285.0,2024.0,8.116,2024.0,71668011.0,2024.0,50087170.0,2024.0,10570661.0,2024.0,20.34632,2024.0,62.19837,2024.0,5.75818,2023.0,20.76647,2023.0,15.55608,2023.0,82.0,2011.0,490000.0,2024.0,104000.0,2024.0,11000.0,2024.0,1400.0,2024.0,7600.0,2021.0,0.0,2021.0,15.42673,2021.0,298.33846,0.6019581935751154,302703.82374489715,581657.577276,6689.0621386739995,0.07307692307692308,12400.0,False,0.0,0.35,25083803.849999998,14548.606232999999,313.76519,12988822.0,,,,,,,,,,26068009.0,11013499.0,,,,
TLS,206198000.0,154547000.0,2000.0,14219000.0,37429000.0,106.0,7.3,0.182,115755000.0,31714000.0,125068000.0,1294.5762615193,61640666.666666664,0.05070512527953985,0.17459557662007485,0.4166646929185051,2024.0,0.2,2024.0,61.0,2024.0,200.0,,,,,2024.0,496.0,2024.0,68.0,2023.0,93.0,2024.0,0.0,2016.0,55.7,2016.0,10.0,2024.0,83.0,2024.0,72.0,2024.0,47.6,2024.0,1449.0,2024.0,21.768,2024.0,1400638.0,2024.0,855284.0,2024.0,471433.0,2022.0,51.46752,,,2022.0,0.1196,2022.0,52.4935,2023.0,9.16238,2023.0,48.0,,,2024.0,6900.0,2024.0,1100.0,2024.0,23.0,2024.0,95.0,2021.0,0.0,2021.0,0.0,2021.0,216.01812,1.0,1710.568,30489.087983999998,70.1249023632,0.013768115942028985,1123.0,False,0.0,0.35,490223.3,0.0,216.01812,10205422.0,,161430.0,,,,,,,,2057322.0,6491861.0,,,3167167.0,
TGO,611644000.0,61381000.0,26069000.0,358375000.0,165819000.0,7.0,0.7000000000000001,0.271,49589000.0,107789000.0,59082000.0,1009.14791262947,205869000.0,0.07685338165538558,0.16989407161465886,0.21897819322770223,2024.0,1.6,2024.0,92.0,2024.0,3100.0,2024.0,5500.0,2024.0,87.0,2024.0,48.0,2024.0,69.0,2023.0,85.0,2024.0,249.25,2017.0,69.7,2017.0,31.1,2024.0,90.0,2024.0,81.0,2024.0,56.1,2024.0,16109.0,2024.0,32.061,2024.0,9515236.0,2024.0,5448495.0,2024.0,3760974.0,2023.0,15.5106,,,2023.0,14.00425,2023.0,15.87686,2023.0,2.56088,2023.0,42.0,2011.0,150000.0,2024.0,4500.0,2024.0,780.0,2024.0,170.0,2024.0,560.0,2021.0,2213.4692,2021.0,12.37206,2021.0,2292.54603,1.3091690377787581,119628.015303878,305067.981396,5613.2508576864,0.12444444444444444,950.0,True,2912.4594736842105,0.95,9039474.2,2253088.94435,2304.91809,21133570.0,,14987796.0,,,,,,,,37960880.0,3139661.0,56811319.0,,19508880.0,
TTO,1914434000.0,926658000.0,120754000.0,867022000.0,0.0,662.0,3.8,0.0,956940000.0,0.0,1057258000.0,18004.1011787919,,0.06703138701001166,0.11510161421888054,0.1912848530921426,,,,,,,,,,,2024.0,27.0,2024.0,74.0,2023.0,66.0,,,,,,,2024.0,92.0,2024.0,96.0,2024.0,18.8,2024.0,301.0,2024.0,10.543,2024.0,1368333.0,2024.0,955936.0,2024.0,243020.0,2019.0,24.26358,,,2019.0,13.15366,2019.0,33.31701,2023.0,11.06524,2023.0,75.0,2011.0,13000.0,2024.0,400.0,2024.0,42.0,2024.0,20.0,2024.0,75.0,2021.0,0.0,2021.0,0.0,2021.0,10.44363,1.0,,14426.334818999998,,0.1875,62.0,False,0.0,0.35,478916.55,,10.44363,1792938.0,,,,,,,,,,,,,,,
TKM,4259454000.0,732124000.0,226675000.0,3294534000.0,6122000.0,137.0,1.5,0.001,857783000.0,6176000.0,1056460000.0,9530.39596100597,19531000.0,0.04759022402019686,0.13177240562418835,0.19457408062172443,,,,,,,,,,,2024.0,40.0,2024.0,76.0,2023.0,84.0,2024.0,0.0,,,,,2024.0,98.0,2024.0,99.0,2024.0,39.0,2024.0,6208.0,2024.0,20.906,2024.0,7494498.0,2024.0,4793698.0,2024.0,2361281.0,,,,,,,,,2023.0,8.61905,2023.0,81.0,,,2024.0,3000.0,2024.0,930.0,2024.0,170.0,2024.0,660.0,2021.0,0.0,2021.0,0.0,2021.0,646.61559,1.0,,156679.97518799998,,0.22,1100.0,False,0.0,0.35,2623074.3,0.0,646.61559,,,,,,,,,,,,4035443.0,,,,
UGA,2420369000.0,498644000.0,49444000.0,711028000.0,1161253000.0,11.0,1.0,0.481,645453000.0,954472000.0,763359000.0,1141.32375680872,1509604000.0,0.00015804470805891313,0.03822367138115623,0.08921559520259241,2024.0,4.9,2024.0,85.0,2024.0,37000.0,2024.0,71000.0,2024.0,100.0,2024.0,197.0,2024.0,90.0,2023.0,92.0,2024.0,264.23,2019.0,60.3,2019.0,62.5,2024.0,91.0,2024.0,90.0,2024.0,48.7,2024.0,82589.0,2024.0,34.436,2024.0,50015092.0,2024.0,27142399.0,2024.0,21778080.0,2024.0,14.04457,2024.0,54.43055,2024.0,20.99083,2023.0,16.58334,2023.0,4.8604,2023.0,54.0,2011.0,1400000.0,2024.0,99000.0,2024.0,9700.0,2024.0,5100.0,2024.0,33000.0,2021.0,7481.69029,2021.0,6454.40265,2021.0,5195.09305,1.0906715907961404,1521568.731272325,1722319.708112,97052.7155521112,0.3333333333333333,14800.0,True,9844.329328947368,0.95,47514337.4,12554713.371202001,11649.4957,435160154.0,,88421640.0,,,410692000.0,382192000.0,354692000.0,316892000.0,255492000.0,258488433.0,27910874.0,234912897.0,,139278110.0,
UKR,21128705000.0,10880401000.0,687161000.0,8922239000.0,638904000.0,255.0,5.1,0.03,6849522000.0,470907000.0,6900171000.0,5154.62827940432,699639000.0,0.00811208330526858,0.10193181002477891,0.14802133141624504,,,,,,,,,,,2024.0,86.0,2024.0,56.0,2023.0,77.0,,,,,,,2024.0,88.0,2024.0,91.0,2024.0,7.9,2024.0,1672.0,2024.0,5.466,2024.0,37860221.0,2024.0,25422766.0,2024.0,5258230.0,2024.0,33.67071,2020.0,58.71619,2024.0,8.27001,2023.0,65.56002,2021.0,10.56005,2023.0,80.0,2011.0,230000.0,2024.0,33000.0,2024.0,4200.0,2024.0,1600.0,2024.0,6400.0,2021.0,0.0,2021.0,13.81889,2021.0,78.00383,1.0,,206943.967986,,0.19393939393939394,5800.0,False,0.0,0.35,13251077.35,,91.82271999999999,70292842.0,,9815304.0,,,,,,,,92132939.0,50821190.0,,,11737282.0,
UZB,7094182000.0,2433582000.0,34197000.0,4473654000.0,152750000.0,70.0,2.3,0.022,3032648000.0,152160000.0,3571286000.0,3139.14601284701,237489333.33333334,0.06566246952339605,0.1192338968271539,0.14641688696724242,,,,,,,,,,,2024.0,51.0,2024.0,75.0,2023.0,77.0,2024.0,0.0,,,,,2024.0,90.0,2024.0,99.0,2024.0,13.4,2024.0,12452.0,2024.0,25.557,2024.0,36361859.0,2024.0,22919628.0,2024.0,11309784.0,2023.0,20.28163,,,2023.0,3.28125,2023.0,23.40772,2023.0,7.89535,2023.0,79.0,,,2024.0,18000.0,2024.0,740.0,2024.0,160.0,2024.0,610.0,2021.0,0.0,2021.0,0.0,2021.0,890.64147,1.0,,929300.030463,,0.03388888888888889,900.0,False,0.0,0.35,12726650.649999999,0.0,890.64147,9646967.0,,9555719.0,,,,,,,,15605090.0,16955878.0,,,4906176.0,
VEN,7359594000.0,3774067000.0,1561620000.0,1887687000.0,136220000.0,144.0,2.5,0.019,5923300000.0,76532000.0,5484530000.0,6138.23139046421,123655000.0,-0.01794331166725327,0.024574129975131753,0.08491450693163878,2024.0,0.6,2024.0,57.0,2024.0,8100.0,2024.0,2900.0,,,2024.0,46.0,2024.0,82.0,2023.0,84.0,2024.0,7.79,,,,,2024.0,62.0,2024.0,71.0,2024.0,24.2,2024.0,10390.0,2024.0,15.231,2024.0,28405543.0,2024.0,18405026.0,2024.0,7251085.0,,,,,,,,,2023.0,3.62697,2023.0,75.0,2011.0,99000.0,2024.0,13000.0,2024.0,920.0,2024.0,220.0,2024.0,1000.0,2021.0,36.0,2021.0,0.0,2021.0,794.98886,1.0061560191373422,114009.96615367569,432644.825433,2985.2492954877,0.07692307692307693,1140.0,False,90.0,0.35,9941940.049999999,77447.7129895,794.98886,9819749.0,,,,,,,,,,,,,,0.0,
VNM,19864014000.0,8766024000.0,3107950000.0,7738720000.0,251319000.0,86.0,2.0,0.013,11197264000.0,114321000.0,13429699000.0,4608.43563331366,409980666.6666667,0.0744002006571094,0.1099350514970926,0.12835903301200036,2024.0,0.4,2024.0,74.0,2024.0,6100.0,2024.0,3500.0,2024.0,85.0,2024.0,182.0,2024.0,58.0,2023.0,89.0,2024.0,0.0,2011.0,9.4,2011.0,1.2,2024.0,97.0,2024.0,98.0,2024.0,17.3,2024.0,24085.0,2024.0,13.423,2024.0,100987686.0,2024.0,68397760.0,2024.0,23453385.0,,,,,,,,,2023.0,10.45171,2023.0,71.0,2011.0,250000.0,2024.0,184000.0,2024.0,12000.0,2024.0,2000.0,2024.0,5200.0,2021.0,0.0,2021.0,3.17804,2021.0,2664.77186,1.0023395976167064,277731.1329451362,1355557.709178,6235.5654622187985,0.02826086956521739,14000.0,False,0.0,0.35,35345690.099999994,0.0,2667.9498999999996,44645317.0,,8041006.0,,,,,,,,31732258.0,34457252.0,,,13304246.0,
PSE,1965400000.0,831947000.0,213891000.0,781807000.0,137755000.0,157.0,4.5,0.07,1066397000.0,148229000.0,1196252000.0,2604.1002813652,228222666.66666666,0.0591916739225522,0.07511240600599978,0.14640398921591302,,,,,,,,,,,2024.0,0.29,2024.0,70.0,2023.0,100.0,,,,,,,2024.0,88.0,2024.0,89.0,2024.0,37.9,2024.0,5544.0,2024.0,26.465,2024.0,5289152.0,2024.0,3073799.0,2024.0,2012369.0,,,,,,,2021.0,26.16649,2023.0,14.43092,2023.0,65.0,,,2024.0,16.0,2024.0,2.0,2024.0,0.0,2024.0,0.0,,,,,,,1.0,,139977.40768,,0.0,2.0,False,,0.35,1851203.2,,0.0,47066674.0,,9690092.0,,,,,,,,,,,,0.0,
YEM,2149666000.0,169079000.0,26378000.0,1349419000.0,604789000.0,5.0,1.0999999999999999,0.282,166017000.0,658212000.0,195481000.0,430.349532512695,816473000.0,-0.07420502399773365,0.015242681034673966,0.08462274160744432,2024.0,0.1,2024.0,29.0,2024.0,1600.0,2024.0,910.0,2024.0,11.0,2024.0,40.0,2024.0,74.0,2023.0,92.0,2024.0,52.17,,,2013.0,1.2,2024.0,42.0,2024.0,41.0,2024.0,38.1,2024.0,52477.0,2024.0,34.359,2024.0,40583164.0,2024.0,22868019.0,2024.0,16691217.0,,,,,,,,,2023.0,6.96322,2023.0,43.0,2011.0,22000.0,2024.0,16000.0,2024.0,2200.0,2024.0,31.0,2024.0,120.0,2021.0,775.0,2021.0,24.5764,2021.0,8087.17329,1.438229834746723,33799.46718735492,1394396.931876,1603.5564716574,0.0075,2231.0,False,1937.5,0.35,14204107.399999999,741028.2830579999,8111.74969,21112545.0,,47422244.0,,,,,,,,,,,,92784570.0,
ZMB,1696104000.0,669809000.0,19595000.0,171663000.0,835037000.0,33.0,2.5,0.493,747526000.0,393816000.0,955186000.0,1343.28891445793,1044743333.3333334,0.08544961398094286,0.12781416295710935,0.17203813652972266,2024.0,9.4,2024.0,94.0,2024.0,30000.0,2024.0,60000.0,2024.0,98.0,2024.0,272.0,2024.0,81.0,2023.0,92.0,2024.0,252.41,2019.0,51.6,2018.0,34.9,2024.0,91.0,2024.0,88.0,2024.0,48.4,2024.0,32949.0,2024.0,32.724,2024.0,21314956.0,2024.0,12063392.0,2024.0,8836615.0,2021.0,21.9674,2021.0,71.41118,2021.0,27.35327,2021.0,25.1371,2023.0,8.88878,2023.0,62.0,2011.0,970000.0,2024.0,58000.0,2024.0,8200.0,2024.0,4100.0,2024.0,19000.0,2021.0,3144.69976,2021.0,3.80254,2021.0,4159.88526,0.9908403930171601,1183572.230617606,697510.6201439999,75400.8980375664,0.3275862068965517,12300.0,True,4137.762842105263,0.95,20249208.2,5111102.6417620005,4163.6878,395146900.0,,40008891.0,,,,,,,,229074842.0,18430630.0,67553550.0,,37576520.0,
ZWE,1180456000.0,379639000.0,142099000.0,119699000.0,539020000.0,24.0,0.8999999999999999,0.458,182901000.0,217962000.0,178229000.0,2629.03285842155,770686333.3333334,-0.031944059121521984,0.11865163155455527,0.1967741990528214,2024.0,9.8,2024.0,95.0,2024.0,15000.0,2024.0,64000.0,2024.0,93.0,2024.0,203.0,2024.0,60.0,2023.0,91.0,2024.0,11.36,2019.0,14.9,2015.0,1.0,2024.0,91.0,2024.0,90.0,2024.0,64.7,2024.0,31802.0,2024.0,29.891,2024.0,16634373.0,2024.0,9236166.0,2024.0,6799094.0,2018.0,8.11696,,,2018.0,13.47328,2018.0,10.97728,2023.0,4.74058,2023.0,59.0,2011.0,1200000.0,2024.0,34000.0,2024.0,8200.0,2024.0,5200.0,2024.0,20000.0,2021.0,245.0,2021.0,2.1528,2021.0,2393.03976,0.8845022158927358,864602.1107486084,497218.04334299994,56036.4734847561,0.5882352941176471,13400.0,True,322.36842105263156,0.95,15802654.35,179518.153416,2395.19256,191584440.0,,16893436.0,,,,,,,,348808530.0,21300631.0,42813176.0,,29751102.0,
