src_grp,chan_grp,bucket,base_usd,y2025_usd,ratio
Canada,Bilateral agency,HIV,1090000.0,1769000.0,0.7204456604334779
Canada,CEPI,HIV,0.0,0.0,0.7204456604334779
Canada,Development banks,HIV,668666.6666666666,857000.0,0.7204456604334779
Canada,Gavi,HIV,285666.6666666667,0.0,0.7204456604334779
Canada,Global Fund,HIV,142407333.33333334,105058000.0,0.7377288622776916
Canada,NGOs,HIV,1232000.0,460000.0,0.7204456604334779
Canada,UNAIDS,HIV,4036333.3333333335,3526000.0,0.7204456604334779
Canada,UNFPA,HIV,5281333.333333333,3975000.0,0.7204456604334779
Canada,UNICEF,HIV,2740000.0,1029000.0,0.7204456604334779
Canada,Unitaid,HIV,4381000.0,0.0,0.7204456604334779
Canada,WHO,HIV,1500000.0,1207000.0,0.7204456604334779
Development-bank lending,Development banks,HIV,7016000.0,11850000.0,1.5
France,Bilateral agency,HIV,25366000.0,19346000.0,0.7626744461089647
France,CEPI,HIV,0.0,0.0,0.6118237434308044
France,Development banks,HIV,666333.3333333334,337000.0,0.6118237434308044
France,EU institutions,HIV,96666.66666666667,403000.0,0.6118237434308044
France,Gavi,HIV,0.0,0.0,0.6118237434308044
France,Global Fund,HIV,231566333.33333334,117608000.0,0.5078803913637416
France,NGOs,HIV,13364000.0,11494000.0,0.6118237434308044
France,UNAIDS,HIV,1366333.3333333333,2287000.0,0.6118237434308044
France,UNFPA,HIV,768666.6666666666,257000.0,0.6118237434308044
France,UNICEF,HIV,1987000.0,657000.0,0.6118237434308044
France,Unitaid,HIV,32061000.0,35541000.0,1.1085430897351922
France,WHO,HIV,1966000.0,1251000.0,0.6118237434308044
Gates Foundation,CEPI,HIV,0.0,0.0,0.9793563072385065
Gates Foundation,Development banks,HIV,0.0,0.0,0.9793563072385065
Gates Foundation,Gates direct,HIV,284131000.0,305577000.0,1.0754792683656482
Gates Foundation,Gavi,HIV,0.0,0.0,0.9793563072385065
Gates Foundation,Global Fund,HIV,256228000.0,231770000.0,0.9045459512621571
Gates Foundation,NGOs,HIV,61948666.666666664,57702000.0,0.9314486187488566
Gates Foundation,UNAIDS,HIV,6745666.666666667,3697000.0,0.9793563072385065
Gates Foundation,UNFPA,HIV,241000.0,2111000.0,0.9793563072385065
Gates Foundation,UNICEF,HIV,314666.6666666667,339000.0,0.9793563072385065
Gates Foundation,Unitaid,HIV,3631333.3333333335,1240000.0,0.9793563072385065
Gates Foundation,WHO,HIV,12358333.333333334,10248000.0,0.9793563072385065
Germany,Bilateral agency,HIV,22864000.0,15335000.0,0.6707050384884534
Germany,CEPI,HIV,0.0,0.0,0.5324996711063981
Germany,Development banks,HIV,623000.0,1027000.0,0.5324996711063981
Germany,EU institutions,HIV,139000.0,534000.0,0.5324996711063981
Germany,Gavi,HIV,0.0,0.0,0.5324996711063981
Germany,Global Fund,HIV,253771000.0,140744000.0,0.5546102588554248
Germany,NGOs,HIV,5152666.666666667,2949000.0,0.5324996711063981
Germany,UNAIDS,HIV,11544666.666666666,6474000.0,0.5324996711063981
Germany,UNFPA,HIV,4765333.333333333,2447000.0,0.5324996711063981
Germany,UNICEF,HIV,9297666.666666666,5010000.0,0.5324996711063981
Germany,Unitaid,HIV,4868000.0,370000.0,0.5324996711063981
Germany,WHO,HIV,21429333.333333332,3207000.0,0.14965467894474863
Japan,Bilateral agency,HIV,1224333.3333333333,301000.0,1.2166606837053557
Japan,CEPI,HIV,0.0,0.0,1.2166606837053557
Japan,Development banks,HIV,1094000.0,1516000.0,1.2166606837053557
Japan,Gavi,HIV,0.0,0.0,1.2166606837053557
Japan,Global Fund,HIV,101474666.66666667,128517000.0,1.26649344335532
Japan,NGOs,HIV,50666.666666666664,166000.0,1.2166606837053557
Japan,UNAIDS,HIV,1159666.6666666667,772000.0,1.2166606837053557
Japan,UNFPA,HIV,2615000.0,981000.0,1.2166606837053557
Japan,UNICEF,HIV,2693333.3333333335,1174000.0,1.2166606837053557
Japan,Unitaid,HIV,1431000.0,2946000.0,1.2166606837053557
Japan,WHO,HIV,1542000.0,1456000.0,1.2166606837053557
Netherlands,Bilateral agency,HIV,9989000.0,6578000.0,0.6872633108219003
Netherlands,CEPI,HIV,0.0,0.0,0.6872633108219003
Netherlands,Development banks,HIV,193333.33333333334,386000.0,0.6872633108219003
Netherlands,EU institutions,HIV,30000.0,113000.0,0.6872633108219003
Netherlands,Gavi,HIV,0.0,0.0,0.6872633108219003
Netherlands,Global Fund,HIV,36938000.0,22357000.0,0.6052574584438789
Netherlands,NGOs,HIV,28985666.666666668,19976000.0,0.6891682095748473
Netherlands,UNAIDS,HIV,25598666.666666668,22076000.0,0.8623886660763581
Netherlands,UNFPA,HIV,5475333.333333333,1936000.0,0.6872633108219003
Netherlands,UNICEF,HIV,1383333.3333333333,1185000.0,0.6872633108219003
Netherlands,Unitaid,HIV,0.0,77000.0,0.6872633108219003
Netherlands,WHO,HIV,1079333.3333333333,690000.0,0.6872633108219003
Non-DAC governments,Bilateral agency,HIV,27610666.666666668,0.0,0.0
Non-DAC governments,CEPI,HIV,0.0,0.0,0.791804029219842
Non-DAC governments,Development banks,HIV,337333.3333333333,662000.0,0.791804029219842
Non-DAC governments,Gavi,HIV,0.0,0.0,0.791804029219842
Non-DAC governments,Global Fund,HIV,33490666.666666664,19217000.0,0.5738016561828172
Non-DAC governments,NGOs,HIV,101943000.0,104102000.0,1.021178501711741
Non-DAC governments,UNAIDS,HIV,2634333.3333333335,4097000.0,0.791804029219842
Non-DAC governments,UNFPA,HIV,4244666.666666667,2658000.0,0.791804029219842
Non-DAC governments,UNICEF,HIV,3966333.3333333335,2128000.0,0.791804029219842
Non-DAC governments,Unitaid,HIV,778333.3333333334,1495000.0,0.791804029219842
Non-DAC governments,WHO,HIV,6287000.0,9189000.0,0.791804029219842
Nordics,Bilateral agency,HIV,30052666.666666668,26434000.0,0.8795891656869052
Nordics,CEPI,HIV,0.0,0.0,0.5548859227720275
Nordics,Development banks,HIV,527666.6666666666,929000.0,0.5548859227720275
Nordics,EU institutions,HIV,33000.0,146000.0,0.5548859227720275
Nordics,Gavi,HIV,0.0,0.0,0.5548859227720275
Nordics,Global Fund,HIV,86968000.0,59519000.0,0.684378162082605
Nordics,NGOs,HIV,26780333.333333332,15568000.0,0.5813221144869992
Nordics,UNAIDS,HIV,40810000.0,14726000.0,0.3608429306542514
Nordics,UNFPA,HIV,25397333.333333332,8959000.0,0.35275356992860146
Nordics,UNICEF,HIV,9937333.333333334,3078000.0,0.5548859227720275
Nordics,Unitaid,HIV,2827000.0,804000.0,0.5548859227720275
Nordics,WHO,HIV,14663333.333333334,1898000.0,0.5548859227720275
Other / unallocable,CEPI,HIV,0.0,0.0,0.7458712483032528
Other / unallocable,Development banks,HIV,749333.3333333334,1083000.0,0.7458712483032528
Other / unallocable,Gavi,HIV,0.0,0.0,0.7458712483032528
Other / unallocable,UNAIDS,HIV,8372666.666666666,5854000.0,0.7458712483032528
Other / unallocable,UNFPA,HIV,27732000.0,15085000.0,0.5439564402134718
Other / unallocable,UNICEF,HIV,11344666.666666666,11614000.0,0.7458712483032528
Other / unallocable,WHO,HIV,4844000.0,5927000.0,0.7458712483032528
Other DAC governments,Bilateral agency,HIV,33091000.0,11519000.0,0.34810069203106586
Other DAC governments,CEPI,HIV,0.0,0.0,0.5094720495164549
Other DAC governments,Development banks,HIV,1214333.3333333333,2085000.0,0.5094720495164549
Other DAC governments,EU institutions,HIV,218666.66666666666,993000.0,0.5094720495164549
Other DAC governments,Gavi,HIV,0.0,0.0,0.5094720495164549
Other DAC governments,Global Fund,HIV,193578666.66666666,78563000.0,0.40584534108441706
Other DAC governments,NGOs,HIV,9361000.0,10116000.0,0.5094720495164549
Other DAC governments,UNAIDS,HIV,34894666.666666664,26200000.0,0.7508310725612319
Other DAC governments,UNFPA,HIV,11831000.0,5868000.0,0.5094720495164549
Other DAC governments,UNICEF,HIV,6281000.0,3215000.0,0.5094720495164549
Other DAC governments,Unitaid,HIV,2691000.0,10243000.0,0.5094720495164549
Other DAC governments,WHO,HIV,6052333.333333333,3639000.0,0.5094720495164549
Other private,CEPI,HIV,0.0,0.0,1.375213621656109
Other private,Gavi,HIV,0.0,0.0,1.375213621656109
Other private,Global Fund,HIV,25537333.333333332,37614000.0,1.472902417375868
Other private,NGOs,HIV,301225000.0,422362000.0,1.402147896090962
Other private,UNAIDS,HIV,246666.66666666666,391000.0,1.375213621656109
Other private,UNFPA,HIV,746333.3333333334,620000.0,1.375213621656109
Other private,UNICEF,HIV,17699000.0,10478000.0,1.375213621656109
Other private,Unitaid,HIV,1533000.0,0.0,1.375213621656109
Other private,WHO,HIV,4100666.666666667,11356000.0,1.375213621656109
United Kingdom,Bilateral agency,HIV,15826333.333333334,9928000.0,0.2171961773597233
United Kingdom,CEPI,HIV,0.0,0.0,0.2171961773597233
United Kingdom,Development banks,HIV,507333.3333333333,1241000.0,0.2171961773597233
United Kingdom,EU institutions,HIV,28000.0,58000.0,0.2171961773597233
United Kingdom,Gavi,HIV,0.0,0.0,0.2171961773597233
United Kingdom,Global Fund,HIV,337884000.0,41764000.0,0.12360455067419587
United Kingdom,NGOs,HIV,9674333.333333334,4683000.0,0.2171961773597233
United Kingdom,UNAIDS,HIV,8227000.0,8689000.0,0.2171961773597233
United Kingdom,UNFPA,HIV,2760000.0,2061000.0,0.2171961773597233
United Kingdom,UNICEF,HIV,3567000.0,3776000.0,0.2171961773597233
United Kingdom,Unitaid,HIV,2630666.6666666665,6738000.0,0.2171961773597233
United Kingdom,WHO,HIV,4597333.333333333,4835000.0,0.2171961773597233
United States,Bilateral agency,HIV,4400099333.333333,4950251000.0,1.1250316470128174
United States,CEPI,HIV,0.0,0.0,0.9366675041467266
United States,Development banks,HIV,1041000.0,1840000.0,0.9366675041467266
United States,Gavi,HIV,0.0,0.0,0.9366675041467266
United States,Global Fund,HIV,838018333.3333334,452918000.0,0.540463116359825
United States,NGOs,HIV,1279512333.3333333,771487000.0,0.6029539379195772
United States,UNAIDS,HIV,100555000.0,62520000.0,0.6217492914325493
United States,UNFPA,HIV,7382666.666666667,859000.0,0.9366675041467266
United States,UNICEF,HIV,14020000.0,1020000.0,0.9366675041467266
United States,WHO,HIV,24870000.0,2461000.0,0.0989545637314033
Canada,Bilateral agency,TB,5816666.666666667,12086000.0,0.9707347755107811
Canada,CEPI,TB,0.0,0.0,0.9707347755107811
Canada,Development banks,TB,643666.6666666666,3000.0,0.9707347755107811
Canada,Gavi,TB,0.0,0.0,0.9707347755107811
Canada,Global Fund,TB,80529000.0,78090000.0,0.969712774280073
Canada,NGOs,TB,499333.3333333333,0.0,0.9707347755107811
Canada,UNAIDS,TB,66333.33333333333,0.0,0.9707347755107811
Canada,UNFPA,TB,0.0,0.0,0.9707347755107811
Canada,UNICEF,TB,0.0,0.0,0.9707347755107811
Canada,Unitaid,TB,4451000.0,0.0,0.9707347755107811
Canada,WHO,TB,2326666.6666666665,1393000.0,0.9707347755107811
Development-bank lending,Development banks,TB,80399666.66666667,26628000.0,0.3311954029660156
France,Bilateral agency,TB,14845333.333333334,9560000.0,0.6250347369498764
France,CEPI,TB,0.0,0.0,0.6250347369498764
France,Development banks,TB,605000.0,1000.0,0.6250347369498764
France,EU institutions,TB,29666.666666666668,32000.0,0.6250347369498764
France,Gavi,TB,0.0,0.0,0.6250347369498764
France,Global Fund,TB,129922666.66666667,87421000.0,0.6728695018575153
France,NGOs,TB,1983666.6666666667,1376000.0,0.6250347369498764
France,UNAIDS,TB,11333.333333333334,0.0,0.6250347369498764
France,UNFPA,TB,0.0,0.0,0.6250347369498764
France,UNICEF,TB,0.0,0.0,0.6250347369498764
France,Unitaid,TB,31867333.333333332,14125000.0,0.4432438651911048
France,WHO,TB,3057666.6666666665,1443000.0,0.6250347369498764
Gates Foundation,CEPI,TB,0.0,0.0,1.0478072656676394
Gates Foundation,Development banks,TB,0.0,0.0,1.0478072656676394
Gates Foundation,Gates direct,TB,160739666.66666666,177173000.0,1.1022357061832901
Gates Foundation,Gavi,TB,0.0,0.0,1.0478072656676394
Gates Foundation,Global Fund,TB,204889000.0,205356000.0,1.0022792829288054
Gates Foundation,NGOs,TB,17193000.0,24114000.0,1.0478072656676394
Gates Foundation,UNAIDS,TB,41000.0,0.0,1.0478072656676394
Gates Foundation,UNFPA,TB,0.0,0.0,1.0478072656676394
Gates Foundation,UNICEF,TB,0.0,0.0,1.0478072656676394
Gates Foundation,Unitaid,TB,4257000.0,493000.0,1.0478072656676394
Gates Foundation,WHO,TB,14137333.333333334,13304000.0,1.0478072656676394
Germany,Bilateral agency,TB,14807333.333333334,12379000.0,0.5512133598747893
Germany,CEPI,TB,0.0,0.0,0.5512133598747893
Germany,Development banks,TB,658333.3333333334,3000.0,0.5512133598747893
Germany,EU institutions,TB,39000.0,41000.0,0.5512133598747893
Germany,Gavi,TB,0.0,0.0,0.5512133598747893
Germany,Global Fund,TB,142946000.0,104621000.0,0.7318917633232129
Germany,NGOs,TB,21666.666666666668,25000.0,0.5512133598747893
Germany,UNAIDS,TB,224666.66666666666,0.0,0.5512133598747893
Germany,UNFPA,TB,0.0,0.0,0.5512133598747893
Germany,UNICEF,TB,0.0,0.0,0.5512133598747893
Germany,Unitaid,TB,4671000.0,147000.0,0.5512133598747893
Germany,WHO,TB,55995333.333333336,3700000.0,0.06607693498267712
Japan,Bilateral agency,TB,7927333.333333333,7930000.0,1.5
Japan,CEPI,TB,0.0,0.0,1.5
Japan,Development banks,TB,1052666.6666666667,5000.0,1.5
Japan,Gavi,TB,0.0,0.0,1.5
Japan,Global Fund,TB,57372000.0,95528000.0,1.5
Japan,NGOs,TB,550000.0,794000.0,1.5
Japan,UNAIDS,TB,14000.0,0.0,1.5
Japan,UNFPA,TB,0.0,0.0,1.5
Japan,UNICEF,TB,0.0,0.0,1.5
Japan,Unitaid,TB,1474000.0,1170000.0,1.5
Japan,WHO,TB,2425666.6666666665,1680000.0,1.5
Netherlands,Bilateral agency,TB,2666.6666666666665,0.0,0.7572983993406498
Netherlands,CEPI,TB,0.0,0.0,0.7572983993406498
Netherlands,Development banks,TB,176333.33333333334,1000.0,0.7572983993406498
Netherlands,EU institutions,TB,10000.0,10000.0,0.7572983993406498
Netherlands,Gavi,TB,0.0,0.0,0.7572983993406498
Netherlands,Global Fund,TB,20768333.333333332,16621000.0,0.8003049514485194
Netherlands,NGOs,TB,9333.333333333334,0.0,0.7572983993406498
Netherlands,UNAIDS,TB,413000.0,0.0,0.7572983993406498
Netherlands,UNFPA,TB,0.0,0.0,0.7572983993406498
Netherlands,UNICEF,TB,0.0,0.0,0.7572983993406498
Netherlands,Unitaid,TB,0.0,30000.0,0.7572983993406498
Netherlands,WHO,TB,1673333.3333333333,796000.0,0.7572983993406498
Non-DAC governments,Bilateral agency,TB,8040666.666666667,0.0,0.6751291364510413
Non-DAC governments,CEPI,TB,0.0,0.0,0.6751291364510413
Non-DAC governments,Development banks,TB,326333.3333333333,2000.0,0.6751291364510413
Non-DAC governments,Gavi,TB,0.0,0.0,0.6751291364510413
Non-DAC governments,Global Fund,TB,18838000.0,14291000.0,0.6751291364510413
Non-DAC governments,NGOs,TB,15244333.333333334,10324000.0,0.6751291364510413
Non-DAC governments,UNAIDS,TB,68000.0,0.0,0.6751291364510413
Non-DAC governments,UNFPA,TB,0.0,0.0,0.6751291364510413
Non-DAC governments,UNICEF,TB,0.0,0.0,0.6751291364510413
Non-DAC governments,Unitaid,TB,804666.6666666666,594000.0,0.6751291364510413
Non-DAC governments,WHO,TB,9722666.666666666,10601000.0,0.6751291364510413
Nordics,Bilateral agency,TB,2843000.0,681000.0,0.7746062941488184
Nordics,CEPI,TB,0.0,0.0,0.7746062941488184
Nordics,Development banks,TB,535333.3333333334,2000.0,0.7746062941488184
Nordics,EU institutions,TB,11333.333333333334,14000.0,0.7746062941488184
Nordics,Gavi,TB,0.0,0.0,0.7746062941488184
Nordics,Global Fund,TB,50000333.333333336,44250000.0,0.884994100039333
Nordics,NGOs,TB,3153666.6666666665,2732000.0,0.7746062941488184
Nordics,UNAIDS,TB,820666.6666666666,0.0,0.7746062941488184
Nordics,UNFPA,TB,0.0,0.0,0.7746062941488184
Nordics,UNICEF,TB,0.0,0.0,0.7746062941488184
Nordics,Unitaid,TB,2934333.3333333335,319000.0,0.7746062941488184
Nordics,WHO,TB,4491666.666666667,2189000.0,0.7746062941488184
Other / unallocable,CEPI,TB,0.0,0.0,0.8607732953115826
Other / unallocable,Development banks,TB,318666.6666666667,3000.0,0.8607732953115826
Other / unallocable,Gavi,TB,0.0,0.0,0.8607732953115826
Other / unallocable,UNAIDS,TB,140333.33333333334,0.0,0.8607732953115826
Other / unallocable,UNFPA,TB,0.0,0.0,0.8607732953115826
Other / unallocable,UNICEF,TB,0.0,0.0,0.8607732953115826
Other / unallocable,WHO,TB,7489666.666666667,6839000.0,0.8607732953115826
Other DAC governments,Bilateral agency,TB,13708000.0,8138000.0,0.5131722807727965
Other DAC governments,CEPI,TB,200333.33333333334,0.0,0.5131722807727965
Other DAC governments,Development banks,TB,1186666.6666666667,7000.0,0.5131722807727965
Other DAC governments,EU institutions,TB,70000.0,89000.0,0.5131722807727965
Other DAC governments,Gavi,TB,0.0,0.0,0.5131722807727965
Other DAC governments,Global Fund,TB,121907000.0,58415000.0,0.47917674948936484
Other DAC governments,NGOs,TB,6265333.333333333,5342000.0,0.5131722807727965
Other DAC governments,UNAIDS,TB,987000.0,0.0,0.5131722807727965
Other DAC governments,UNFPA,TB,0.0,0.0,0.5131722807727965
Other DAC governments,UNICEF,TB,0.0,0.0,0.5131722807727965
Other DAC governments,Unitaid,TB,2783000.0,4072000.0,0.5131722807727965
Other DAC governments,WHO,TB,9294333.333333334,4198000.0,0.5131722807727965
Other private,CEPI,TB,0.0,0.0,1.3624263278425537
Other private,Gavi,TB,0.0,0.0,1.3624263278425537
Other private,Global Fund,TB,14364666.666666666,27964000.0,1.3624263278425537
Other private,NGOs,TB,63731666.666666664,76134000.0,1.1946023693088208
Other private,UNAIDS,TB,4666.666666666667,0.0,1.3624263278425537
Other private,UNFPA,TB,0.0,0.0,1.3624263278425537
Other private,UNICEF,TB,0.0,0.0,1.3624263278425537
Other private,Unitaid,TB,1605000.0,0.0,1.3624263278425537
Other private,WHO,TB,6317000.0,13102000.0,1.3624263278425537
United Kingdom,Bilateral agency,TB,18213666.666666668,13691000.0,0.24084069886047743
United Kingdom,CEPI,TB,0.0,0.0,0.24084069886047743
United Kingdom,Development banks,TB,431666.6666666667,4000.0,0.24084069886047743
United Kingdom,EU institutions,TB,9666.666666666666,5000.0,0.24084069886047743
United Kingdom,Gavi,TB,0.0,0.0,0.24084069886047743
United Kingdom,Global Fund,TB,190905666.66666666,31047000.0,0.16263005987250248
United Kingdom,NGOs,TB,9130000.0,2011000.0,0.24084069886047743
United Kingdom,UNAIDS,TB,59666.666666666664,0.0,0.24084069886047743
United Kingdom,UNFPA,TB,0.0,0.0,0.24084069886047743
United Kingdom,UNICEF,TB,0.0,0.0,0.24084069886047743
United Kingdom,Unitaid,TB,2581000.0,2678000.0,0.24084069886047743
United Kingdom,WHO,TB,7097666.666666667,5579000.0,0.24084069886047743
United States,Bilateral agency,TB,289010333.3333333,225073000.0,0.7787714626120635
United States,CEPI,TB,0.0,0.0,0.744539872346439
United States,Development banks,TB,1089666.6666666667,6000.0,0.744539872346439
United States,Gavi,TB,0.0,0.0,0.744539872346439
United States,Global Fund,TB,469149000.0,336658000.0,0.7175929182413263
United States,NGOs,TB,155481333.33333334,136140000.0,0.8756035022424985
United States,UNAIDS,TB,1509666.6666666667,0.0,0.744539872346439
United States,UNFPA,TB,0.0,0.0,0.744539872346439
United States,UNICEF,TB,51666.666666666664,0.0,0.744539872346439
United States,WHO,TB,24849333.333333332,2840000.0,0.11428878038310887
Canada,Bilateral agency,Malaria,2344666.6666666665,5800000.0,1.0291337367555269
Canada,CEPI,Malaria,0.0,0.0,1.0291337367555269
Canada,Development banks,Malaria,424333.3333333333,174000.0,1.0291337367555269
Canada,Gavi,Malaria,979666.6666666666,0.0,1.0291337367555269
Canada,Global Fund,Malaria,89110333.33333333,97577000.0,1.095013298121056
Canada,NGOs,Malaria,5666.666666666667,0.0,1.0291337367555269
Canada,UNAIDS,Malaria,0.0,0.0,1.0291337367555269
Canada,UNFPA,Malaria,0.0,0.0,1.0291337367555269
Canada,UNICEF,Malaria,31000.0,0.0,1.0291337367555269
Canada,Unitaid,Malaria,6412333.333333333,0.0,1.0291337367555269
Canada,WHO,Malaria,2212333.3333333335,927000.0,1.0291337367555269
Development-bank lending,Development banks,Malaria,8064333.333333333,2435000.0,0.3019468441284669
France,Bilateral agency,Malaria,14006333.333333334,6893000.0,0.5917253025612159
France,CEPI,Malaria,0.0,0.0,0.5917253025612159
France,Development banks,Malaria,3666.6666666666665,68000.0,0.5917253025612159
France,EU institutions,Malaria,168333.33333333334,35000.0,0.5917253025612159
France,Gavi,Malaria,0.0,0.0,0.5917253025612159
France,Global Fund,Malaria,145523666.66666666,109239000.0,0.750661404445096
France,NGOs,Malaria,550333.3333333334,1000.0,0.5917253025612159
France,UNAIDS,Malaria,0.0,0.0,0.5917253025612159
France,UNFPA,Malaria,1333.3333333333333,0.0,0.5917253025612159
France,UNICEF,Malaria,0.0,0.0,0.5917253025612159
France,Unitaid,Malaria,50043666.666666664,8948000.0,0.1788038446423457
France,WHO,Malaria,2882666.6666666665,960000.0,0.5917253025612159
Gates Foundation,CEPI,Malaria,0.0,0.0,0.9916384186761709
Gates Foundation,Development banks,Malaria,0.0,0.0,0.9916384186761709
Gates Foundation,Gates direct,Malaria,288009666.6666667,292850000.0,1.0168061488676885
Gates Foundation,Gavi,Malaria,0.0,0.0,0.9916384186761709
Gates Foundation,Global Fund,Malaria,215830333.33333334,233205000.0,1.0805015050402245
Gates Foundation,NGOs,Malaria,98295333.33333333,86249000.0,0.8774475560046934
Gates Foundation,UNAIDS,Malaria,0.0,0.0,0.9916384186761709
Gates Foundation,UNFPA,Malaria,0.0,0.0,0.9916384186761709
Gates Foundation,UNICEF,Malaria,781000.0,0.0,0.9916384186761709
Gates Foundation,Unitaid,Malaria,4976333.333333333,312000.0,0.9916384186761709
Gates Foundation,WHO,Malaria,22929000.0,12931000.0,0.5639583060752759
Germany,Bilateral agency,Malaria,8333666.666666666,27723000.0,0.8652104879200103
Germany,CEPI,Malaria,0.0,0.0,0.8652104879200103
Germany,Development banks,Malaria,765666.6666666666,208000.0,0.8652104879200103
Germany,EU institutions,Malaria,236000.0,44000.0,0.8652104879200103
Germany,Gavi,Malaria,0.0,0.0,0.8652104879200103
Germany,Global Fund,Malaria,159761666.66666666,130742000.0,0.8183565102183461
Germany,NGOs,Malaria,263333.3333333333,24000.0,0.8652104879200103
Germany,UNAIDS,Malaria,0.0,0.0,0.8652104879200103
Germany,UNFPA,Malaria,1666.6666666666667,0.0,0.8652104879200103
Germany,UNICEF,Malaria,0.0,0.0,0.8652104879200103
Germany,Unitaid,Malaria,8790666.666666666,93000.0,0.8652104879200103
Germany,WHO,Malaria,8271333.333333334,2462000.0,0.8652104879200103
Japan,Bilateral agency,Malaria,8373666.666666666,8855000.0,1.5
Japan,CEPI,Malaria,0.0,0.0,1.5
Japan,Development banks,Malaria,1348000.0,307000.0,1.5
Japan,Gavi,Malaria,0.0,0.0,1.5
Japan,Global Fund,Malaria,63334666.666666664,119367000.0,1.5
Japan,NGOs,Malaria,28333.333333333332,0.0,1.5
Japan,UNAIDS,Malaria,0.0,0.0,1.5
Japan,UNFPA,Malaria,0.0,0.0,1.5
Japan,UNICEF,Malaria,0.0,0.0,1.5
Japan,Unitaid,Malaria,2818666.6666666665,742000.0,1.5
Japan,WHO,Malaria,2201333.3333333335,1118000.0,1.5
Netherlands,Bilateral agency,Malaria,223333.33333333334,166000.0,0.8562835013040117
Netherlands,CEPI,Malaria,0.0,0.0,0.8562835013040117
Netherlands,Development banks,Malaria,71000.0,78000.0,0.8562835013040117
Netherlands,EU institutions,Malaria,54666.666666666664,19000.0,0.8562835013040117
Netherlands,Gavi,Malaria,0.0,0.0,0.8562835013040117
Netherlands,Global Fund,Malaria,23257000.0,20774000.0,0.8932364449413079
Netherlands,NGOs,Malaria,221666.66666666666,192000.0,0.8562835013040117
Netherlands,UNAIDS,Malaria,0.0,0.0,0.8562835013040117
Netherlands,UNFPA,Malaria,333.3333333333333,0.0,0.8562835013040117
Netherlands,UNICEF,Malaria,0.0,0.0,0.8562835013040117
Netherlands,Unitaid,Malaria,0.0,20000.0,0.8562835013040117
Netherlands,WHO,Malaria,1606333.3333333333,530000.0,0.8562835013040117
Non-DAC governments,Bilateral agency,Malaria,109333.33333333333,176000.0,0.7296362023070099
Non-DAC governments,CEPI,Malaria,0.0,0.0,0.7296362023070099
Non-DAC governments,Development banks,Malaria,365666.6666666667,133000.0,0.7296362023070099
Non-DAC governments,Gavi,Malaria,0.0,0.0,0.7296362023070099
Non-DAC governments,Global Fund,Malaria,21135666.666666668,17936000.0,0.8486129291718579
Non-DAC governments,NGOs,Malaria,20489333.333333332,12696000.0,0.6196394872128588
Non-DAC governments,UNAIDS,Malaria,0.0,0.0,0.7296362023070099
Non-DAC governments,UNFPA,Malaria,0.0,0.0,0.7296362023070099
Non-DAC governments,UNICEF,Malaria,0.0,0.0,0.7296362023070099
Non-DAC governments,Unitaid,Malaria,1173666.6666666667,377000.0,0.7296362023070099
Non-DAC governments,WHO,Malaria,9319666.666666666,7056000.0,0.7296362023070099
Nordics,Bilateral agency,Malaria,2973333.3333333335,707000.0,0.8349951799254687
Nordics,CEPI,Malaria,0.0,0.0,0.8349951799254687
Nordics,Development banks,Malaria,556000.0,189000.0,0.8349951799254687
Nordics,EU institutions,Malaria,60333.333333333336,28000.0,0.8349951799254687
Nordics,Gavi,Malaria,0.0,0.0,0.8349951799254687
Nordics,Global Fund,Malaria,55539666.666666664,55310000.0,0.9958648173377587
Nordics,NGOs,Malaria,89666.66666666667,139000.0,0.8349951799254687
Nordics,UNAIDS,Malaria,0.0,0.0,0.8349951799254687
Nordics,UNFPA,Malaria,333.3333333333333,0.0,0.8349951799254687
Nordics,UNICEF,Malaria,801666.6666666666,0.0,0.8349951799254687
Nordics,Unitaid,Malaria,5396666.666666667,202000.0,0.8349951799254687
Nordics,WHO,Malaria,4083333.3333333335,1458000.0,0.8349951799254687
Other / unallocable,CEPI,Malaria,0.0,0.0,0.6185793763746927
Other / unallocable,Development banks,Malaria,716333.3333333334,229000.0,0.6185793763746927
Other / unallocable,Gavi,Malaria,0.0,0.0,0.6185793763746927
Other / unallocable,UNAIDS,Malaria,0.0,0.0,0.6185793763746927
Other / unallocable,UNFPA,Malaria,0.0,0.0,0.6185793763746927
Other / unallocable,UNICEF,Malaria,0.0,0.0,0.6185793763746927
Other / unallocable,WHO,Malaria,7012666.666666667,4552000.0,0.6185793763746927
Other DAC governments,Bilateral agency,Malaria,17452333.333333332,8231000.0,0.517227917145375
Other DAC governments,CEPI,Malaria,501333.3333333333,0.0,0.517227917145375
Other DAC governments,Development banks,Malaria,1225333.3333333333,424000.0,0.517227917145375
Other DAC governments,EU institutions,Malaria,395666.6666666667,146000.0,0.517227917145375
Other DAC governments,Gavi,Malaria,0.0,0.0,0.517227917145375
Other DAC governments,Global Fund,Malaria,136277666.66666666,73100000.0,0.5364048401180923
Other DAC governments,NGOs,Malaria,6561000.0,5465000.0,0.517227917145375
Other DAC governments,UNAIDS,Malaria,1564333.3333333333,0.0,0.517227917145375
Other DAC governments,UNFPA,Malaria,3000.0,0.0,0.517227917145375
Other DAC governments,UNICEF,Malaria,0.0,0.0,0.517227917145375
Other DAC governments,Unitaid,Malaria,3611666.6666666665,2581000.0,0.517227917145375
Other DAC governments,WHO,Malaria,11709666.666666666,2793000.0,0.517227917145375
Other private,CEPI,Malaria,0.0,0.0,0.751493078596892
Other private,Gavi,Malaria,0.0,0.0,0.751493078596892
Other private,Global Fund,Malaria,16000000.0,34958000.0,0.751493078596892
Other private,NGOs,Malaria,126175333.33333333,69947000.0,0.5543635047526458
Other private,UNAIDS,Malaria,0.0,0.0,0.751493078596892
Other private,UNFPA,Malaria,0.0,0.0,0.751493078596892
Other private,UNICEF,Malaria,0.0,0.0,0.751493078596892
Other private,Unitaid,Malaria,3064666.6666666665,0.0,0.751493078596892
Other private,WHO,Malaria,5957666.666666667,8719000.0,0.751493078596892
United Kingdom,Bilateral agency,Malaria,22074333.333333332,16036000.0,0.7264545550639506
United Kingdom,CEPI,Malaria,0.0,0.0,0.24141677070769935
United Kingdom,Development banks,Malaria,343666.6666666667,252000.0,0.24141677070769935
United Kingdom,EU institutions,Malaria,51000.0,14000.0,0.24141677070769935
United Kingdom,Gavi,Malaria,0.0,0.0,0.24141677070769935
United Kingdom,Global Fund,Malaria,210574333.33333334,38800000.0,0.18425797382713624
United Kingdom,NGOs,Malaria,23375333.333333332,4009000.0,0.1715055756780652
United Kingdom,UNAIDS,Malaria,0.0,0.0,0.24141677070769935
United Kingdom,UNFPA,Malaria,562666.6666666666,0.0,0.24141677070769935
United Kingdom,UNICEF,Malaria,750333.3333333334,0.0,0.24141677070769935
United Kingdom,Unitaid,Malaria,2872000.0,1696000.0,0.24141677070769935
United Kingdom,WHO,Malaria,6652000.0,3713000.0,0.24141677070769935
United States,Bilateral agency,Malaria,564829000.0,513634000.0,0.9093619484835234
United States,CEPI,Malaria,0.0,0.0,0.8026504144422538
United States,Development banks,Malaria,953000.0,373000.0,0.8026504144422538
United States,Gavi,Malaria,0.0,0.0,0.8026504144422538
United States,Global Fund,Malaria,530321000.0,420665000.0,0.7932271209324164
United States,NGOs,Malaria,214982333.33333334,130463000.0,0.606854516727731
United States,UNAIDS,Malaria,0.0,0.0,0.8026504144422538
United States,UNFPA,Malaria,0.0,0.0,0.8026504144422538
United States,UNICEF,Malaria,241333.33333333334,0.0,0.8026504144422538
United States,WHO,Malaria,18050333.333333332,1890000.0,0.8026504144422538
Canada,Bilateral agency,Immunization,280333.3333333333,188000.0,1.0647487047378406
Canada,CEPI,Immunization,42000.0,0.0,1.0647487047378406
Canada,Development banks,Immunization,224000.0,1460000.0,1.0647487047378406
Canada,Gavi,Immunization,45703000.0,67437000.0,1.4755486510732336
Canada,Global Fund,Immunization,0.0,0.0,1.0647487047378406
Canada,NGOs,Immunization,6000.0,14000.0,1.0647487047378406
Canada,UNAIDS,Immunization,0.0,0.0,1.0647487047378406
Canada,UNFPA,Immunization,0.0,0.0,1.0647487047378406
Canada,UNICEF,Immunization,30526000.0,14842000.0,0.4862084780187381
Canada,Unitaid,Immunization,0.0,0.0,1.0647487047378406
Canada,WHO,Immunization,4219000.0,2304000.0,1.0647487047378406
Development-bank lending,Development banks,Immunization,13044666.666666666,43447000.0,1.5
France,Bilateral agency,Immunization,498666.6666666667,194000.0,0.7761490203648297
France,CEPI,Immunization,0.0,0.0,0.7761490203648297
France,Development banks,Immunization,87333.33333333333,573000.0,0.7761490203648297
France,EU institutions,Immunization,173666.66666666666,623000.0,0.7761490203648297
France,Gavi,Immunization,144697000.0,120772000.0,0.8346544848891131
France,Global Fund,Immunization,0.0,0.0,0.7761490203648297
France,NGOs,Immunization,1000.0,0.0,0.7761490203648297
France,UNAIDS,Immunization,0.0,0.0,0.7761490203648297
France,UNFPA,Immunization,0.0,0.0,0.7761490203648297
France,UNICEF,Immunization,23545333.333333332,9478000.0,0.4025426128319837
France,Unitaid,Immunization,0.0,0.0,0.7761490203648297
France,WHO,Immunization,3680333.3333333335,2388000.0,0.7761490203648297
Gates Foundation,CEPI,Immunization,0.0,0.0,0.9180536733697745
Gates Foundation,Development banks,Immunization,0.0,0.0,0.9180536733697745
Gates Foundation,Gates direct,Immunization,621326000.0,673553000.0,1.084057322564966
Gates Foundation,Gavi,Immunization,183411000.0,269866000.0,1.4713730365136224
Gates Foundation,Global Fund,Immunization,0.0,0.0,0.9180536733697745
Gates Foundation,NGOs,Immunization,211752000.0,131572000.0,0.6213495031924138
Gates Foundation,UNAIDS,Immunization,0.0,0.0,0.9180536733697745
Gates Foundation,UNFPA,Immunization,0.0,0.0,0.9180536733697745
Gates Foundation,UNICEF,Immunization,125617333.33333333,27735000.0,0.2207895937927887
Gates Foundation,Unitaid,Immunization,0.0,0.0,0.9180536733697745
Gates Foundation,WHO,Immunization,177281666.66666666,108543000.0,0.612262971354436
Germany,Bilateral agency,Immunization,4798000.0,916000.0,0.9599791022996478
Germany,CEPI,Immunization,0.0,0.0,0.9599791022996478
Germany,Development banks,Immunization,309333.3333333333,1747000.0,0.9599791022996478
Germany,EU institutions,Immunization,258666.6666666667,833000.0,0.9599791022996478
Germany,Gavi,Immunization,100997000.0,131240000.0,1.2994445379565729
Germany,Global Fund,Immunization,0.0,0.0,0.9599791022996478
Germany,NGOs,Immunization,333.3333333333333,3000.0,0.9599791022996478
Germany,UNAIDS,Immunization,0.0,0.0,0.9599791022996478
Germany,UNFPA,Immunization,0.0,0.0,0.9599791022996478
Germany,UNICEF,Immunization,103044333.33333333,72288000.0,0.7015232925633951
Germany,Unitaid,Immunization,0.0,0.0,0.9599791022996478
Germany,WHO,Immunization,12626333.333333334,6121000.0,0.9599791022996478
Japan,Bilateral agency,Immunization,3798333.3333333335,14913000.0,0.8590015207247488
Japan,CEPI,Immunization,25185000.0,0.0,0.0
Japan,Development banks,Immunization,955000.0,2669000.0,0.8590015207247488
Japan,Gavi,Immunization,10054333.333333334,28795000.0,0.8590015207247488
Japan,Global Fund,Immunization,0.0,0.0,0.8590015207247488
Japan,NGOs,Immunization,0.0,0.0,0.8590015207247488
Japan,UNAIDS,Immunization,0.0,0.0,0.8590015207247488
Japan,UNFPA,Immunization,0.0,0.0,0.8590015207247488
Japan,UNICEF,Immunization,34215333.333333336,16932000.0,0.49486584961907915
Japan,Unitaid,Immunization,0.0,0.0,0.8590015207247488
Japan,WHO,Immunization,2729000.0,2780000.0,0.8590015207247488
Netherlands,Bilateral agency,Immunization,349333.3333333333,36000.0,0.9417154432287924
Netherlands,CEPI,Immunization,0.0,0.0,0.9417154432287924
Netherlands,Development banks,Immunization,45666.666666666664,655000.0,0.9417154432287924
Netherlands,EU institutions,Immunization,55000.0,173000.0,0.9417154432287924
Netherlands,Gavi,Immunization,37123000.0,34021000.0,0.9164399428925464
Netherlands,Global Fund,Immunization,0.0,0.0,0.9417154432287924
Netherlands,NGOs,Immunization,16333.333333333332,0.0,0.9417154432287924
Netherlands,UNAIDS,Immunization,0.0,0.0,0.9417154432287924
Netherlands,UNFPA,Immunization,0.0,0.0,0.9417154432287924
Netherlands,UNICEF,Immunization,16940666.666666668,17105000.0,0.9417154432287924
Netherlands,Unitaid,Immunization,0.0,0.0,0.9417154432287924
Netherlands,WHO,Immunization,2077333.3333333335,1318000.0,0.9417154432287924
Non-DAC governments,Bilateral agency,Immunization,23967333.333333332,22557000.0,0.9411560179132709
Non-DAC governments,CEPI,Immunization,0.0,0.0,0.7911242217803709
Non-DAC governments,Development banks,Immunization,235333.33333333334,1127000.0,0.7911242217803709
Non-DAC governments,Gavi,Immunization,10920000.0,7704000.0,0.7911242217803709
Non-DAC governments,Global Fund,Immunization,0.0,0.0,0.7911242217803709
Non-DAC governments,NGOs,Immunization,6385666.666666667,1269000.0,0.7911242217803709
Non-DAC governments,UNAIDS,Immunization,0.0,0.0,0.7911242217803709
Non-DAC governments,UNFPA,Immunization,0.0,0.0,0.7911242217803709
Non-DAC governments,UNICEF,Immunization,47761000.0,30705000.0,0.6428885492347313
Non-DAC governments,Unitaid,Immunization,0.0,0.0,0.7911242217803709
Non-DAC governments,WHO,Immunization,12994000.0,17541000.0,0.7911242217803709
Nordics,Bilateral agency,Immunization,4236333.333333333,1266000.0,0.8189679049064914
Nordics,CEPI,Immunization,12361333.333333334,0.0,0.8189679049064914
Nordics,Development banks,Immunization,229333.33333333334,1577000.0,0.8189679049064914
Nordics,EU institutions,Immunization,127333.33333333333,219000.0,0.8189679049064914
Nordics,Gavi,Immunization,205249666.66666666,186207000.0,0.9072219362110211
Nordics,Global Fund,Immunization,0.0,0.0,0.8189679049064914
Nordics,NGOs,Immunization,244000.0,215000.0,0.8189679049064914
Nordics,UNAIDS,Immunization,0.0,0.0,0.8189679049064914
Nordics,UNFPA,Immunization,0.0,0.0,0.8189679049064914
Nordics,UNICEF,Immunization,60286000.0,44428000.0,0.7369538532992734
Nordics,Unitaid,Immunization,0.0,0.0,0.8189679049064914
Nordics,WHO,Immunization,7310333.333333333,3625000.0,0.8189679049064914
Other / unallocable,CEPI,Immunization,0.0,0.0,1.5
Other / unallocable,Development banks,Immunization,3003000.0,2742000.0,1.5
Other / unallocable,Gavi,Immunization,94759000.0,380621000.0,1.5
Other / unallocable,UNAIDS,Immunization,0.0,0.0,1.5
Other / unallocable,UNFPA,Immunization,0.0,0.0,1.5
Other / unallocable,UNICEF,Immunization,131157333.33333334,167572000.0,1.2776411027976577
Other / unallocable,WHO,Immunization,8787333.333333334,11316000.0,1.5
Other DAC governments,Bilateral agency,Immunization,16196000.0,16208000.0,0.9019825545834109
Other DAC governments,CEPI,Immunization,4539333.333333333,0.0,0.9019825545834109
Other DAC governments,Development banks,Immunization,703666.6666666666,3571000.0,0.9019825545834109
Other DAC governments,EU institutions,Immunization,404666.6666666667,1514000.0,0.9019825545834109
Other DAC governments,Gavi,Immunization,136863333.33333334,150009000.0,1.0960495871794247
Other DAC governments,Global Fund,Immunization,0.0,0.0,0.9019825545834109
Other DAC governments,NGOs,Immunization,1954000.0,1514000.0,0.9019825545834109
Other DAC governments,UNAIDS,Immunization,0.0,0.0,0.9019825545834109
Other DAC governments,UNFPA,Immunization,0.0,0.0,0.9019825545834109
Other DAC governments,UNICEF,Immunization,75402000.0,46355000.0,0.6147714914723748
Other DAC governments,Unitaid,Immunization,0.0,0.0,0.9019825545834109
Other DAC governments,WHO,Immunization,14623666.666666666,6944000.0,0.9019825545834109
Other private,CEPI,Immunization,0.0,0.0,0.6049179128589979
Other private,Gavi,Immunization,8401333.333333334,8270000.0,0.6049179128589979
Other private,Global Fund,Immunization,0.0,0.0,0.6049179128589979
Other private,NGOs,Immunization,213936333.33333334,83477000.0,0.39019552546006675
Other private,UNAIDS,Immunization,0.0,0.0,0.6049179128589979
Other private,UNFPA,Immunization,0.0,0.0,0.6049179128589979
Other private,UNICEF,Immunization,207417333.33333334,151180000.0,0.7288686898555569
Other private,Unitaid,Immunization,0.0,0.0,0.6049179128589979
Other private,WHO,Immunization,7666333.333333333,21677000.0,0.6049179128589979
United Kingdom,Bilateral agency,Immunization,39528000.0,28434000.0,0.7193381906496661
United Kingdom,CEPI,Immunization,7717333.333333333,0.0,1.5
United Kingdom,Development banks,Immunization,212000.0,2116000.0,1.5
United Kingdom,EU institutions,Immunization,45000.0,89000.0,1.5
United Kingdom,Gavi,Immunization,311962333.3333333,719925000.0,1.5
United Kingdom,Global Fund,Immunization,0.0,0.0,1.5
United Kingdom,NGOs,Immunization,5566666.666666667,3955000.0,1.5
United Kingdom,UNAIDS,Immunization,0.0,0.0,1.5
United Kingdom,UNFPA,Immunization,0.0,0.0,1.5
United Kingdom,UNICEF,Immunization,39995333.333333336,54476000.0,1.3620589068724684
United Kingdom,Unitaid,Immunization,0.0,0.0,1.5
United Kingdom,WHO,Immunization,23219333.333333332,9230000.0,0.3975135662809728
United States,Bilateral agency,Immunization,16399666.666666668,4154000.0,0.10945690009672357
United States,CEPI,Immunization,0.0,0.0,0.10945690009672357
United States,Development banks,Immunization,445666.6666666667,3130000.0,0.10945690009672357
United States,Gavi,Immunization,239199666.66666666,0.0,0.0
United States,Global Fund,Immunization,0.0,0.0,0.10945690009672357
United States,NGOs,Immunization,30636000.0,23694000.0,0.77340383862123
United States,UNAIDS,Immunization,0.0,0.0,0.10945690009672357
United States,UNFPA,Immunization,0.0,0.0,0.10945690009672357
United States,UNICEF,Immunization,149880666.66666666,14720000.0,0.09821146601073744
United States,WHO,Immunization,23857000.0,4698000.0,0.1969233348702687
