recipient_country,recipient_isocode,file
Angola,AGO,Angola.csv
Azerbaijan,AZE,Azerbaijan.csv
Bangladesh,BGD,Bangladesh.csv
Belize,BLZ,Belize.csv
Benin,BEN,Benin.csv
Bolivia,BOL,Bolivia.csv
Botswana,BWA,Botswana.csv
Burkina Faso,BFA,Burkina_Faso.csv
Burundi,BDI,Burundi.csv
Cambodia,KHM,Cambodia.csv
Cameroon,CMR,Cameroon.csv
Central African Republic,CAF,Central_African_Republic.csv
Cote d'Ivoire,CIV,Cote_d_Ivoire.csv
Democratic Republic of the Congo,COD,Democratic_Republic_of_the_Congo.csv
Djibouti,DJI,Djibouti.csv
Dominican Republic,DOM,Dominican_Republic.csv
Egypt,EGY,Egypt.csv
El Salvador,SLV,El_Salvador.csv
Ethiopia,ETH,Ethiopia.csv
Fiji,FJI,Fiji.csv
Ghana,GHA,Ghana.csv
Guatemala,GTM,Guatemala.csv
Guinea,GIN,Guinea.csv
Guyana,GUY,Guyana.csv
Haiti,HTI,Haiti.csv
Honduras,HND,Honduras.csv
India,IND,India.csv
Indonesia,IDN,Indonesia.csv
Iraq,IRQ,Iraq.csv
Jamaica,JAM,Jamaica.csv
Jordan,JOR,Jordan.csv
Kenya,KEN,Kenya.csv
Kyrgyzstan,KGZ,Kyrgyzstan.csv
Laos,LAO,Laos.csv
Lesotho,LSO,Lesotho.csv
Liberia,LBR,Liberia.csv
Libya,LBY,Libya.csv
Madagascar,MDG,Madagascar.csv
Malawi,MWI,Malawi.csv
Mali,MLI,Mali.csv
Mauritius,MUS,Mauritius.csv
Moldova,MDA,Moldova.csv
Mongolia,MNG,Mongolia.csv
Mozambique,MOZ,Mozambique.csv
Namibia,NAM,Namibia.csv
Nepal,NPL,Nepal.csv
Nicaragua,NIC,Nicaragua.csv
Niger,NER,Niger.csv
Nigeria,NGA,Nigeria.csv
Pakistan,PAK,Pakistan.csv
Panama,PAN,Panama.csv
Papua New Guinea,PNG,Papua_New_Guinea.csv
Philippines,PHL,Philippines.csv
Rwanda,RWA,Rwanda.csv
Sao Tome and Principe,STP,Sao_Tome_and_Principe.csv
Senegal,SEN,Senegal.csv
Sierra Leone,SLE,Sierra_Leone.csv
Somalia,SOM,Somalia.csv
South Africa,ZAF,South_Africa.csv
South Sudan,SSD,South_Sudan.csv
Swaziland,SWZ,Swaziland.csv
Tajikistan,TJK,Tajikistan.csv
Tanzania,TZA,Tanzania.csv
The Gambia,GMB,The_Gambia.csv
Timor-Leste,TLS,Timor_Leste.csv
Togo,TGO,Togo.csv
Uganda,UGA,Uganda.csv
Venezuela,VEN,Venezuela.csv
Vietnam,VNM,Vietnam.csv
Zambia,ZMB,Zambia.csv
Zimbabwe,ZWE,Zimbabwe.csv
