iso3,year,population_m,gov_gross_debt_pct_gdp,gov_expenditure_pct_gdp,gov_revenue_pct_gdp,gov_net_lending_pct_gdp,gdp_usd_bn,gdp_is_estimate,pop_is_estimate,gdp_usd_bn_2023
BDI,1980,4.011,,,,,1.106,False,False,1.5376477169926681
BDI,1981,4.129,,,,,1.151,False,False,1.7048828393227093
BDI,1982,4.25,,,,,1.216,False,False,1.6948656139056775
BDI,1983,4.374,,,,,1.287,False,False,1.7566536967408266
BDI,1984,4.502,,,,,1.17,False,False,1.7633087394050648
BDI,1985,4.634,,,,,1.362,False,False,1.9801838691852878
BDI,1986,4.77,,,,,1.435,False,False,2.0623374915818826
BDI,1987,4.91,,,,,1.352,False,False,2.1750849486748027
BDI,1988,5.054,,,,,1.267,False,False,2.293951255069739
BDI,1989,5.202,,,,,1.316,False,False,2.3404605891101022
BDI,1990,5.354,,17.411,25.549,8.139,1.316,False,False,2.4350570085058947
BDI,1991,5.511,,19.215,23.356,4.141,1.358,False,False,2.579949378419923
BDI,1992,5.668,,26.112,21.948,-4.164,1.26,False,False,2.6152820534988854
BDI,1993,5.658,,24.024,22.805,-1.219,1.092,False,False,2.4952414025370206
BDI,1994,5.756,,19.376,17.614,-1.762,1.076,False,False,2.423685609590108
BDI,1995,5.864,,22.118,18.402,-3.717,1.164,False,False,2.1767436396150233
BDI,1996,5.972,,24.443,15.829,-8.615,1.011,False,False,2.022217255783871
BDI,1997,6.07,,18.778,14.297,-4.481,1.131,False,False,2.0390277717887826
BDI,1998,6.187,,19.94,15.507,-4.434,1.039,False,False,2.1340468539737873
BDI,1999,6.337,,20.457,15.129,-5.327,0.999,False,False,2.127161097476276
BDI,2000,6.47,120.043,21.686,16.024,-5.662,0.989,False,False,2.126537074437382
BDI,2001,6.634,113.622,22.657,14.879,-7.779,0.983,False,False,2.167817330147136
BDI,2002,6.824,144.8,21.907,17.009,-4.898,0.907,False,False,2.249954498153208
BDI,2003,7.043,159.878,33.904,20.202,-13.702,0.844,False,False,2.249181494893643
BDI,2004,7.311,166.092,39.234,24.369,-14.865,0.952,False,False,2.3453142303991688
BDI,2005,7.587,136.98,33.142,22.587,-10.556,1.117,False,False,2.39285912123255
BDI,2006,7.866,130.255,36.474,26.55,-9.924,1.273,False,False,2.522654094525876
BDI,2007,8.162,129.613,38.965,36.455,-2.51,1.356,False,False,2.609263158679791
BDI,2008,8.506,102.515,41.163,38.458,-2.704,1.612,False,False,2.736937709843382
BDI,2009,8.948,25.69,37.988,32.843,-5.145,1.775,False,False,2.840815090744813
BDI,2010,9.376,46.912,40.844,37.207,-3.637,2.032,False,False,2.985532114687924
BDI,2011,9.718,42.706,42.187,38.696,-3.491,2.236,False,False,3.1060280613043254
BDI,2012,10.071,41.43,37.544,33.75,-3.794,2.333,False,False,3.2436422229830555
BDI,2013,10.439,37.858,34.769,32.87,-1.899,2.456,False,False,3.4029883785245034
BDI,2014,10.8,37.971,28.459,24.529,-3.929,2.706,False,False,3.5474744082431378
BDI,2015,11.048,39.926,23.168,15.609,-7.559,3.104,False,False,3.4917323245002274
BDI,2016,11.239,46.119,22.574,15.463,-7.111,2.96,False,False,3.559917278121166
BDI,2017,11.507,46.902,24.093,19.087,-5.006,3.172,False,False,3.658845750136133
BDI,2018,11.859,52.971,26.019,19.36,-6.659,3.037,False,False,3.8111774458176826
BDI,2019,12.255,60.053,28.802,22.4,-6.402,3.009,False,False,3.95092576760168
BDI,2020,12.617,65.9,29.168,22.589,-6.579,3.089,False,False,3.963765380604161
BDI,2021,12.965,63.597,28.391,23.792,-4.599,3.356,False,False,4.0886318887520705
BDI,2022,13.321,69.824,33.516,22.785,-10.731,3.922,False,False,4.170835039005188
BDI,2023,13.689,59.895,28.445,20.748,-7.697,4.291,False,False,4.291
BDI,2024,14.048,53.057,22.294,17.467,-4.827,4.838,False,False,4.459426428268093
BDI,2025,14.469,41.186,20.398,17.417,-2.981,6.918,True,True,4.6716678156041365
BDI,2026,14.903,36.996,19.942,17.403,-2.539,8.137,True,True,4.870626161639882
BDI,2027,15.35,37.093,20.82,17.877,-2.943,9.067,True,True,5.084079650091521
BDI,2028,15.811,35.248,21.325,17.865,-3.46,9.298,True,True,5.3118687662368975
BDI,2029,16.285,33.537,21.323,18.084,-3.24,9.47,True,True,5.553765697650233
BDI,2030,16.774,32.764,22.059,18.153,-3.906,9.455,True,True,5.808072483677441
BDI,2031,17.176,31.332,21.758,18.599,-3.16,9.749,True,True,6.0361859283885435
