iso3,year,gov_expenditure_pct_gdp,population_m,gdp_usd_bn,gov_gross_debt_pct_gdp,gov_revenue_pct_gdp,gov_net_lending_pct_gdp,gdp_is_estimate,pop_is_estimate,gdp_usd_bn_2023
DJI,1990,30.188,0.59,0.635,,26.934,-3.254,False,False,1.2611358016345453
DJI,1991,27.682,0.607,0.65,,26.82,-0.863,False,False,1.1901559706839517
DJI,1992,34.865,0.615,0.672,,28.732,-6.133,False,False,1.223676953315117
DJI,1993,35.309,0.619,0.655,,28.21,-7.099,False,False,1.197388538451643
DJI,1994,30.919,0.622,0.691,,25.954,-4.965,False,False,1.1694756717236325
DJI,1995,26.997,0.63,0.699,,21.866,-5.131,False,False,1.1663853405286968
DJI,1996,23.664,0.644,0.694,,21.898,-1.766,False,False,1.117271913867325
DJI,1997,24.993,0.661,0.706,,22.135,-2.858,False,False,1.1229318343343906
DJI,1998,24.008,0.68,0.722,,20.416,-3.592,False,False,1.1174922531715388
DJI,1999,23.522,0.7,0.759,,18.326,-5.197,False,False,1.1495942294435302
DJI,2000,23.206,0.718,0.781,,19.231,-3.974,False,False,1.157155466394625
DJI,2001,20.958,0.733,0.811,,17.352,-3.606,False,False,1.174254867576829
DJI,2002,23.393,0.747,0.837,,18.829,-4.565,False,False,1.2085135886762668
DJI,2003,25.845,0.76,0.882,,21.711,-4.134,False,False,1.2466146396429085
DJI,2004,26.696,0.772,0.936,,23.027,-3.669,False,False,1.2840270096513775
DJI,2005,26.212,0.783,0.996,,25.034,-1.178,False,False,1.3246042654471881
DJI,2006,23.85,0.795,1.08,,24.111,0.261,False,False,1.4248594050749923
DJI,2007,26.571,0.805,1.191,,24.69,-1.881,False,False,1.489951381609437
DJI,2008,28.826,0.816,1.382,,29.449,0.623,False,False,1.567823964670441
DJI,2009,31.004,0.828,1.426,29.532,27.121,-3.883,False,False,1.6619112330555914
DJI,2010,26.63,0.84,1.544,27.884,25.585,-1.045,False,False,1.7765564366728102
DJI,2011,25.278,0.854,1.74,25.682,24.093,-1.185,False,False,1.9452582173819135
DJI,2012,26.477,0.868,1.901,25.05,24.435,-2.042,False,False,2.1054878351746216
DJI,2013,26.814,0.883,2.044,24.573,26.477,-0.337,False,False,2.2877913819339093
DJI,2014,28.985,0.899,2.221,26.856,22.067,-6.918,False,False,2.451755492388162
DJI,2015,41.963,0.914,2.424,40.26,26.42,-15.544,False,False,2.735944052100331
DJI,2016,25.873,0.929,2.605,45.923,25.115,-0.758,False,False,2.8184518405842587
DJI,2017,23.865,0.944,2.763,47.99,23.654,-0.211,False,False,2.9717441414452184
DJI,2018,25.918,0.959,2.913,47.462,23.935,-1.983,False,False,3.113553536456109
DJI,2019,24.911,0.974,3.089,41.125,23.929,-0.982,False,False,3.2867686336739084
DJI,2020,25.795,0.988,3.144,42.058,23.218,-2.577,False,False,3.3243157838206243
DJI,2021,23.125,1.002,3.393,40.278,20.07,-3.055,False,False,3.4698820081197503
DJI,2022,20.963,1.016,3.563,38.298,19.48,-1.484,False,False,3.649077057483543
DJI,2023,21.615,1.03,3.898,35.607,18.141,-3.474,False,False,3.8979999999999997
DJI,2024,21.313,1.043,4.152,33.957,18.627,-2.686,False,False,4.167370390293571
DJI,2025,19.543,1.056,4.378,32.132,18.846,-0.697,True,True,4.40103075112127
DJI,2026,19.536,1.069,4.725,29.605,19.076,-0.46,True,True,4.517391836552214
DJI,2027,19.102,1.081,5.064,26.733,18.816,-0.286,True,True,4.635516045229194
DJI,2028,18.644,1.093,5.393,24.122,18.595,-0.049,True,True,4.757185154856073
DJI,2029,18.337,1.106,5.745,21.186,18.386,0.049,True,True,4.886710007435576
DJI,2030,18.151,1.117,6.121,18.541,18.19,0.039,True,True,5.01008163269622
DJI,2031,17.981,1.128,6.521,16.224,18.006,0.025,True,True,5.135613174418045
