iso3,year,population_m,gov_revenue_pct_gdp,gov_gross_debt_pct_gdp,gdp_usd_bn,gov_expenditure_pct_gdp,gov_net_lending_pct_gdp,gdp_is_estimate,pop_is_estimate,gdp_usd_bn_2023
ETH,1980,32.444,10.933,,7.385,13.496,-2.563,False,False,15.729723947267695
ETH,1981,33.227,11.988,,7.578,14.183,-2.195,False,False,16.110645279443336
ETH,1982,34.175,12.808,,7.973,16.407,-3.599,False,False,16.26919753857286
ETH,1983,35.256,13.66,,8.863,21.251,-7.59,False,False,17.61395535404398
ETH,1984,36.415,15.132,,8.375,18.824,-3.692,False,False,17.32578632225308
ETH,1985,37.612,14.987,,9.808,19.698,-4.711,False,False,15.690919156808713
ETH,1986,38.839,15.865,,10.188,19.848,-3.983,False,False,17.10600525739753
ETH,1987,40.105,14.837,,10.89,18.381,-3.544,False,False,19.252105419137667
ETH,1988,41.42,18.087,,11.285,21.57,-3.483,False,False,19.340853071092294
ETH,1989,42.799,19.687,,11.872,24.017,-4.33,False,False,19.240018358408832
ETH,1990,44.249,13.998,,12.595,20.859,-6.861,False,False,19.825855414898037
ETH,1991,45.774,11.321,,13.928,17.321,-6.0,False,False,18.28619844359308
ETH,1992,47.359,9.313,87.935,14.696,14.235,-4.922,False,False,16.584121342217383
ETH,1993,48.981,9.652,140.963,9.143,13.773,-4.122,False,False,18.76955840362537
ETH,1994,50.606,12.239,155.164,8.135,17.625,-5.386,False,False,19.377248085198413
ETH,1995,52.212,14.633,146.579,7.887,17.389,-2.757,False,False,20.525971770011576
ETH,1996,53.789,14.861,132.798,8.794,18.789,-3.928,False,False,23.177289043210155
ETH,1997,55.345,16.176,80.26,8.621,17.94,-1.764,False,False,23.803543639321784
ETH,1998,56.891,17.484,89.288,7.815,21.13,-3.645,False,False,22.818765239161095
ETH,1999,58.448,18.27,97.781,7.515,26.809,-8.539,False,False,24.0198474680696
ETH,2000,60.03,16.718,93.633,8.167,25.598,-8.88,False,False,25.729369466840495
ETH,2001,61.591,18.678,97.325,8.103,22.438,-3.76,False,False,27.69887014569365
ETH,2002,63.192,19.105,107.363,7.828,24.87,-5.764,False,False,28.04091615474137
ETH,2003,64.835,21.449,103.691,8.604,27.041,-5.592,False,False,27.36168191724816
ETH,2004,66.521,20.498,103.104,10.122,23.149,-2.651,False,False,30.805632620602903
ETH,2005,68.25,18.768,78.239,12.387,22.89,-4.122,False,False,34.443985758120554
ETH,2006,70.025,18.279,79.631,15.31,22.067,-3.788,False,False,38.16824967203992
ETH,2007,72.421,16.954,55.704,19.329,20.521,-3.567,False,False,42.7061603923944
ETH,2008,74.879,15.874,56.056,26.25,18.756,-2.882,False,False,47.51095580733654
ETH,2009,76.826,16.181,29.96,28.672,17.113,-0.932,False,False,51.809075178216425
ETH,2010,78.824,17.162,39.436,26.887,18.483,-1.321,False,False,57.843267879631725
ETH,2011,80.7,16.621,44.565,30.48,18.228,-1.607,False,False,64.50421476579406
ETH,2012,82.7,15.476,39.358,42.221,16.648,-1.172,False,False,69.93541781801441
ETH,2013,84.8,15.825,44.104,46.544,17.756,-1.931,False,False,77.05923225361708
ETH,2014,87.0,14.901,44.152,54.165,17.484,-2.582,False,False,84.91056190927515
ETH,2015,89.1,15.379,50.743,63.081,17.326,-1.947,False,False,93.55605779007556
ETH,2016,91.2,15.613,51.803,72.12,17.913,-2.3,False,False,101.10759909257517
ETH,2017,93.4,14.743,55.278,76.841,17.987,-3.243,False,False,110.77234535356207
ETH,2018,95.5,13.07,58.449,80.207,16.099,-3.029,False,False,118.32470657845282
ETH,2019,97.6,12.819,54.699,92.608,15.353,-2.533,False,False,128.0954529452274
ETH,2020,99.7,11.705,53.249,96.611,14.469,-2.764,False,False,135.35949361354224
ETH,2021,101.9,11.032,53.784,99.261,13.799,-2.767,False,False,142.8696329673257
ETH,2022,104.082,8.539,46.945,118.958,12.698,-4.159,False,True,150.55427776505712
ETH,2023,105.707,8.221,38.735,159.761,10.82,-2.599,False,True,159.761
ETH,2024,108.4,7.549,33.382,142.073,9.538,-1.989,False,True,171.9765028190443
ETH,2025,110.6,10.859,43.081,109.109,12.046,-1.188,True,True,184.97545448343195
ETH,2026,112.37,11.31,40.441,121.527,13.067,-1.757,True,True,194.0307907190798
ETH,2027,114.168,11.457,36.069,140.912,12.483,-1.026,True,True,203.37765401382097
ETH,2028,115.994,11.775,33.566,160.907,13.462,-1.687,True,True,212.98060225631363
ETH,2029,117.85,12.09,31.147,184.983,13.583,-1.492,True,True,222.9326864480692
ETH,2030,119.736,12.268,29.07,211.587,13.754,-1.486,True,True,233.17708530063294
ETH,2031,121.651,12.218,27.033,242.553,13.743,-1.525,True,True,243.68133153362416
