iso3,year,population_m,gov_gross_debt_pct_gdp,gov_net_lending_pct_gdp,gov_expenditure_pct_gdp,gov_revenue_pct_gdp,gdp_usd_bn,gdp_is_estimate,pop_is_estimate,gdp_usd_bn_2023
GMB,1980,0.67,,,,,0.606,False,False,0.542978145981326
GMB,1981,0.712,,,,,0.58,False,False,0.5698525544866276
GMB,1982,0.738,,,,,0.547,False,False,0.6199967765228871
GMB,1983,0.768,,,,,0.55,False,False,0.6638284092090739
GMB,1984,0.799,,,,,0.396,False,False,0.6586227743640557
GMB,1985,0.832,,,,,0.482,False,False,0.6729483584542933
GMB,1986,0.866,,,,,0.376,False,False,0.69205992658863
GMB,1987,0.901,,,,,0.504,False,False,0.7106906359596667
GMB,1988,0.938,,,,,0.585,False,False,0.7366356641896997
GMB,1989,0.976,,,,,0.614,False,False,0.7694263156174245
GMB,1990,1.016,,,,,0.721,False,False,0.8016307229656707
GMB,1991,1.058,,,,,0.76,False,False,0.8226142302464349
GMB,1992,1.101,,,,,0.82,False,False,0.8456341966327308
GMB,1993,1.166,,,,,0.878,False,False,0.8855854577092123
GMB,1994,1.206,,,,,0.87,False,False,0.8770377928652112
GMB,1995,1.244,,,,,0.909,False,False,0.8927179669347498
GMB,1996,1.281,,,,,0.949,False,False,0.9207499031762897
GMB,1997,1.339,,,,,0.983,False,False,0.9513258830412546
GMB,1998,1.377,,,,,1.009,False,False,0.9944671153939665
GMB,1999,1.416,,,,,1.036,False,False,1.0597130947701758
GMB,2000,1.455,73.25,-0.091,9.538,9.447,1.01,False,False,1.120049692699567
GMB,2001,1.495,75.23,-2.523,9.681,7.159,1.002,False,False,1.1848375994188578
GMB,2002,1.536,93.875,0.059,8.595,8.654,0.887,False,False,1.1610327420195892
GMB,2003,1.578,91.694,-1.732,9.302,7.57,0.843,False,False,1.222984176489418
GMB,2004,1.621,81.303,-1.766,12.377,10.611,0.962,False,False,1.3172589955672265
GMB,2005,1.667,82.596,-3.332,12.947,9.614,1.028,False,False,1.2864995942089676
GMB,2006,1.715,87.344,-3.194,14.021,10.828,1.054,False,False,1.2791753091686806
GMB,2007,1.766,38.023,0.275,11.194,11.469,1.28,False,False,1.3184839170678349
GMB,2008,1.818,39.528,-0.454,11.551,11.097,1.562,False,False,1.4009017750123576
GMB,2009,1.871,38.868,-1.648,14.353,12.706,1.45,False,False,1.4938234924598206
GMB,2010,1.927,42.949,-2.928,14.555,11.627,1.543,False,False,1.5827443584942675
GMB,2011,1.984,49.241,-3.028,16.544,13.516,1.41,False,False,1.4539392730362164
GMB,2012,2.043,49.492,-2.848,19.119,16.271,1.415,False,False,1.5299115023868797
GMB,2013,2.104,58.244,-5.106,17.179,12.073,1.376,False,False,1.5740694367997519
GMB,2014,2.165,71.086,-3.937,18.982,15.046,1.229,False,False,1.5521223716225045
GMB,2015,2.225,69.369,-5.375,19.578,14.203,1.355,False,False,1.6150981341304078
GMB,2016,2.284,79.518,-6.224,19.372,13.148,1.47,False,False,1.646303421945976
GMB,2017,2.342,86.979,-4.349,23.622,19.273,1.498,False,False,1.725383817690404
GMB,2018,2.4,83.596,-3.923,19.008,15.085,1.662,False,False,1.8506464987367437
GMB,2019,2.461,82.967,-2.746,23.935,21.189,1.806,False,False,1.9677047756532122
GMB,2020,2.523,85.888,-2.369,25.348,22.979,1.809,False,False,1.9808974721322514
GMB,2021,2.586,83.113,-4.766,21.496,16.73,2.045,False,False,2.0862883307124704
GMB,2022,2.652,83.93,-5.716,24.635,18.919,2.135,False,False,2.2039851767195775
GMB,2023,2.719,77.37,-3.556,23.945,20.389,2.331,False,False,2.331
GMB,2024,2.787,78.471,-4.004,25.332,21.328,2.403,True,True,2.461721008759962
GMB,2025,2.858,73.899,-2.949,27.138,24.189,2.584,True,True,2.6081917167626685
GMB,2026,2.93,68.263,-0.992,25.474,24.483,2.792,True,True,2.7226179707386544
GMB,2027,3.004,61.566,-0.427,24.048,23.621,3.021,True,True,2.842415774327617
GMB,2028,3.079,56.377,-0.608,23.503,22.894,3.273,True,True,2.965222681389591
GMB,2029,3.157,51.837,-0.543,23.276,22.733,3.516,True,True,3.0965719644418757
GMB,2030,3.237,48.118,-0.465,23.064,22.599,3.793,True,True,3.232702298609376
GMB,2031,3.318,44.289,-0.498,22.673,22.174,4.106,True,True,3.3737213277313995
