iso3,year,gov_gross_debt_pct_gdp,population_m,gov_revenue_pct_gdp,gov_expenditure_pct_gdp,gdp_usd_bn,gov_net_lending_pct_gdp,gdp_is_estimate,pop_is_estimate,gdp_usd_bn_2023
GTM,1980,,7.025,,,7.718,,False,False,29.9197274750423
GTM,1981,,7.204,,,8.431,,False,False,30.116487011068628
GTM,1982,,7.387,,,8.539,,False,False,29.090113568799183
GTM,1983,,7.575,,,8.864,,False,False,28.359585183779576
GTM,1984,,7.77,,,9.276,,False,False,28.451269591530234
GTM,1985,,7.969,,,10.951,,False,False,28.224223704949438
GTM,1986,,8.173,,,5.921,,False,False,28.21328232896136
GTM,1987,,8.382,,,6.857,,False,False,29.172321850265615
GTM,1988,,8.594,,,7.426,,False,False,30.24740400786738
GTM,1989,,8.809,,,8.561,,False,False,31.369765913631262
GTM,1990,,9.025,,,7.535,,False,False,32.26262818158572
GTM,1991,,9.273,,,9.174,,False,False,33.370313135813596
GTM,1992,,9.522,,,10.138,,False,False,34.95502414426864
GTM,1993,,9.78,,,11.045,,False,False,36.266611123877475
GTM,1994,,10.044,,,12.482,,False,False,37.663434209903855
GTM,1995,,10.313,9.247,9.775,14.05,-0.528,False,False,39.45644988975601
GTM,1996,,10.584,9.889,9.852,14.992,0.037,False,False,40.602186869253785
GTM,1997,,10.858,10.396,11.186,16.982,-0.79,False,False,42.328148297234726
GTM,1998,,11.139,10.868,13.159,18.461,-2.291,False,False,44.3524124943951
GTM,1999,,11.423,11.62,14.582,17.422,-2.962,False,False,46.08094660365024
GTM,2000,17.999,11.698,11.705,13.582,18.124,-1.877,False,False,47.573057887962975
GTM,2001,19.11,11.969,11.757,13.76,19.735,-2.003,False,False,48.801987163240135
GTM,2002,17.362,12.247,12.115,13.148,21.924,-1.032,False,False,50.682189075865956
GTM,2003,19.803,12.526,11.899,14.367,23.092,-2.469,False,False,51.975179582355445
GTM,2004,20.553,12.807,11.817,12.864,24.977,-1.048,False,False,53.606192183782504
GTM,2005,20.017,13.088,11.575,13.245,28.179,-1.67,False,False,55.36283769713952
GTM,2006,20.86,13.367,12.289,14.167,31.308,-1.878,False,False,58.32703194674271
GTM,2007,20.779,13.652,12.503,13.906,35.028,-1.403,False,False,62.019121806138315
GTM,2008,19.57,13.935,11.691,13.26,40.242,-1.57,False,False,64.0585714676957
GTM,2009,22.78,14.216,10.98,14.1,37.997,-3.12,False,False,64.37707316834953
GTM,2010,24.006,14.5,11.191,14.468,41.493,-3.277,False,False,66.22834826327542
GTM,2011,23.769,14.792,11.684,14.488,47.419,-2.804,False,False,68.98555474309939
GTM,2012,24.557,15.09,11.735,14.151,49.902,-2.416,False,False,71.03886794835168
GTM,2013,25.035,15.387,11.83,13.994,52.989,-2.164,False,False,73.6609004497031
GTM,2014,24.697,15.682,11.675,13.596,57.835,-1.921,False,False,76.93740847187946
GTM,2015,24.77,15.972,11.109,12.582,62.18,-1.472,False,False,80.08569877509497
GTM,2016,24.906,16.269,11.456,12.566,66.034,-1.11,False,False,82.23012506117664
GTM,2017,25.07,16.567,11.393,12.778,71.624,-1.384,False,False,84.75961425456173
GTM,2018,26.405,16.846,11.307,13.187,73.331,-1.881,False,False,87.65079085623888
GTM,2019,26.414,17.104,11.205,13.441,77.156,-2.236,False,False,91.17185518136098
GTM,2020,31.491,17.357,10.675,15.585,77.718,-4.91,False,False,89.54123149641832
GTM,2021,30.585,17.599,12.307,13.469,86.443,-1.162,False,False,96.74560281493358
GTM,2022,28.983,17.848,12.572,14.267,95.642,-1.695,False,False,100.79262612041425
GTM,2023,27.208,18.125,12.48,13.732,104.354,-1.252,False,False,104.354
GTM,2024,26.322,18.406,12.417,13.377,113.19,-0.96,False,False,108.16178674681946
GTM,2025,27.179,18.664,12.824,14.737,121.113,-1.913,True,True,112.4589161206218
GTM,2026,27.646,18.925,12.856,15.023,128.886,-2.167,True,True,115.81072808640455
GTM,2027,28.057,19.19,12.796,15.322,139.461,-2.525,True,True,119.1624785954759
GTM,2028,28.601,19.451,12.785,15.327,150.089,-2.543,True,True,122.45076885219433
GTM,2029,28.986,19.716,12.763,15.229,161.812,-2.465,True,True,125.81108272148983
GTM,2030,29.322,19.98,12.731,15.22,174.766,-2.489,True,True,129.23207842134968
GTM,2031,29.574,20.244,12.715,15.161,188.873,-2.446,True,True,132.75636510665754
