iso3,year,gov_net_lending_pct_gdp,gov_revenue_pct_gdp,population_m,gov_gross_debt_pct_gdp,gdp_usd_bn,gov_expenditure_pct_gdp,gdp_is_estimate,pop_is_estimate,gdp_usd_bn_2023
GUY,1980,,,0.764,,0.842,,False,False,1.7665915849741998
GUY,1981,,,0.765,,0.808,,False,False,1.7850688417979943
GUY,1982,,,0.765,,0.692,,False,False,1.5774356178420645
GUY,1983,,,0.763,,0.703,,False,False,1.4418512897513232
GUY,1984,,,0.759,,0.654,,False,False,1.4035216648098991
GUY,1985,,,0.754,,0.697,,False,False,1.4234043804667698
GUY,1986,,,0.748,,0.789,,False,False,1.410864191107688
GUY,1987,,,0.742,,0.728,,False,False,1.4161784616930608
GUY,1988,,,0.735,,0.828,,False,False,1.348607449997952
GUY,1989,,,0.726,,0.832,,False,False,1.2773693156462733
GUY,1990,,,0.72,,0.685,,False,False,1.2373259574370314
GUY,1991,,,0.718,,0.744,,False,False,1.3118081765288954
GUY,1992,,,0.718,,0.823,,False,False,1.411139102865298
GUY,1993,,,0.72,,1.003,,False,False,1.5256015566718208
GUY,1994,,,0.723,,1.176,,False,False,1.6557382531918607
GUY,1995,,,0.727,,1.332,,False,False,1.7413331243484622
GUY,1996,,,0.73,,1.495,,False,False,1.8810207330067876
GUY,1997,-1.698,19.183,0.734,101.335,1.587,20.882,False,False,2.0015182187030414
GUY,1998,-2.67,16.991,0.737,108.037,1.5,19.661,False,False,1.9706416916005045
GUY,1999,-0.469,17.15,0.74,97.104,1.488,17.619,False,False,2.0329689979116443
GUY,2000,-2.273,20.605,0.742,97.23,1.497,22.879,False,False,2.008352735013742
GUY,2001,-3.708,20.312,0.743,104.646,1.504,24.019,False,False,2.097572694717418
GUY,2002,-2.419,20.691,0.743,105.078,1.555,23.11,False,False,2.1681611226365654
GUY,2003,-4.81,18.69,0.743,95.617,1.592,23.501,False,False,2.202766661607977
GUY,2004,-2.88,20.781,0.742,91.77,1.657,23.661,False,False,2.301675490634005
GUY,2005,-6.54,21.834,0.742,90.741,1.712,28.374,False,False,2.3180328969716517
GUY,2006,-6.163,22.837,0.744,74.498,1.899,28.999,False,False,2.5133553943119393
GUY,2007,-3.353,22.124,0.746,47.719,2.225,25.477,False,False,2.702851027443245
GUY,2008,-2.775,21.364,0.748,48.247,2.491,24.139,False,False,2.762895362895311
GUY,2009,-2.499,22.863,0.751,52.316,2.596,25.362,False,False,2.874646157584704
GUY,2010,-1.879,22.043,0.753,53.079,2.889,23.923,False,False,3.009030248635169
GUY,2011,-2.134,21.38,0.749,51.673,3.328,23.514,False,False,3.1652858117314615
GUY,2012,-3.111,18.735,0.747,44.694,4.063,21.846,False,False,3.323415722854232
GUY,2013,-2.163,19.247,0.742,41.44,4.168,21.41,False,False,3.416937199153971
GUY,2014,-3.876,19.222,0.737,38.674,4.128,23.098,False,False,3.445836062625804
GUY,2015,-0.749,20.991,0.739,42.201,4.28,21.74,False,False,3.4617161028628844
GUY,2016,-3.212,21.97,0.746,35.717,4.483,25.183,False,False,3.6001207347038315
GUY,2017,-3.135,23.169,0.759,35.186,4.748,26.304,False,False,3.762832811581139
GUY,2018,-2.519,25.035,0.791,37.446,4.788,27.554,False,False,3.962066100672852
GUY,2019,-2.517,25.61,0.838,34.162,5.174,28.126,False,False,4.284455043966706
GUY,2020,-7.782,22.763,0.86,47.379,5.471,30.544,False,False,6.260971546556819
GUY,2021,-6.939,17.842,0.874,38.882,8.041,24.781,False,False,7.549912491944852
GUY,2022,-5.099,15.287,0.896,24.832,14.718,20.386,False,False,12.481693975049215
GUY,2023,-5.62,18.081,0.918,26.65,16.919,23.701,False,False,16.919
GUY,2024,-7.271,16.075,0.956,24.308,24.659,23.346,False,False,24.926206802043293
GUY,2025,-5.372,18.543,1.004,28.552,27.097,23.915,False,False,30.07085920374669
GUY,2026,-6.407,16.034,1.024,29.174,33.961,22.442,True,True,31.468439221976137
GUY,2027,-3.831,16.99,1.044,27.956,39.151,20.821,True,True,32.91944577928294
GUY,2028,-4.19,16.021,1.06,28.271,43.669,20.21,True,True,34.27822448306678
GUY,2029,-3.336,17.356,1.076,28.602,48.473,20.691,True,True,35.68804187531212
GUY,2030,-2.217,18.275,1.087,29.525,50.425,20.492,True,True,36.98226930358505
GUY,2031,-1.099,18.042,1.098,28.894,53.154,19.141,True,True,38.338857778280044
