iso3,year,gov_revenue_pct_gdp,gov_gross_debt_pct_gdp,population_m,gdp_usd_bn,gov_expenditure_pct_gdp,gov_net_lending_pct_gdp,gdp_is_estimate,pop_is_estimate,gdp_usd_bn_2023
HND,1980,,,3.691,3.968,,,False,False,6.081050063603692
HND,1981,,,3.81,4.044,,,False,False,6.164659266762778
HND,1982,,,3.928,4.267,,,False,False,6.099347020520039
HND,1983,,,4.049,4.477,,,False,False,6.141956308412646
HND,1984,,,4.175,4.915,,,False,False,6.454942979736189
HND,1985,,,4.304,5.278,,,False,False,6.774291821142281
HND,1986,,,4.434,5.678,,,False,False,7.000583682480212
HND,1987,,,4.567,6.191,,,False,False,7.415914595169616
HND,1988,,,4.704,6.877,,,False,False,7.686842257218777
HND,1989,,,4.84,7.877,,,False,False,7.986279005992086
HND,1990,17.232,236.543,4.98,4.923,19.383,-2.151,False,False,8.261458612858503
HND,1991,18.62,135.415,5.124,4.649,20.776,-2.156,False,False,8.511921138020877
HND,1992,20.155,123.197,5.271,4.944,21.645,-1.49,False,False,9.046009182244756
HND,1993,19.323,111.737,5.423,4.961,24.531,-5.209,False,False,9.716966814947762
HND,1994,18.057,85.496,5.579,4.642,19.029,-0.972,False,False,10.111940356965967
HND,1995,16.968,65.378,5.74,5.415,17.213,-0.244,False,False,11.013042561886786
HND,1996,18.793,64.643,5.904,5.217,18.666,0.127,False,False,11.80731592775851
HND,1997,19.473,70.841,6.071,5.736,19.393,0.08,False,False,12.902907136096397
HND,1998,22.312,67.421,6.234,6.366,19.419,2.893,False,False,13.62814031790274
HND,1999,24.702,75.758,6.4,6.417,23.321,1.381,False,False,13.978004403883713
HND,2000,23.607,65.758,6.578,7.104,22.099,1.508,False,False,15.032276839518639
HND,2001,21.947,63.417,6.758,7.652,25.066,-3.119,False,False,15.441126746066093
HND,2002,21.793,64.248,6.939,7.857,26.809,-5.015,False,False,16.021138610415015
HND,2003,21.348,67.757,7.119,8.229,26.441,-5.093,False,False,16.74879380338529
HND,2004,23.069,60.906,7.299,8.866,25.544,-2.475,False,False,17.793171596528286
HND,2005,23.577,55.606,7.478,9.755,23.61,-0.033,False,False,18.86889118326874
HND,2006,23.038,39.202,7.657,10.917,24.394,-1.355,False,False,20.109421630489575
HND,2007,24.195,24.022,7.835,12.361,24.449,-0.254,False,False,21.353924799707496
HND,2008,26.142,22.323,8.013,13.884,26.409,-0.267,False,False,22.258159757228416
HND,2009,23.487,23.79,8.19,14.586,28.352,-4.865,False,False,21.716025563403107
HND,2010,23.092,21.816,8.366,15.837,26.463,-3.371,False,False,22.526356564786475
HND,2011,22.969,24.647,8.541,17.71,25.912,-2.943,False,False,23.391165556607195
HND,2012,22.873,27.086,8.715,18.523,26.356,-3.483,False,False,24.355521489456542
HND,2013,22.498,37.317,8.889,18.494,27.976,-5.479,False,False,25.034845046950345
HND,2014,23.581,35.227,9.063,19.753,26.392,-2.811,False,False,25.800934632863882
HND,2015,25.241,38.32,9.237,20.978,26.022,-0.781,False,False,26.791140372732784
HND,2016,26.985,39.422,9.412,21.712,27.383,-0.397,False,False,27.833940434356307
HND,2017,26.45,41.286,9.588,23.138,26.858,-0.408,False,False,29.18264245672776
HND,2018,26.353,42.416,9.765,24.067,26.156,0.197,False,False,30.304518167396314
HND,2019,26.028,43.285,9.944,24.883,25.939,0.089,False,False,31.082011040916605
HND,2020,23.843,53.476,10.12,23.35,28.428,-4.584,False,False,28.295449293616514
HND,2021,25.635,52.736,10.29,28.146,28.802,-3.167,False,False,31.85009010056696
HND,2022,25.613,46.936,10.464,31.425,24.042,1.571,False,False,33.16983255806531
HND,2023,25.255,41.698,10.645,34.356,27.22,-1.964,False,False,34.356
HND,2024,24.547,41.503,10.826,37.1,25.664,-1.118,False,False,35.57748463670242
HND,2025,24.182,41.209,11.006,39.694,24.926,-0.744,True,True,36.93436049141919
HND,2026,24.006,43.79,11.185,41.505,25.459,-1.453,True,True,38.22792888886969
HND,2027,24.16,40.135,11.362,43.884,25.247,-1.088,True,True,39.54588747098802
HND,2028,24.324,40.026,11.538,46.445,25.175,-0.851,True,True,40.86146420647261
HND,2029,24.469,39.127,11.713,49.155,25.146,-0.677,True,True,42.18531935112258
HND,2030,24.472,35.542,11.885,52.023,25.098,-0.626,True,True,43.52726753220579
HND,2031,24.495,34.461,12.056,55.059,25.14,-0.645,True,True,44.88875098597393
