iso3,year,gov_expenditure_pct_gdp,population_m,gov_net_lending_pct_gdp,gov_gross_debt_pct_gdp,gov_revenue_pct_gdp,gdp_usd_bn,gdp_is_estimate,pop_is_estimate,gdp_usd_bn_2023
IND,1980,,687.354,,,,186.17,False,False,292.2094370980494
IND,1981,,703.696,,,,193.153,False,False,309.7603971314179
IND,1982,,720.313,,,,200.035,False,False,320.52641587221046
IND,1983,,737.373,,,,218.218,False,False,343.8901369748285
IND,1984,,754.875,,,,211.843,False,False,357.02852259176825
IND,1985,,772.648,,,,233.52,False,False,375.7880902332635
IND,1986,,790.69,,,,248.398,False,False,393.7381508058878
IND,1987,,808.931,,,,278.864,False,False,409.35084625377715
IND,1988,24.463,827.343,-6.588,,17.876,294.479,False,False,448.7624371347343
IND,1989,25.24,846.04,-7.24,,18.0,296.043,False,False,475.45194970580235
IND,1990,25.378,864.972,-7.63,,17.748,320.979,False,False,501.76072713521734
IND,1991,26.808,883.928,-7.437,76.653,19.371,270.105,False,False,507.0636365442551
IND,1992,26.689,902.957,-7.893,78.762,18.796,288.21,False,False,534.8629788185062
IND,1993,26.194,922.118,-8.57,78.328,17.623,279.295,False,False,560.2728532698121
IND,1994,26.208,941.164,-7.997,74.753,18.211,327.275,False,False,597.5815195215193
IND,1995,24.98,960.301,-6.814,70.876,18.166,360.281,False,False,642.8445807525385
IND,1996,24.364,979.678,-6.705,67.133,17.659,392.902,False,False,691.3763293219795
IND,1997,25.231,999.134,-8.276,69.008,16.955,415.895,False,False,719.3764969411824
IND,1998,26.034,1018.665,-9.742,69.284,16.292,421.378,False,False,763.8651188467777
IND,1999,25.85,1038.226,-8.701,71.267,17.149,458.821,False,False,831.434764614401
IND,2000,26.086,1057.923,-8.409,74.941,17.677,468.396,False,False,863.3707265357217
IND,2001,28.276,1077.899,-11.033,80.11,17.243,485.44,False,False,905.0195728246362
IND,2002,29.115,1097.6,-11.072,84.304,18.043,514.938,False,False,939.4452277008315
IND,2003,29.942,1116.803,-11.428,85.883,18.514,607.701,False,False,1013.2897342260097
IND,2004,28.45,1135.992,-9.221,84.89,19.229,709.152,False,False,1093.5723448150927
IND,2005,26.026,1154.676,-6.642,82.378,19.384,820.385,False,False,1180.2195948958724
IND,2006,25.642,1172.879,-5.113,77.893,20.529,940.26,False,False,1275.3549905689426
IND,2007,26.093,1190.676,-3.735,75.414,22.358,1216.736,False,False,1373.0571507596176
IND,2008,28.269,1207.931,-8.147,74.341,20.122,1198.895,False,False,1415.439195953534
IND,2009,28.101,1225.525,-9.259,72.735,18.842,1341.889,False,False,1526.720029826846
IND,2010,27.721,1243.482,-8.53,67.675,19.19,1675.615,False,False,1656.45455548419
IND,2011,27.32,1261.225,-8.028,68.699,19.291,1823.052,False,False,1743.2737520360429
IND,2012,27.184,1278.675,-7.318,68.146,19.866,1822.862,False,False,1838.394290067993
IND,2013,26.488,1295.83,-6.785,68.018,19.703,1847.019,False,True,1955.796040689114
IND,2014,26.203,1312.277,-6.902,67.642,19.301,2023.143,False,True,2100.7236313747576
IND,2015,27.345,1328.024,-7.281,69.755,20.064,2081.604,False,True,2268.702162466202
IND,2016,27.593,1343.944,-7.214,69.815,20.379,2264.818,False,True,2456.013522787626
IND,2017,26.649,1359.657,-6.326,70.776,20.323,2609.908,False,True,2622.908782632028
IND,2018,26.781,1374.659,-6.457,71.683,20.324,2653.495,False,True,2792.1880095723177
IND,2019,27.419,1389.03,-7.858,76.665,19.561,2776.336,False,True,2900.285487393629
IND,2020,31.766,1402.618,-13.174,90.562,18.592,2611.953,False,True,2732.717985790999
IND,2021,30.688,1414.204,-9.701,85.713,20.987,3084.517,False,True,2997.5061814438386
IND,2022,29.963,1425.423,-9.234,84.598,20.728,3249.939,False,True,3225.5967375551863
IND,2023,29.702,1438.07,-8.374,85.01,21.327,3500.906,False,True,3500.906
IND,2024,29.278,1450.936,-7.855,84.782,21.423,3760.814,False,True,3735.201636707492
IND,2025,28.463,1463.866,-7.44,84.075,21.023,3916.312,True,True,4018.656743986939
IND,2026,28.641,1476.626,-7.414,83.362,21.227,4153.191,True,True,4209.21666695975
IND,2027,28.667,1489.165,-7.308,82.546,21.358,4579.083,True,True,4406.43023312499
IND,2028,28.6,1501.433,-7.113,81.663,21.487,5058.754,True,True,4613.290810708579
IND,2029,28.525,1513.424,-6.907,80.609,21.618,5599.432,True,True,4825.391766676294
IND,2030,28.49,1525.139,-6.74,79.465,21.751,6173.385,True,True,5045.576107497803
IND,2031,28.438,1536.541,-6.552,77.689,21.886,6792.432,True,True,5268.423842112039
