iso3,year,gdp_usd_bn,gov_expenditure_pct_gdp,gov_revenue_pct_gdp,gov_net_lending_pct_gdp,gov_gross_debt_pct_gdp,population_m,gdp_is_estimate,pop_is_estimate,gdp_usd_bn_2023
JAM,1980,2.631,,,,,2.112,False,False,11.025217028449884
JAM,1981,2.891,,,,,2.15,False,False,11.416886187983646
JAM,1982,3.319,,,,,2.186,False,False,11.681635386908727
JAM,1983,2.95,,,,,2.23,False,False,12.058220614488002
JAM,1984,2.174,,,,,2.235,False,False,11.922128817709192
JAM,1985,2.045,,,,,2.269,False,False,11.619526880422407
JAM,1986,2.431,,,,,2.29,False,False,12.049739365718827
JAM,1987,2.741,,,,,2.306,False,False,12.976952534287356
JAM,1988,3.267,,,,,2.32,False,False,13.050127211588737
JAM,1989,3.788,,,,,2.324,False,False,13.808412560402193
JAM,1990,4.784,22.593,24.656,2.062,,2.365,False,False,14.571105748603468
JAM,1991,4.396,19.897,23.041,3.144,,2.381,False,False,14.859836583043942
JAM,1992,4.44,18.219,21.053,2.834,,2.399,False,False,15.573487293993619
JAM,1993,5.581,19.631,21.998,2.367,,2.419,False,False,16.235685515138638
JAM,1994,5.594,19.902,22.299,2.397,,2.44,False,False,16.442361482078013
JAM,1995,6.719,22.056,23.59,1.534,,2.462,False,False,16.754490229162755
JAM,1996,7.586,27.365,22.117,-5.247,,2.485,False,False,16.77436164263586
JAM,1997,8.618,27.648,21.259,-6.389,,2.509,False,False,16.566668081221106
JAM,1998,9.015,27.882,22.151,-5.731,,2.534,False,False,16.319230479949123
JAM,1999,9.118,27.949,24.535,-3.414,80.655,2.559,False,False,16.506659299068193
JAM,2000,9.3,25.71,24.928,-0.783,89.486,2.582,False,False,16.656308199951194
JAM,2001,9.433,27.848,23.078,-4.77,105.273,2.605,False,False,16.901919619598406
JAM,2002,9.971,30.078,23.524,-6.554,115.413,2.62,False,False,17.084808499561078
JAM,2003,9.675,31.094,25.67,-5.424,120.084,2.629,False,False,17.679465868645437
JAM,2004,10.439,30.685,26.129,-4.555,116.901,2.639,False,False,17.890431845427862
JAM,2005,11.524,28.585,25.363,-3.222,121.51,2.648,False,False,18.023912625864984
JAM,2006,12.256,30.145,25.403,-4.742,114.157,2.658,False,False,18.530791693131516
JAM,2007,13.215,30.556,26.854,-3.703,111.581,2.667,False,False,18.779779053628534
JAM,2008,14.099,33.92,26.598,-7.322,123.809,2.677,False,False,18.620741844754786
JAM,2009,12.421,37.689,26.845,-10.844,138.339,2.686,False,False,17.860685483882005
JAM,2010,13.535,32.336,26.163,-6.172,137.824,2.696,False,False,17.597233669889977
JAM,2011,14.787,31.169,24.928,-6.241,135.937,2.703,False,False,17.924509841379386
JAM,2012,15.149,29.052,25.079,-3.974,140.255,2.71,False,False,17.86361541138098
JAM,2013,14.582,26.344,26.46,0.116,135.226,2.713,False,False,17.96595854323991
JAM,2014,14.225,26.065,25.582,-0.483,134.404,2.716,False,False,18.11905669197907
JAM,2015,14.927,25.946,25.671,-0.275,115.926,2.719,False,False,18.356345893781036
JAM,2016,14.931,26.472,26.289,-0.183,106.906,2.722,False,False,18.83458465796625
JAM,2017,15.726,26.895,27.32,0.425,95.102,2.726,False,False,19.322588759856206
JAM,2018,16.767,27.533,28.637,1.104,88.256,2.731,False,False,19.82882708638057
JAM,2019,17.002,27.484,28.331,0.846,87.72,2.734,False,False,20.19834007899972
JAM,2020,15.079,30.127,27.261,-2.867,101.271,2.737,False,True,18.322540957242154
JAM,2021,15.982,27.563,28.404,0.841,86.275,2.74,False,True,19.37252670846761
JAM,2022,18.71,27.121,27.379,0.258,70.167,2.743,False,True,20.705870074103917
JAM,2023,21.299,27.675,27.711,0.035,66.545,2.747,False,True,21.299
JAM,2024,21.9,30.06,30.279,0.22,62.465,2.75,False,True,21.212213994408195
JAM,2025,22.313,33.846,30.075,-3.771,67.714,2.753,True,True,21.253106513073845
JAM,2026,23.028,33.148,28.263,-4.885,65.793,2.756,True,True,21.49146669408875
JAM,2027,23.932,31.708,28.619,-3.088,65.017,2.759,True,True,21.735712899793583
JAM,2028,24.838,30.772,28.72,-2.052,63.801,2.762,True,True,21.979962844075526
JAM,2029,25.717,30.469,28.742,-1.727,62.807,2.765,True,True,22.22009002614456
JAM,2030,26.58,30.529,28.893,-1.636,61.626,2.769,True,True,22.456589513622877
JAM,2031,27.472,30.266,28.727,-1.539,60.527,2.772,True,True,22.674560241203807
