iso3,year,population_m,gov_revenue_pct_gdp,gov_net_lending_pct_gdp,gdp_usd_bn,gov_gross_debt_pct_gdp,gov_expenditure_pct_gdp,gdp_is_estimate,pop_is_estimate,gdp_usd_bn_2023
JOR,1980,2.217,,,4.344,,,False,False,11.707640354146271
JOR,1981,2.307,,,4.878,,,False,False,13.62545347694977
JOR,1982,2.406,,,5.206,,,False,False,14.518698942030637
JOR,1983,2.515,,,5.471,,,False,False,14.376931955405594
JOR,1984,2.63,,,5.527,,,False,False,15.049351669654111
JOR,1985,2.751,32.112,-7.473,5.559,,39.585,False,False,14.721640865306215
JOR,1986,2.88,28.473,-3.815,7.119,,32.287,False,False,15.553695197968205
JOR,1987,3.015,25.962,-13.372,7.504,,39.334,False,False,15.932652470789105
JOR,1988,3.157,28.272,-12.888,7.03,159.713,41.16,False,False,16.24172612354428
JOR,1989,3.311,32.25,-6.836,4.727,190.337,39.086,False,False,14.501643977844454
JOR,1990,3.481,33.055,-6.819,4.625,197.679,39.874,False,False,14.138504972744984
JOR,1991,3.666,31.454,-8.102,4.83,180.494,39.556,False,False,13.750979515803252
JOR,1992,3.867,33.803,2.071,5.968,134.718,31.732,False,False,15.854349966971965
JOR,1993,4.076,31.038,-1.432,6.202,122.15,32.469,False,False,16.564932307739344
JOR,1994,4.278,28.961,-1.675,6.982,112.098,30.635,False,False,17.39559865997984
JOR,1995,4.458,30.615,-1.453,7.466,102.372,32.068,False,False,18.46060344648964
JOR,1996,4.609,29.875,-2.688,7.792,101.212,32.564,False,False,18.836062523004298
JOR,1997,4.734,27.995,-2.677,8.162,94.681,30.672,False,False,19.48789615102544
JOR,1998,4.844,26.669,-5.589,9.017,96.271,32.258,False,False,20.08572438223944
JOR,1999,4.951,30.661,-1.125,9.294,98.679,31.786,False,False,20.76104111293156
JOR,2000,5.056,29.37,-1.853,9.637,89.861,31.223,False,False,21.641954688547685
JOR,2001,5.163,29.458,-1.126,10.238,85.471,30.583,False,False,22.76525783707567
JOR,2002,5.276,28.398,-3.214,11.015,85.9,31.612,False,False,24.158235999550875
JOR,2003,5.396,33.373,-1.6,11.681,80.381,34.973,False,False,25.15194732512284
JOR,2004,5.532,35.712,0.563,13.002,73.806,35.148,False,False,27.290762891446267
JOR,2005,5.679,34.39,-2.201,14.507,66.051,36.591,False,False,29.61006798758828
JOR,2006,6.076,32.094,-1.857,17.447,60.026,33.951,False,False,32.12692888860936
JOR,2007,6.473,35.143,2.765,19.835,58.168,32.378,False,False,34.839798021362206
JOR,2008,6.633,31.492,1.915,25.64,47.912,29.577,False,False,37.515037386036745
JOR,2009,6.78,28.414,-2.278,27.462,51.792,30.692,False,False,39.42153232264242
JOR,2010,6.931,26.811,0.19,30.203,53.398,26.621,False,False,40.39452560656652
JOR,2011,7.11,28.142,-1.208,32.64,56.143,29.35,False,False,41.54386396859038
JOR,2012,7.212,24.993,-3.326,34.903,64.007,28.319,False,False,42.55169936101554
JOR,2013,7.695,25.702,-8.779,37.927,68.761,34.481,False,False,44.03743476264881
JOR,2014,8.658,29.56,-6.752,40.592,68.189,36.311,False,False,46.17567152356431
JOR,2015,9.494,27.124,-5.182,42.454,71.381,32.306,False,False,47.63686706460253
JOR,2016,9.965,27.338,-2.623,43.75,70.704,29.96,False,False,48.64504816250563
JOR,2017,10.215,28.481,-3.216,45.6,69.132,31.697,False,False,49.92544238429396
JOR,2018,10.46,29.083,-4.232,47.503,67.944,33.315,False,False,50.92711316435277
JOR,2019,10.699,27.602,-5.064,48.709,69.376,32.666,False,False,51.930421309239684
JOR,2020,10.865,25.47,-7.556,48.0,77.866,33.026,False,False,51.2633099058112
JOR,2021,11.066,27.186,-6.62,50.775,79.899,33.807,False,False,53.15427195907658
JOR,2022,11.256,27.924,-4.902,53.593,80.709,32.826,False,False,54.58108446030514
JOR,2023,11.439,27.411,-6.487,56.203,81.031,33.898,False,False,56.203
JOR,2024,11.553,27.305,-7.271,58.701,82.122,34.576,False,False,57.61696556020937
JOR,2025,11.521,27.368,-6.345,61.692,82.847,33.713,True,True,59.20243479788669
JOR,2026,11.59,28.24,-5.445,64.909,81.77,33.685,True,True,60.184827862332945
JOR,2027,11.819,28.326,-5.32,68.46,81.068,33.646,True,True,61.968744876574725
JOR,2028,12.034,28.882,-4.299,72.136,79.692,33.181,True,True,63.6620414529592
JOR,2029,12.246,28.709,-4.11,76.009,78.217,32.819,True,True,65.29363953681684
JOR,2030,12.449,28.906,-4.123,80.09,76.787,33.03,True,True,66.81437577596684
JOR,2031,12.653,29.073,-4.299,84.39,75.686,33.373,True,True,68.25843646426533
