iso3,year,gov_net_lending_pct_gdp,population_m,gov_revenue_pct_gdp,gdp_usd_bn,gov_gross_debt_pct_gdp,gov_expenditure_pct_gdp,gdp_is_estimate,pop_is_estimate,gdp_usd_bn_2023
KEN,1980,,15.721,,13.449,,,False,False,22.31351468870827
KEN,1981,,16.308,,12.667,,,False,False,23.193856798581734
KEN,1982,-3.071,16.9,13.11,12.196,,16.181,False,False,23.983660089205326
KEN,1983,-2.166,17.5,12.461,11.279,,14.627,False,False,24.299676652885864
KEN,1984,-2.552,18.1,12.321,11.703,,14.873,False,False,24.664825164748077
KEN,1985,-3.051,18.7,12.537,11.646,,15.588,False,False,25.64021416537823
KEN,1986,-2.981,19.3,12.315,13.832,,15.296,False,False,27.38698580650266
KEN,1987,-2.268,20.0,13.207,15.163,,15.476,False,False,29.00633016522361
KEN,1988,-1.969,20.7,13.965,15.721,,15.935,False,False,30.77630061800507
KEN,1989,-2.392,21.4,13.92,15.586,,16.313,False,False,32.167722752480564
KEN,1990,-3.28,22.0,13.903,16.219,,17.183,False,False,33.365147971011474
KEN,1991,-6.561,22.7,9.876,15.315,,16.437,False,False,33.80662110515283
KEN,1992,-8.276,23.4,9.325,15.084,,17.602,False,False,33.497674022579325
KEN,1993,-8.575,24.1,10.348,10.479,,18.922,False,False,33.55937365513844
KEN,1994,-4.142,24.8,14.655,12.546,,18.797,False,False,34.42158871395251
KEN,1995,-0.23,25.5,17.099,15.905,,17.328,False,False,35.910795210704165
KEN,1996,-0.49,26.3,14.728,18.064,,15.219,False,False,37.52341815381392
KEN,1997,-0.907,27.0,14.645,18.3,,15.552,False,False,37.64304117421891
KEN,1998,-0.028,27.8,15.315,20.63,38.498,15.343,False,False,38.88932300521317
KEN,1999,0.843,28.7,14.525,18.594,38.409,13.682,False,False,39.82489725016315
KEN,2000,0.381,29.5,14.475,18.206,43.122,14.094,False,False,39.9471398128352
KEN,2001,-0.528,30.3,14.412,18.697,41.276,14.94,False,False,41.44736852338851
KEN,2002,-1.295,31.1,14.356,19.03,42.01,15.651,False,False,41.52185958012138
KEN,2003,-0.728,32.0,15.286,21.391,43.792,16.014,False,False,42.67389967525666
KEN,2004,0.502,32.9,15.95,22.79,40.755,15.448,False,False,44.68545297990669
KEN,2005,-0.193,33.8,16.056,26.307,37.412,16.249,False,False,47.17321172044737
KEN,2006,-0.432,34.7,16.878,29.668,37.066,17.311,False,False,49.9658944921365
KEN,2007,-0.954,35.7,17.122,36.708,34.195,18.076,False,False,53.326193454270296
KEN,2008,-1.952,36.7,16.964,41.058,34.254,18.916,False,False,53.35776893484074
KEN,2009,-3.124,37.7,17.15,42.347,35.961,20.274,False,False,55.760211947044695
KEN,2010,-3.673,38.6,17.87,45.406,36.695,21.543,False,False,60.04112873165029
KEN,2011,-3.639,39.5,16.48,46.555,35.687,20.118,False,False,62.933428163418895
KEN,2012,-5.288,40.4,16.81,56.407,37.616,22.098,False,False,65.63430809459784
KEN,2013,-5.246,41.4,17.985,61.703,39.756,23.23,False,False,68.11833075478148
KEN,2014,-5.753,42.4,17.672,68.395,41.281,23.425,False,False,71.5652387879119
KEN,2015,-6.682,43.3,17.145,70.37,45.832,23.827,False,False,75.0673415190143
KEN,2016,-7.453,44.3,17.891,74.816,50.399,25.344,False,False,78.27730868558717
KEN,2017,-7.366,45.4,17.802,81.965,53.866,25.169,False,False,81.42249989640372
KEN,2018,-6.909,46.4,17.543,92.211,56.449,24.452,False,False,86.11034639771603
KEN,2019,-7.4,47.6,17.0,100.328,59.085,24.4,False,False,90.86184717966871
KEN,2020,-8.13,48.797,16.668,100.922,67.959,24.798,False,True,90.92242897997205
KEN,2021,-7.196,49.747,16.819,109.875,68.232,24.015,False,True,97.84193525136516
KEN,2022,-6.011,50.64,17.104,114.733,67.8,23.115,False,True,102.50067698572924
KEN,2023,-5.615,51.539,16.99,108.206,73.405,22.604,False,True,108.20600000000002
KEN,2024,-5.74,52.444,17.509,119.307,67.338,23.249,False,True,113.15868682083727
KEN,2025,-6.412,53.354,17.592,136.455,69.334,24.003,True,True,118.6233198121027
KEN,2026,-6.425,54.269,17.241,147.265,71.583,23.666,True,True,123.66637916452233
KEN,2027,-5.969,55.189,16.889,154.744,72.392,22.858,True,True,128.86530733771318
KEN,2028,-5.959,56.114,16.705,161.992,73.344,22.664,True,True,134.20320870446656
KEN,2029,-6.052,57.043,16.603,171.533,73.55,22.654,True,True,139.6967664330298
KEN,2030,-6.159,57.976,16.609,183.628,74.218,22.768,True,True,145.24472083554747
KEN,2031,-6.319,58.912,16.61,196.043,75.134,22.929,True,True,150.74330946229958
