iso3,year,population_m,gov_revenue_pct_gdp,gdp_usd_bn,gov_net_lending_pct_gdp,gov_expenditure_pct_gdp,gov_gross_debt_pct_gdp,gdp_is_estimate,pop_is_estimate,gdp_usd_bn_2023
KHM,1986,7.078,,0.205,,,,False,False,4.129946124392627
KHM,1987,7.289,,0.141,,,,False,False,4.852826440894775
KHM,1988,7.5,,0.276,,,,False,False,5.423321799189631
KHM,1989,7.727,,0.346,,,,False,False,5.518613341086473
KHM,1990,7.98,,0.899,,,,False,False,5.543200295032005
KHM,1991,8.259,,2.011,,,,False,False,5.932335718354586
KHM,1992,8.556,,2.439,,,,False,False,6.262189329792896
KHM,1993,8.864,,2.427,,,,False,False,6.399629487872032
KHM,1994,9.239,,2.765,,,,False,False,5.547024639301432
KHM,1995,10.018,,3.441,,,,False,False,6.021717971667739
KHM,1996,10.801,8.129,3.507,-7.536,15.665,30.151,False,False,6.3513158982318085
KHM,1997,11.571,8.693,3.443,-3.724,12.417,31.576,False,False,6.639382526465535
KHM,1998,12.058,8.048,3.13,-5.358,13.406,37.183,False,False,6.981830096734811
KHM,1999,12.266,10.004,3.513,-3.802,13.806,34.737,False,False,7.878487245690552
KHM,2000,12.462,9.908,3.785,-4.664,14.572,34.128,False,False,8.701269641630738
KHM,2001,12.658,9.632,4.138,-4.964,14.596,33.633,False,False,9.290972827905973
KHM,2002,12.855,9.972,4.516,-6.061,16.032,37.753,False,False,9.945914589331826
KHM,2003,13.051,8.81,5.073,-5.673,14.483,39.634,False,False,10.891892504812349
KHM,2004,13.245,9.193,5.978,-3.178,12.37,38.101,False,False,11.879416168603061
KHM,2005,13.439,10.511,7.145,-0.338,10.849,31.285,False,False,13.490717376079996
KHM,2006,13.639,11.091,8.374,-0.15,11.24,26.627,False,False,14.9634751108758
KHM,2007,13.842,13.022,10.028,0.625,12.396,25.292,False,False,16.49075634325363
KHM,2008,14.053,13.364,12.292,0.423,12.941,22.711,False,False,17.806662220637996
KHM,2009,14.277,12.681,12.798,-3.882,16.562,23.111,False,False,18.60443465242413
KHM,2010,14.501,14.006,13.72,-3.107,17.113,23.531,False,False,19.56077120283809
KHM,2011,14.723,12.693,16.055,-3.748,16.441,23.738,False,False,21.082354321673744
KHM,2012,14.945,13.58,17.757,-3.582,17.161,24.962,False,False,22.797568244593933
KHM,2013,15.17,14.508,19.679,-2.024,16.533,24.555,False,False,24.58673366600494
KHM,2014,15.397,15.12,22.176,-1.237,16.357,24.026,False,False,26.37549319241557
KHM,2015,15.623,13.898,24.08,-0.651,14.549,23.396,False,False,28.242831007787146
KHM,2016,15.853,14.989,26.502,-0.293,15.282,22.025,False,False,30.425007711710844
KHM,2017,16.073,15.562,29.121,-0.77,16.333,22.853,False,False,32.83089043055459
KHM,2018,16.275,16.522,32.839,0.281,16.242,21.308,False,False,35.70919522144442
KHM,2019,16.481,20.16,35.979,2.231,17.93,21.242,False,False,38.535275607538395
KHM,2020,16.725,17.985,34.497,-2.558,20.542,25.52,False,False,37.240608836572335
KHM,2021,16.974,16.085,36.17,-5.267,21.352,26.391,False,False,38.36877163291408
KHM,2022,17.202,18.254,39.461,-0.291,18.545,25.283,False,False,40.38231453120389
KHM,2023,17.424,16.241,42.404,-2.828,19.07,26.278,False,False,42.404
KHM,2024,17.639,15.112,46.098,-1.446,16.559,26.138,False,True,44.949926231577216
KHM,2025,17.848,15.307,49.288,-1.0,16.307,26.461,True,True,47.205425290321806
KHM,2026,18.051,15.149,52.379,-3.677,18.826,27.094,True,True,48.848110483552695
KHM,2027,18.25,15.219,56.115,-3.564,18.783,27.187,True,True,50.56360042691004
KHM,2028,18.447,15.29,60.391,-3.501,18.791,27.268,True,True,52.3137997416838
KHM,2029,18.639,15.363,65.157,-3.423,18.785,27.074,True,True,54.12970622702544
KHM,2030,18.827,15.439,70.369,-3.345,18.784,27.234,True,True,56.029288023091425
KHM,2031,19.012,15.517,76.069,-3.31,18.827,27.783,True,True,58.01885002776904
