iso3,year,gov_expenditure_pct_gdp,gov_revenue_pct_gdp,population_m,gov_net_lending_pct_gdp,gov_gross_debt_pct_gdp,gdp_usd_bn,gdp_is_estimate,pop_is_estimate,gdp_usd_bn_2023
MDA,1992,,,2.977,,,0.864,False,False,11.349706306562961
MDA,1993,,,2.969,,,1.11,False,False,11.207042051320052
MDA,1994,,,2.973,,,1.158,False,False,7.76890369019202
MDA,1995,42.025,39.442,2.97,-2.583,79.48,1.441,False,False,7.677264596136322
MDA,1996,43.296,35.872,2.96,-7.423,87.492,1.694,False,False,7.2264216803172365
MDA,1997,45.951,38.48,2.95,-7.471,89.049,1.928,False,False,7.35197585756975
MDA,1998,39.094,37.572,2.946,-1.522,159.41,1.697,False,False,6.882930526804549
MDA,1999,33.019,30.379,2.941,-2.639,150.739,1.172,False,False,6.662841158680068
MDA,2000,34.025,30.479,2.934,-3.546,89.099,1.315,False,False,6.815612028784243
MDA,2001,29.508,29.163,2.928,-0.345,85.38,1.481,False,False,7.248072985647891
MDA,2002,30.739,29.56,2.92,-1.179,80.342,1.662,False,False,7.8285776772677576
MDA,2003,33.504,33.974,2.911,0.47,68.059,1.981,False,False,8.362436886546163
MDA,2004,34.808,35.401,2.906,0.593,49.335,2.598,False,False,9.007220414924843
MDA,2005,37.119,38.56,2.897,1.441,40.421,2.988,False,False,9.708084311976279
MDA,2006,40.297,39.878,2.89,-0.419,34.984,3.408,False,False,10.214363304432236
MDA,2007,42.712,42.86,2.883,0.148,28.275,4.401,False,False,10.563886632044849
MDA,2008,41.498,40.628,2.879,-0.871,22.195,6.055,False,False,11.445053318808384
MDA,2009,45.3,38.917,2.876,-6.383,32.612,5.438,False,False,10.815050107387886
MDA,2010,34.096,31.918,2.873,-2.178,25.475,6.977,False,False,11.643900727149324
MDA,2011,32.562,30.513,2.873,-2.05,24.201,8.417,False,False,12.39761941940196
MDA,2012,33.668,31.737,2.873,-1.931,31.333,8.708,False,False,12.40060521744861
MDA,2013,32.442,30.877,2.871,-1.565,29.974,9.496,False,False,13.601166354690438
MDA,2014,33.776,32.172,2.869,-1.603,35.363,9.402,False,False,14.360731543941194
MDA,2015,31.69,29.76,2.845,-1.93,42.096,7.778,False,False,14.311496166318415
MDA,2016,30.46,28.896,2.824,-1.564,39.678,7.981,False,False,15.029783052841108
MDA,2017,30.978,30.328,2.78,-0.65,34.86,9.515,False,False,15.658927804283037
MDA,2018,31.529,30.675,2.73,-0.853,31.8,11.252,False,False,16.26664297198378
MDA,2019,31.985,30.52,2.685,-1.466,28.792,11.737,False,False,16.827224961656103
MDA,2020,36.686,31.369,2.644,-5.317,36.633,11.53,False,False,15.403542831384705
MDA,2021,34.581,31.964,2.627,-2.617,33.639,13.694,False,False,17.645160195724188
MDA,2022,36.568,33.328,2.565,-3.24,35.042,14.524,False,False,16.698428881996772
MDA,2023,38.83,33.7,2.492,-5.13,34.945,16.711,False,False,16.711
MDA,2024,37.953,33.936,2.423,-4.016,38.777,18.208,False,False,16.624954817497418
MDA,2025,39.403,35.532,2.381,-3.871,36.63,20.342,False,True,16.981274883320122
MDA,2026,40.159,35.435,2.34,-4.724,39.345,21.889,True,True,16.802671223264426
MDA,2027,40.208,35.508,2.299,-4.7,40.832,23.723,True,True,16.644704742776604
MDA,2028,39.706,35.401,2.26,-4.306,41.719,25.722,True,True,16.51017921919445
MDA,2029,39.445,35.418,2.221,-4.026,42.34,27.876,True,True,16.38493914571182
MDA,2030,39.033,35.439,2.182,-3.594,42.493,30.197,True,True,16.26790616405054
MDA,2031,38.715,35.346,2.144,-3.369,42.527,32.879,True,True,16.166800746628613
