iso3,year,gov_gross_debt_pct_gdp,population_m,gov_expenditure_pct_gdp,gdp_usd_bn,gov_net_lending_pct_gdp,gov_revenue_pct_gdp,gdp_is_estimate,pop_is_estimate,gdp_usd_bn_2023
MDG,1980,,8.679,22.745,5.202,-11.017,11.728,False,False,7.132884635843635
MDG,1981,,8.911,18.17,4.759,-9.965,8.204,False,False,6.445751534656554
MDG,1982,,9.15,14.28,4.785,-6.966,7.314,False,False,6.311873642754354
MDG,1983,,9.395,13.433,4.686,-6.037,7.396,False,False,6.354266511131794
MDG,1984,,9.647,13.94,3.906,-6.09,7.85,False,False,6.453514440803561
MDG,1985,,9.906,11.848,3.803,-2.389,9.46,False,False,6.517374467956593
MDG,1986,,10.171,11.068,4.348,-2.24,8.828,False,False,6.635029200787834
MDG,1987,,10.444,10.391,3.213,-2.124,8.267,False,False,6.704309225295459
MDG,1988,,10.724,11.43,3.189,-0.572,10.858,False,False,6.922307153077199
MDG,1989,,11.011,15.474,3.176,-3.345,12.129,False,False,7.1918159190941235
MDG,1990,92.701,11.306,13.346,3.931,-0.494,12.852,False,False,7.401976489049457
MDG,1991,113.835,11.609,13.483,3.255,-4.398,9.085,False,False,6.919596308886125
MDG,1992,110.875,11.92,16.187,3.715,-5.004,11.183,False,False,6.984785297051564
MDG,1993,105.192,12.239,17.076,4.063,-6.338,10.738,False,False,7.112550529602723
MDG,1994,95.963,12.607,16.696,3.522,-7.233,9.463,False,False,7.102134638201263
MDG,1995,95.837,12.987,14.499,3.838,-5.088,9.412,False,False,7.213200991162908
MDG,1996,98.716,13.378,14.396,4.932,-3.971,10.425,False,False,7.356506021791212
MDG,1997,89.74,13.78,14.453,4.263,-1.997,12.456,False,False,7.613471944062343
MDG,1998,108.46,14.195,16.933,4.402,-5.308,11.625,False,False,7.896263665737774
MDG,1999,104.115,14.622,15.478,4.278,-2.421,13.057,False,False,8.25217621447958
MDG,2000,90.212,15.063,15.347,4.629,-2.353,12.994,False,False,8.616357913028988
MDG,2001,82.144,15.516,15.31,5.438,-3.614,11.696,False,False,9.124879979612283
MDG,2002,86.693,15.983,12.443,5.352,-4.092,8.35,False,False,7.9843318812867485
MDG,2003,85.862,16.464,16.564,6.372,-3.322,13.242,False,False,8.767531613125891
MDG,2004,81.896,16.96,21.701,5.065,-4.232,17.469,False,False,9.231606849345708
MDG,2005,74.366,17.47,18.353,5.859,-2.475,15.878,False,False,9.668085297767743
MDG,2006,32.226,17.996,18.474,6.396,-5.711,12.763,False,False,10.180241485982108
MDG,2007,28.21,18.538,16.087,8.525,-2.308,13.779,False,False,10.781185152923197
MDG,2008,31.01,19.096,15.711,10.725,-1.723,13.988,False,False,11.507111072343113
MDG,2009,34.857,19.67,12.508,9.617,-2.261,10.247,False,False,11.05097996439703
MDG,2010,32.341,20.262,12.281,9.983,-0.76,11.52,False,False,11.123432869575135
MDG,2011,29.947,20.872,12.041,11.552,-2.043,9.998,False,False,11.30826557220029
MDG,2012,30.435,21.501,11.516,11.579,-2.237,9.278,False,False,11.664188421989866
MDG,2013,36.243,22.148,12.702,12.424,-3.403,9.299,False,False,11.95140007239729
MDG,2014,37.848,22.814,12.555,12.523,-1.961,10.594,False,False,12.372905887581883
MDG,2015,44.062,23.501,13.029,11.323,-2.85,10.179,False,False,12.78760700074053
MDG,2016,40.281,24.209,13.546,11.849,-1.107,12.438,False,False,13.328984246885685
MDG,2017,40.13,24.937,14.942,13.176,-2.103,12.839,False,False,13.8854828458117
MDG,2018,42.896,25.674,14.351,13.76,-1.338,13.013,False,False,14.357882189229942
MDG,2019,41.253,26.525,15.362,14.105,-1.421,13.941,False,True,15.055812017359965
MDG,2020,52.871,27.34,16.355,13.051,-3.957,12.398,False,True,14.02310956031497
MDG,2021,49.44,28.178,13.898,14.355,-2.827,11.07,False,True,14.723670257513003
MDG,2022,49.836,28.961,16.23,15.342,-5.454,10.776,False,True,15.360584158995664
MDG,2023,52.149,29.766,17.733,16.037,-4.151,13.582,False,True,16.037
MDG,2024,49.805,30.594,16.098,17.593,-2.486,13.612,False,True,16.751270012935162
MDG,2025,48.735,31.444,13.526,19.556,-2.206,11.319,True,True,17.407936404691256
MDG,2026,49.301,32.319,17.058,21.185,-4.608,12.45,True,True,18.055032993872448
MDG,2027,50.363,33.217,16.429,22.926,-3.944,12.486,True,True,18.727175993222495
MDG,2028,50.628,34.141,16.341,25.256,-3.853,12.489,True,True,19.42824950021191
MDG,2029,50.556,35.09,16.501,27.861,-3.917,12.584,True,True,20.15717343129043
MDG,2030,48.69,36.065,16.555,30.748,-3.814,12.742,True,True,20.910418692104287
MDG,2031,48.309,37.068,16.591,33.637,-3.596,12.995,True,True,21.68352455665955
