iso3,year,gov_gross_debt_pct_gdp,gdp_usd_bn,population_m,gov_net_lending_pct_gdp,gov_revenue_pct_gdp,gov_expenditure_pct_gdp,gdp_is_estimate,pop_is_estimate,gdp_usd_bn_2023
MWI,1980,,3.022,6.564,,,,False,False,2.871391354902003
MWI,1981,,3.022,6.748,,,,False,False,2.6527186597035124
MWI,1982,,2.881,6.923,,,,False,False,2.6869497077139197
MWI,1983,,2.986,7.116,,,,False,False,2.768733025993256
MWI,1984,,2.949,7.368,,,,False,False,2.898242594074009
MWI,1985,,2.762,7.7,,,,False,False,3.042652516854838
MWI,1986,,2.883,8.133,,,,False,False,3.090852230012175
MWI,1987,,2.834,8.647,,,,False,False,3.145998177312321
MWI,1988,,3.258,9.185,,,,False,False,3.26056087756826
MWI,1989,,3.715,9.667,,,,False,False,3.3378343504173893
MWI,1990,,4.222,10.039,,,,False,False,3.515140847164851
MWI,1991,,5.38,10.275,,,,False,False,3.7938252811411184
MWI,1992,,4.394,10.4,,,,False,False,3.4708856702133586
MWI,1993,,5.056,10.461,,,,False,False,3.7958083469058352
MWI,1994,,2.93,10.533,,,,False,False,3.433259679149395
MWI,1995,,3.412,10.666,,,,False,False,3.9353019385161647
MWI,1996,,5.569,10.876,,,,False,False,4.2832982838115665
MWI,1997,,6.504,11.148,,,,False,False,4.5010350643149595
MWI,1998,,4.275,11.458,,,,False,False,4.616208749908295
MWI,1999,,4.336,11.774,,,,False,False,4.754562034125634
MWI,2000,,4.257,12.07,,,,False,False,4.818875003739411
MWI,2001,,4.178,12.343,,,,False,False,4.59136597927166
MWI,2002,101.505,4.922,12.813,-4.47,9.374,13.843,False,False,4.721393365305806
MWI,2003,84.741,4.521,13.098,-2.602,12.792,15.394,False,False,4.980815700314406
MWI,2004,74.661,4.895,13.385,-2.613,14.558,17.171,False,False,5.236522612610943
MWI,2005,70.933,5.148,13.654,-1.629,15.806,17.436,False,False,5.383459222053167
MWI,2006,17.91,5.63,14.043,-0.048,17.782,17.83,False,False,5.638566377141222
MWI,2007,18.948,6.24,14.439,-2.556,18.168,20.724,False,False,6.177856588500139
MWI,2008,23.524,7.492,14.846,-2.924,17.717,20.641,False,False,6.644331430783045
MWI,2009,23.487,8.723,15.274,-2.969,17.208,20.177,False,False,7.192190016810273
MWI,2010,19.312,9.796,15.714,0.625,20.228,19.602,False,False,7.681070403617676
MWI,2011,19.983,11.241,16.166,-2.85,14.147,16.997,False,False,8.158331248852383
MWI,2012,28.606,8.421,16.632,-1.454,17.314,18.767,False,False,8.366867523433294
MWI,2013,35.347,7.648,17.111,-3.727,16.984,20.712,False,False,8.957074702353891
MWI,2014,33.515,8.526,17.604,-3.083,15.192,18.274,False,False,9.618987803775706
MWI,2015,35.455,9.014,18.111,-4.169,15.352,19.521,False,False,10.06270707701346
MWI,2016,37.08,7.733,18.632,-4.902,14.844,19.746,False,False,10.482008721950564
MWI,2017,39.975,8.943,19.169,-5.15,15.842,20.992,False,False,11.13189157637569
MWI,2018,40.808,9.882,19.721,-4.346,15.036,19.381,False,False,11.631204141759484
MWI,2019,41.187,11.031,20.289,-4.549,14.765,19.314,False,False,12.30221411437008
MWI,2020,53.858,11.847,20.873,-8.033,14.696,22.729,False,False,12.42550217097289
MWI,2021,66.546,12.475,21.474,-8.342,15.309,23.651,False,False,13.013672868036563
MWI,2022,75.698,12.531,22.093,-9.321,17.358,26.679,False,False,13.158390926570336
MWI,2023,86.699,13.439,22.729,-7.841,17.641,25.482,False,False,13.439
MWI,2024,87.628,11.79,23.384,-10.999,18.497,29.496,False,True,13.69465408447327
MWI,2025,78.365,15.047,24.057,-11.476,19.1,30.576,True,True,14.019996441335111
MWI,2026,74.457,18.152,24.75,-10.506,18.579,29.085,True,True,14.824175075027986
MWI,2027,72.586,20.983,25.463,-11.973,18.706,30.679,True,True,15.665928439683713
MWI,2028,70.242,24.194,26.196,-11.374,18.401,29.775,True,True,16.553961781350047
MWI,2029,68.812,27.567,26.95,-11.467,17.747,29.214,True,True,17.475675945492366
MWI,2030,67.678,31.426,27.727,-11.5,17.487,28.987,True,True,18.433532081043833
MWI,2031,68.236,33.357,28.525,-11.288,17.435,28.723,True,True,19.40277305968222
