iso3,year,gov_gross_debt_pct_gdp,gdp_usd_bn,gov_net_lending_pct_gdp,gov_expenditure_pct_gdp,population_m,gov_revenue_pct_gdp,gdp_is_estimate,pop_is_estimate,gdp_usd_bn_2023
NER,1980,,3.531,,,5.794,,False,False,4.271233404218378
NER,1981,,3.056,,,5.991,,False,False,4.285027058471888
NER,1982,,2.84,,,6.199,,False,False,4.382943444979836
NER,1983,,2.538,,,6.415,,False,False,4.213309932105695
NER,1984,,2.056,,,6.634,,False,False,3.513872217736958
NER,1985,,2.027,,,6.854,,False,False,3.7923998421998046
NER,1986,,2.68,,,7.076,,False,False,3.93223131744336
NER,1987,,3.143,,,7.303,,False,False,3.9206248395671577
NER,1988,,3.21,,,7.534,,False,False,4.182562183074963
NER,1989,,3.068,,,7.772,,False,False,4.202040649086348
NER,1990,,3.491,,,8.019,,False,False,4.155646581618258
NER,1991,,3.271,,,8.282,,False,False,4.15121458652617
NER,1992,,3.372,,,8.564,,False,False,4.217007026980517
NER,1993,,3.041,,,8.861,,False,False,4.245502817406148
NER,1994,,1.935,,,9.171,,False,False,4.341624768370227
NER,1995,69.377,2.296,-3.188,12.491,9.49,9.303,False,False,4.462795585941732
NER,1996,63.507,2.397,-0.36,10.878,9.827,10.517,False,False,4.542781789497246
NER,1997,69.101,2.285,-2.387,12.899,10.178,10.512,False,False,4.602357605304351
NER,1998,61.284,2.639,-2.231,13.632,10.546,11.401,False,False,5.1084661516864625
NER,1999,63.348,2.532,-4.274,14.964,10.93,10.69,False,False,5.122471549873425
NER,2000,82.104,2.235,-2.828,13.503,11.332,10.675,False,False,5.041773467250525
NER,2001,73.982,2.442,-2.588,13.732,11.751,11.145,False,False,5.4166977916421635
NER,2002,69.035,2.772,-2.213,14.449,12.19,12.236,False,False,5.694854122952015
NER,2003,60.604,3.382,-2.175,14.036,12.648,11.861,False,False,5.84706933731544
NER,2004,55.05,3.746,-2.764,16.071,13.126,13.308,False,False,5.849234659249013
NER,2005,49.46,4.372,-1.528,15.551,13.624,14.024,False,False,6.2837459469133305
NER,2006,18.283,4.743,31.045,15.197,14.144,46.242,False,False,6.641317169342449
NER,2007,17.83,5.716,-0.747,17.397,14.685,16.651,False,False,6.743755686504366
NER,2008,14.17,7.279,1.111,16.875,15.251,17.985,False,False,7.320707705760896
NER,2009,15.936,7.324,-3.927,17.688,15.843,13.761,False,False,7.436447184095079
NER,2010,15.078,7.838,-0.985,14.295,16.464,13.309,False,False,8.083291575071344
NER,2011,14.747,8.754,-2.194,15.329,17.115,13.136,False,False,8.31052423380347
NER,2012,18.13,9.412,-0.83,16.641,17.795,15.811,False,False,9.244996469142137
NER,2013,19.554,10.206,-1.932,20.448,18.504,18.516,False,False,9.739308933230646
NER,2014,22.086,10.83,-6.125,23.639,19.24,17.514,False,False,10.420191655621899
NER,2015,29.87,9.684,-6.747,24.238,20.002,17.491,False,False,10.904116660655834
NER,2016,32.827,10.35,-4.464,19.362,20.789,14.898,False,False,11.479454113850053
NER,2017,36.507,11.181,-4.117,19.509,21.602,15.393,False,False,12.106998021771833
NER,2018,37.01,12.814,-3.008,21.158,22.443,18.15,False,False,13.020474263122894
NER,2019,39.787,12.917,-3.558,21.562,23.311,18.004,False,False,13.822109961020663
NER,2020,44.971,13.764,-4.816,22.366,24.207,17.55,False,False,14.402376155394368
NER,2021,51.338,14.923,-6.099,24.26,25.131,18.161,False,False,14.630615364704294
NER,2022,50.674,15.458,-6.772,21.574,26.084,14.802,False,False,16.42964313945494
NER,2023,51.789,16.809,-5.374,15.804,27.066,10.43,True,False,16.809
NER,2024,47.741,19.866,-4.267,13.423,28.08,9.156,True,True,18.486518156142814
NER,2025,45.37,21.836,-3.284,14.787,29.126,11.503,True,True,19.856719485795438
NER,2026,45.465,24.813,-3.652,15.397,30.204,11.745,True,True,20.6906495152242
NER,2027,44.939,26.928,-2.985,15.051,31.315,12.066,True,True,21.546042296675985
NER,2028,44.729,29.039,-2.993,15.125,32.458,12.132,True,True,22.417692112536795
NER,2029,44.605,31.38,-3.0,14.978,33.636,11.978,True,True,23.31318845658778
NER,2030,44.444,33.914,-3.038,14.964,34.846,11.925,True,True,24.244146314244972
NER,2031,44.281,36.646,-3.045,15.164,36.09,12.118,True,True,25.223155645144917
