iso3,year,population_m,gov_expenditure_pct_gdp,gov_revenue_pct_gdp,gov_net_lending_pct_gdp,gdp_usd_bn,gov_gross_debt_pct_gdp,gdp_is_estimate,pop_is_estimate,gdp_usd_bn_2023
PAK,1980,80.607,,10.654,,38.616,,False,False,48.43901826995996
PAK,1981,82.991,,11.125,,45.681,,False,False,51.42163189281551
PAK,1982,85.445,,10.5,,49.932,,False,False,54.66962995019409
PAK,1983,87.899,,10.708,,46.619,,False,False,58.14061672521831
PAK,1984,90.354,,12.036,,50.612,,False,False,60.709776719856656
PAK,1985,92.828,,11.524,,50.607,,False,False,65.36322008959195
PAK,1986,95.341,,12.702,,51.827,,False,False,68.84933121442411
PAK,1987,97.874,,13.212,,54.171,,False,False,72.76513365651549
PAK,1988,100.435,,11.303,,62.385,,False,False,77.61183215672462
PAK,1989,103.017,,11.834,,65.042,,False,False,81.04131468094776
PAK,1990,105.999,,12.069,,65.276,,False,False,84.43025476392742
PAK,1991,108.346,,10.565,,74.158,,False,False,88.09899844914261
PAK,1992,111.212,,11.379,,79.338,,False,False,94.69171388875272
PAK,1993,114.117,16.996,11.47,-5.526,83.969,,False,False,96.35799510000459
PAK,1994,117.063,14.511,10.884,-3.627,84.642,58.531,False,False,99.96846125692969
PAK,1995,120.047,13.972,10.074,-3.898,98.917,52.329,False,False,104.72088594906208
PAK,1996,123.069,15.021,10.687,-4.333,103.296,52.534,False,False,111.5593895273456
PAK,1997,126.128,13.728,9.862,-3.865,101.848,52.775,False,False,114.15778229453788
PAK,1998,129.222,14.122,9.659,-4.462,101.381,53.816,False,False,118.76088547720076
PAK,1999,132.352,13.236,10.167,-3.069,96.008,60.737,False,False,124.74555866136613
PAK,2000,135.55,13.82,10.608,-3.212,99.421,61.673,False,False,131.34488848354803
PAK,2001,138.87,12.949,10.494,-2.455,96.784,65.148,False,False,135.80779215517288
PAK,2002,142.28,14.365,11.728,-2.637,98.169,60.531,False,False,139.32386310886977
PAK,2003,145.78,12.854,12.736,-0.118,112.507,56.326,False,False,146.8023454325082
PAK,2004,149.36,12.125,10.834,-1.291,132.206,50.609,False,False,158.1813755389298
PAK,2005,153.04,12.954,10.667,-2.287,145.209,47.878,False,False,170.13575932522505
PAK,2006,156.81,14.468,11.682,-2.786,161.871,46.189,False,False,180.2515119539094
PAK,2007,160.67,16.121,11.887,-4.234,184.141,44.209,False,False,188.44508472836358
PAK,2008,164.63,18.035,12.098,-5.938,202.204,49.475,False,False,193.73796246049037
PAK,2009,168.69,17.301,12.77,-4.531,187.074,54.569,False,False,198.60865708415594
PAK,2010,172.86,18.317,12.901,-5.415,196.712,56.716,False,False,202.10678590504818
PAK,2011,177.13,17.923,11.689,-6.234,230.577,56.151,False,False,208.17954908364683
PAK,2012,181.52,19.428,11.685,-7.743,250.094,58.364,False,False,215.34952215322082
PAK,2013,186.01,19.506,12.025,-7.481,258.674,59.231,False,False,225.51889992460167
PAK,2014,190.62,18.094,13.725,-4.369,271.422,58.783,False,False,235.76816098588122
PAK,2015,195.35,17.833,13.094,-4.739,299.93,59.063,False,False,247.02703347321454
PAK,2016,200.19,17.712,13.789,-3.923,313.623,62.065,False,False,263.01631646250814
PAK,2017,205.17,19.128,13.957,-5.171,339.229,62.142,False,False,276.7132965288349
PAK,2018,209.75,19.108,13.435,-5.673,356.163,66.321,False,False,294.80706561974523
PAK,2019,213.95,19.054,11.265,-7.789,321.071,78.712,False,False,303.37933498930425
PAK,2020,218.24,20.296,13.265,-7.032,300.41,80.805,False,False,300.2171804640151
PAK,2021,222.59,18.458,12.417,-6.041,348.481,74.749,False,False,319.18275738872904
PAK,2022,227.0,19.955,12.116,-7.838,374.85,77.318,False,False,336.4425536086351
PAK,2023,231.45,19.29,11.534,-7.756,336.555,78.508,False,False,336.555
PAK,2024,235.95,19.431,12.641,-6.79,372.243,70.22,False,False,347.4838209683356
PAK,2025,240.49,21.21,15.839,-5.371,407.786,72.834,True,True,359.0554635517402
PAK,2026,245.117,19.016,15.81,-3.206,,70.111,True,True,373.794084653901
PAK,2027,249.834,18.489,15.261,-3.228,,67.141,True,True,389.2460401654317
PAK,2028,254.641,18.507,15.498,-3.009,,64.024,True,True,405.6129345290542
PAK,2029,259.541,18.303,15.497,-2.806,,60.836,True,True,422.8174044937667
PAK,2030,264.534,19.149,15.502,-3.648,,59.02,True,True,440.6688895857603
PAK,2031,269.624,20.084,15.49,-4.594,,58.214,True,True,459.60236625356845
