iso3,year,gov_gross_debt_pct_gdp,gdp_usd_bn,gov_expenditure_pct_gdp,gov_net_lending_pct_gdp,population_m,gov_revenue_pct_gdp,gdp_is_estimate,pop_is_estimate,gdp_usd_bn_2023
PAN,1980,,3.759,,,1.982,,False,False,11.415516037516259
PAN,1981,,4.255,,,2.03,,False,False,12.457267832749364
PAN,1982,,4.701,,,2.078,,False,False,13.057945866666874
PAN,1983,,4.827,,,2.127,,False,False,12.599161146192365
PAN,1984,,5.038,,,2.176,,False,False,12.911709839825395
PAN,1985,,5.33,,,2.225,,False,False,13.548288951116191
PAN,1986,,5.539,,,2.274,,False,False,14.063827005364667
PAN,1987,,5.563,,,2.324,,False,False,14.036449651012674
PAN,1988,,4.809,,,2.374,,False,False,12.313430300519794
PAN,1989,,4.822,,,2.424,,False,False,12.50060540213211
PAN,1990,,5.242,,,2.474,,False,False,13.504425051649262
PAN,1991,,5.764,,,2.527,,False,False,14.775493612069553
PAN,1992,,6.553,,,2.581,,False,False,15.989453611200865
PAN,1993,,7.156,,,2.636,,False,False,16.866222059176618
PAN,1994,88.664,7.631,28.471,2.402,2.691,30.872,False,False,17.347126991492644
PAN,1995,86.746,7.8,29.334,2.608,2.747,31.943,False,False,17.654099931605515
PAN,1996,73.58,9.198,24.279,2.81,2.804,27.088,False,False,18.48058740316914
PAN,1997,67.289,10.059,24.779,1.392,2.862,26.171,False,False,19.829464950433444
PAN,1998,64.316,11.02,25.924,-1.233,2.921,24.691,False,False,21.42672671843238
PAN,1999,60.418,11.661,25.217,-0.71,2.98,24.506,False,False,22.448013803324386
PAN,2000,58.026,11.966,24.68,2.218,3.041,26.898,False,False,23.288419660515398
PAN,2001,62.133,12.253,25.181,-0.448,3.102,24.733,False,False,23.484378661469606
PAN,2002,60.916,12.801,25.095,-1.03,3.164,24.065,False,False,24.058924250295266
PAN,2003,59.873,13.603,25.677,-2.409,3.227,23.268,False,False,25.224104057750576
PAN,2004,61.548,15.1,24.408,-4.536,3.289,19.872,False,False,27.229605557251393
PAN,2005,61.545,16.624,23.193,-2.295,3.351,20.899,False,False,29.379286480484488
PAN,2006,56.059,18.66,22.425,0.527,3.413,22.952,False,False,32.138776591583195
PAN,2007,48.214,21.717,22.177,3.173,3.476,25.35,False,False,36.25607623328682
PAN,2008,40.579,25.721,23.026,0.38,3.538,23.406,False,False,39.940601001788586
PAN,2009,39.507,27.791,22.949,-0.911,3.6,22.038,False,False,40.56146259102444
PAN,2010,38.464,30.231,24.43,-1.693,3.662,22.737,False,False,43.01739827039593
PAN,2011,35.906,35.688,23.719,-1.97,3.724,21.749,False,False,48.07707963843851
PAN,2012,31.306,41.595,22.992,-1.324,3.788,21.669,False,False,52.766911787681444
PAN,2013,30.778,46.949,23.591,-2.398,3.851,21.192,False,False,56.230353171345584
PAN,2014,32.949,51.427,22.922,-3.039,3.913,19.883,False,False,58.92315416947201
PAN,2015,34.064,55.768,21.355,-2.166,3.975,19.188,False,False,62.12013689841745
PAN,2016,34.03,59.761,21.251,-1.762,4.037,19.489,False,False,65.0347885500049
PAN,2017,34.298,64.328,21.145,-1.803,4.098,19.342,False,False,68.71431677427306
PAN,2018,36.264,67.316,21.71,-2.761,4.159,18.949,False,False,71.3404275713905
PAN,2019,42.456,69.779,20.488,-2.742,4.219,17.746,False,False,73.47612518283228
PAN,2020,62.354,57.06,27.017,-9.677,4.279,17.34,False,False,60.39886286925031
PAN,2021,57.964,67.396,23.749,-6.447,4.337,17.302,False,False,70.40527283193124
PAN,2022,56.199,76.479,21.347,-3.981,4.395,17.366,False,False,78.145720238924
PAN,2023,54.418,83.812,21.384,-3.902,4.453,17.482,False,False,83.812
PAN,2024,57.814,86.524,23.109,-6.23,4.51,16.879,False,True,86.15229055685853
PAN,2025,56.582,90.463,20.932,-3.671,4.566,17.261,False,True,89.6608151917493
PAN,2026,57.747,95.024,21.35,-3.388,4.621,17.962,True,True,92.87950800505092
PAN,2027,57.534,101.325,21.214,-2.977,4.677,18.238,True,True,96.22483958638125
PAN,2028,57.085,108.043,21.029,-2.525,4.734,18.503,True,True,99.6811822389097
PAN,2029,56.271,115.443,20.921,-2.024,4.791,18.897,True,True,103.23511262519834
PAN,2030,55.261,123.098,20.664,-1.499,4.791,19.165,True,True,105.64358056382805
PAN,2031,53.925,131.26,20.885,-1.446,4.791,19.439,True,True,108.10656051486086
