iso3,year,gov_net_lending_pct_gdp,gdp_usd_bn,population_m,gov_gross_debt_pct_gdp,gov_expenditure_pct_gdp,gov_revenue_pct_gdp,gdp_is_estimate,pop_is_estimate,gdp_usd_bn_2023
STP,1980,,0.069,0.091,,,,False,False,0.2873348090471045
STP,1981,,0.084,0.093,,,,False,False,0.2580144603322903
STP,1982,,0.081,0.095,,,,False,False,0.26640094409771164
STP,1983,,0.076,0.098,,,,False,False,0.25894400765384795
STP,1984,,0.079,0.1,,,,False,False,0.24309691273697143
STP,1985,,0.083,0.103,,,,False,False,0.2674783372570508
STP,1986,,0.117,0.106,,,,False,False,0.25305391485988293
STP,1987,,0.117,0.109,,,,False,False,0.24617460796438875
STP,1988,,0.1,0.112,,,,False,False,0.2511815815069565
STP,1989,,0.099,0.115,,,,False,False,0.2589530211015805
STP,1990,,0.12,0.118,,,,False,False,0.2533363721363064
STP,1991,,0.108,0.122,,,,False,False,0.2587652587907076
STP,1992,,0.096,0.125,,,,False,False,0.26104639887760994
STP,1993,,0.127,0.127,,,,False,False,0.26388548701003856
STP,1994,,0.132,0.129,,,,False,False,0.2691195703992235
STP,1995,,0.104,0.131,,,,False,False,0.2740530359311403
STP,1996,,0.136,0.134,,,,False,False,0.2799149007989197
STP,1997,,0.093,0.136,,,,False,False,0.28246857491312166
STP,1998,,0.073,0.139,,,,False,False,0.2915595567888461
STP,1999,,0.078,0.141,,,,False,False,0.2989334518996609
STP,2000,51.517,0.077,0.144,,10.737,62.254,False,False,0.3026163075885057
STP,2001,-13.52,0.072,0.146,418.38,52.799,39.28,False,False,0.3104552933645888
STP,2002,-10.423,0.08,0.15,366.512,44.265,33.842,False,False,0.3194460246863802
STP,2003,-15.926,0.096,0.154,329.366,51.864,35.938,False,False,0.34292976915312817
STP,2004,-25.115,0.104,0.158,354.452,60.638,35.523,False,False,0.3559656639291146
STP,2005,26.812,0.125,0.162,334.172,43.666,70.478,False,False,0.38077947150382263
STP,2006,17.992,0.133,0.166,283.181,32.466,50.458,False,False,0.41515122187454495
STP,2007,125.135,0.145,0.17,110.14,38.919,164.054,False,False,0.4290205182797358
STP,2008,13.648,0.188,0.174,60.673,30.447,44.095,False,False,0.4610496534776694
STP,2009,-18.024,0.201,0.178,70.315,48.612,30.587,False,False,0.47610148492738563
STP,2010,-12.119,0.191,0.182,82.992,51.69,39.57,False,False,0.48312473595647615
STP,2011,-13.025,0.228,0.186,86.018,53.36,40.336,False,False,0.4931786191488061
STP,2012,-12.257,0.231,0.189,59.565,50.5,38.243,False,True,0.5055607186032143
STP,2013,2.134,0.269,0.193,76.849,35.509,37.643,False,True,0.5322704533498759
STP,2014,-6.274,0.295,0.197,92.505,35.968,29.694,False,True,0.5594742075916144
STP,2015,-7.6,0.262,0.2,101.128,41.585,33.985,False,True,0.5665921526816894
STP,2016,-5.006,0.294,0.204,104.568,38.296,33.29,False,True,0.5977023518644128
STP,2017,-3.107,0.325,0.207,92.298,31.93,28.823,False,True,0.6214260611940268
STP,2018,-2.023,0.387,0.21,95.855,27.961,25.938,False,True,0.6479624188641553
STP,2019,-0.066,0.416,0.213,98.638,22.832,22.766,False,True,0.6603876800068084
STP,2020,2.94,0.476,0.217,90.962,23.181,26.121,False,True,0.6776113514903909
STP,2021,-1.516,0.529,0.222,85.058,25.633,24.117,False,True,0.6919864070690913
STP,2022,-2.241,0.546,0.226,86.762,27.705,25.465,False,True,0.6920979474638936
STP,2023,-2.131,0.696,0.231,73.231,23.919,21.788,False,True,0.696
STP,2024,0.921,0.828,0.236,65.223,23.798,24.719,False,True,0.7046938455269843
STP,2025,-2.528,0.981,0.24,55.691,21.19,18.662,True,True,0.7193357936073748
STP,2026,1.019,1.161,0.245,50.44,20.607,21.626,True,True,0.7473120509298836
STP,2027,1.611,1.294,0.25,47.417,19.68,21.291,True,True,0.7762340257881936
STP,2028,2.9,1.412,0.255,45.303,19.201,22.101,True,True,0.8061459468503912
STP,2029,2.699,1.538,0.26,43.202,18.964,21.663,True,True,0.8367613572700436
STP,2030,2.894,1.679,0.265,40.332,18.817,21.711,True,True,0.8676011603960823
STP,2031,2.651,1.82,0.27,38.309,18.885,21.536,True,True,0.8981026928204959
