iso3,year,gov_net_lending_pct_gdp,gov_gross_debt_pct_gdp,gov_revenue_pct_gdp,gdp_usd_bn,population_m,gov_expenditure_pct_gdp,gdp_is_estimate,pop_is_estimate,gdp_usd_bn_2023
SWZ,1980,5.112,,20.418,0.732,0.551,15.306,False,False,0.8788507260535261
SWZ,1981,-3.404,,15.471,0.775,0.57,18.875,False,False,0.958360381421302
SWZ,1982,0.08,,18.213,0.693,0.589,18.133,False,False,0.9710250856876269
SWZ,1983,-0.442,,16.521,0.713,0.609,16.962,False,False,0.9710227470018336
SWZ,1984,0.953,,17.906,0.61,0.629,16.953,False,False,1.0050142211390067
SWZ,1985,-1.131,,17.868,0.482,0.652,18.999,False,False,1.0290815582540054
SWZ,1986,-2.282,,16.522,0.617,0.679,18.804,False,False,1.202248357989665
SWZ,1987,2.0,,18.751,0.807,0.705,16.751,False,False,1.3366783691253232
SWZ,1988,3.455,,20.166,0.958,0.739,16.711,False,False,1.4354880027182935
SWZ,1989,5.82,,21.659,0.977,0.774,15.839,False,False,1.5849193899638208
SWZ,1990,5.467,,23.705,1.201,0.806,18.238,False,False,1.7937665183618792
SWZ,1991,3.282,,22.869,1.247,0.839,19.587,False,False,1.825263116714964
SWZ,1992,-2.759,,21.971,1.384,0.871,24.731,False,False,1.8829847218532296
SWZ,1993,-3.154,14.98,19.808,1.453,0.897,22.962,False,False,1.9419880203331783
SWZ,1994,-3.428,13.064,19.978,1.574,0.897,23.406,False,False,1.988827996854458
SWZ,1995,0.87,12.507,20.745,1.876,0.896,19.876,False,False,2.0841504335523453
SWZ,1996,-0.965,11.535,21.536,1.776,0.914,22.501,False,False,2.1644165168861855
SWZ,1997,2.055,12.657,22.713,1.9,0.93,20.658,False,False,2.2327544641783006
SWZ,1998,1.049,15.608,23.089,1.744,0.942,22.039,False,False,2.290835885602263
SWZ,1999,-1.233,16.697,24.554,1.712,0.952,25.786,False,False,2.3577418703597366
SWZ,2000,-1.193,18.244,23.533,1.689,0.962,24.726,False,False,2.3779421905974183
SWZ,2001,-2.237,21.669,23.335,1.499,0.971,25.572,False,False,2.4059641184608145
SWZ,2002,-3.691,17.216,22.798,1.394,0.978,26.489,False,False,2.5071986308314944
SWZ,2003,-2.108,17.67,23.763,2.133,0.985,25.871,False,False,2.6105714475745723
SWZ,2004,-3.971,14.994,26.998,2.693,0.991,30.969,False,False,2.7052160457859444
SWZ,2005,-1.662,13.558,27.325,3.084,0.997,28.987,False,False,2.869122585550549
SWZ,2006,8.671,14.673,36.239,3.197,1.002,27.569,False,False,3.0478452624103727
SWZ,2007,2.369,16.146,32.76,3.364,1.007,30.392,False,False,3.179364270003546
SWZ,2008,1.582,14.615,35.008,3.202,1.014,33.426,False,False,3.2124278131547097
SWZ,2009,-3.003,10.613,30.866,3.491,1.021,33.868,False,False,3.262858262410846
SWZ,2010,-9.338,14.245,21.721,4.309,1.027,31.059,False,False,3.386959414939393
SWZ,2011,-3.877,14.593,21.262,4.685,1.032,25.138,False,False,3.4451614172889276
SWZ,2012,3.394,14.815,30.456,4.744,1.038,27.062,False,False,3.6064417520672114
SWZ,2013,0.574,15.157,29.377,4.466,1.044,28.803,False,False,3.7377705416125506
SWZ,2014,-1.164,14.058,31.52,4.288,1.049,32.684,False,False,3.804902265313564
SWZ,2015,-5.885,15.989,28.59,3.906,1.055,34.475,False,False,3.873499757617815
SWZ,2016,-8.362,20.112,25.626,3.721,1.062,33.988,False,False,4.010608505626749
SWZ,2017,-5.636,21.704,27.982,4.467,1.07,33.619,False,False,4.127005621944739
SWZ,2018,-6.585,26.46,24.977,4.644,1.08,31.562,False,True,4.132717395187612
SWZ,2019,-6.229,30.496,26.53,4.617,1.09,32.758,False,True,4.393422278858939
SWZ,2020,-4.208,37.687,28.02,4.136,1.102,32.228,False,True,4.264945964018478
SWZ,2021,-4.552,37.347,24.712,4.807,1.114,29.264,False,True,4.4332392041868145
SWZ,2022,-5.266,39.456,23.635,4.747,1.126,28.901,False,True,4.461630002347339
SWZ,2023,-0.658,39.448,30.861,4.621,1.138,31.519,False,True,4.621
SWZ,2024,-1.065,40.095,32.495,4.855,1.15,33.559,False,True,4.7319118309472685
SWZ,2025,-6.136,44.851,29.579,5.166,1.163,35.715,True,True,4.9134878172455085
SWZ,2026,-6.876,50.007,31.462,5.792,1.176,38.339,True,True,5.102251205481948
SWZ,2027,-5.067,52.725,32.357,5.961,1.188,37.424,True,True,5.295939488843096
SWZ,2028,-4.118,54.004,32.324,6.19,1.201,36.442,True,True,5.505920385436254
SWZ,2029,-3.52,55.688,32.442,6.476,1.214,35.963,True,True,5.725729142888524
SWZ,2030,-3.111,55.886,32.442,6.775,1.228,35.553,True,True,5.955812038856045
SWZ,2031,-2.659,55.626,32.442,7.086,1.241,35.101,True,True,6.188679682109008
