iso3,year,population_m,gov_net_lending_pct_gdp,gov_gross_debt_pct_gdp,gdp_usd_bn,gov_expenditure_pct_gdp,gov_revenue_pct_gdp,gdp_is_estimate,pop_is_estimate,gdp_usd_bn_2023
TLS,1999,0.955,,,,,,False,False,0.8368847467590612
TLS,2000,0.714,,,0.367,,109.206,False,False,0.9353612634908881
TLS,2001,0.776,3.242,,0.477,95.659,98.9,False,False,1.0861872047205379
TLS,2002,0.848,-7.639,,0.47,93.545,85.906,False,False,1.019601196334634
TLS,2003,0.91,-8.238,,0.49,80.119,71.881,False,False,1.016622306627275
TLS,2004,0.924,-7.479,,0.441,74.153,66.674,False,False,1.0220456298374863
TLS,2005,0.934,-10.497,,0.462,58.335,47.838,False,False,1.0456731920208862
TLS,2006,0.962,41.032,,0.454,59.841,100.873,False,False,1.0026582197049143
TLS,2007,0.991,-29.932,,0.543,75.827,45.895,False,False,1.1066436436885252
TLS,2008,1.019,-18.562,,0.648,122.353,103.791,False,False,1.2333231984428368
TLS,2009,1.046,-17.17,,0.727,121.835,104.665,False,False,1.3593565800528318
TLS,2010,1.072,-19.793,,0.882,121.287,101.494,False,False,1.4866641071267808
TLS,2011,1.098,-25.38,,1.042,133.278,107.898,False,False,1.5759735466177727
TLS,2012,1.123,-38.689,0.002,1.16,129.327,90.638,False,False,1.6530769262688914
TLS,2013,1.147,-14.367,0.456,1.396,96.143,81.776,False,False,1.7044835915452325
TLS,2014,1.17,-37.522,1.524,1.448,110.971,73.449,False,False,1.7808843300132058
TLS,2015,1.193,-33.205,2.95,1.59,98.062,64.858,False,False,1.8250199478307692
TLS,2016,1.217,-55.749,4.705,1.64,112.185,56.436,False,False,1.8813602403123224
TLS,2017,1.24,-33.775,6.705,1.585,87.272,53.497,False,False,1.821323005595157
TLS,2018,1.264,-26.905,9.312,1.556,85.537,58.632,False,False,1.8128934214966244
TLS,2019,1.288,-25.439,9.506,2.033,68.797,43.358,False,False,2.246900518590008
TLS,2020,1.314,-18.899,10.091,2.163,61.711,42.812,False,False,2.752335211994509
TLS,2021,1.339,-20.148,6.527,3.625,45.677,25.529,False,False,3.4442037171618094
TLS,2022,1.362,-29.468,7.899,3.209,59.914,30.446,False,False,2.8290199930606383
TLS,2023,1.377,-34.73,12.447,2.08,78.619,43.89,False,False,2.08
TLS,2024,1.392,-46.988,14.392,1.866,98.044,51.056,False,False,1.8783063651367498
TLS,2025,1.41,-48.034,14.34,2.064,93.886,45.853,True,True,1.9773748008397996
TLS,2026,1.427,-51.591,14.94,2.17,92.962,41.37,True,True,2.0241021595333133
TLS,2027,1.446,-50.647,14.882,2.315,89.867,39.22,True,True,2.072367125371043
TLS,2028,1.466,-51.032,14.761,2.466,87.494,36.463,True,True,2.1219571085861344
TLS,2029,1.487,-51.272,14.726,2.621,85.163,33.891,True,True,2.170861242721757
TLS,2030,1.509,-51.496,14.747,2.783,82.996,31.499,True,True,2.2213540879221476
TLS,2031,1.531,-51.733,16.001,2.953,80.983,29.249,True,True,2.2716525026532577
