iso3,year,population_m,gov_expenditure_pct_gdp,gov_net_lending_pct_gdp,gdp_usd_bn,gov_revenue_pct_gdp,gov_gross_debt_pct_gdp,gdp_is_estimate,pop_is_estimate,gdp_usd_bn_2023
VEN,1980,14.952,,,69.841,,,False,False,185.17606906591246
VEN,1981,15.41,,,78.367,,,False,False,184.86812873080962
VEN,1982,15.868,,,79.998,,,False,False,187.93870674829697
VEN,1983,16.316,,,79.672,,,False,False,175.7718639544579
VEN,1984,16.773,,,57.826,,,False,False,179.2575930645449
VEN,1985,17.241,,,59.865,,,False,False,180.62092491120316
VEN,1986,17.45,,,60.877,,,False,False,188.11504516549005
VEN,1987,17.888,,,46.854,,,False,False,195.6663074570947
VEN,1988,18.336,33.21,-9.245,60.378,23.965,,False,False,206.7924031953714
VEN,1989,18.784,32.526,-0.907,44.672,31.619,,False,False,186.55642292952254
VEN,1990,19.411,31.933,3.838,48.391,35.771,,False,False,200.16021292165786
VEN,1991,19.879,33.892,-2.276,53.382,31.616,,False,False,218.00575863598584
VEN,1992,20.347,30.647,-6.368,60.4,24.279,,False,False,230.54890439253964
VEN,1993,20.815,27.667,-2.921,59.865,24.746,,False,False,231.54248660573475
VEN,1994,21.283,42.217,-11.187,58.357,31.03,,False,False,227.2518611673486
VEN,1995,21.751,32.869,-5.864,77.427,27.005,,False,False,236.07501556123302
VEN,1996,22.219,27.73,7.94,70.536,35.67,,False,False,236.5776998329146
VEN,1997,22.676,30.989,2.577,85.684,33.566,,False,False,250.46022694747094
VEN,1998,23.13,28.79,-4.489,91.836,24.301,30.655,False,False,251.03106904372825
VEN,1999,23.593,26.105,0.743,97.517,26.847,29.564,False,False,238.2831637388162
VEN,2000,24.394,28.293,4.45,117.596,32.743,27.7,False,False,251.52044426043062
VEN,2001,24.803,31.899,-4.593,123.119,27.305,30.729,False,False,259.37507232644464
VEN,2002,25.212,30.99,-1.482,95.258,29.508,48.177,False,False,238.72195590944096
VEN,2003,25.622,32.175,0.171,83.684,32.347,56.029,False,False,222.3014267216177
VEN,2004,26.033,31.914,2.47,112.254,34.385,41.783,False,False,260.65189608559643
VEN,2005,26.445,33.53,4.095,143.375,37.625,34.913,False,False,286.9147536109675
VEN,2006,26.858,39.267,-1.605,178.521,37.662,25.658,False,False,314.2500337243897
VEN,2007,27.273,35.949,-2.815,232.857,33.134,26.364,False,False,340.73512672933737
VEN,2008,27.689,34.879,-3.461,306.764,31.418,20.311,False,False,359.27022735516783
VEN,2009,28.106,33.269,-8.686,268.624,24.584,27.574,False,False,348.5273661596335
VEN,2010,28.524,31.099,-4.739,318.281,26.359,37.706,False,False,347.85810159056877
VEN,2011,28.944,39.361,-8.244,316.482,31.117,52.476,False,True,363.78042235415506
VEN,2012,29.365,38.007,-9.856,372.592,28.151,58.445,False,True,383.57296417962687
VEN,2013,29.786,36.451,-10.351,258.932,26.099,85.399,False,True,388.9463978733079
VEN,2014,30.206,31.607,-9.808,214.69,21.798,84.897,False,True,371.69381519360803
VEN,2015,30.62,22.948,-8.063,125.449,14.885,129.762,False,True,343.1776119290687
VEN,2016,30.714,19.686,-8.463,112.915,11.223,138.404,False,True,281.1350703874132
VEN,2017,30.442,21.766,-13.273,115.882,8.493,133.611,False,True,228.72607739097148
VEN,2018,28.903,37.861,-30.976,102.021,6.884,175.314,False,True,183.76149215597246
VEN,2019,27.817,21.022,-10.933,73.014,10.089,205.991,True,True,133.83899498543138
VEN,2020,27.951,11.159,-6.628,42.838,4.531,336.545,True,True,97.35264251580276
VEN,2021,27.586,13.13,-5.847,56.615,7.284,254.242,True,True,96.7528020075404
VEN,2022,26.917,15.139,-5.29,89.013,9.849,164.423,True,True,100.69380360804819
VEN,2023,26.74,13.121,-1.248,102.378,11.873,138.496,True,True,102.378
VEN,2024,26.561,17.516,-3.669,120.566,13.847,169.133,True,True,106.56150330137578
VEN,2025,26.674,20.294,-5.842,99.661,14.452,308.747,True,True,113.36812512751669
VEN,2026,26.887,,,111.303,,,True,True,112.69649093385654
VEN,2027,27.102,,,117.908,,,True,True,112.02756707368418
