iso3,year,gov_net_lending_pct_gdp,gov_expenditure_pct_gdp,gov_gross_debt_pct_gdp,population_m,gdp_usd_bn,gov_revenue_pct_gdp,gdp_is_estimate,pop_is_estimate,gdp_usd_bn_2023
VNM,1980,,,,54.18,35.357,,False,False,27.934359852209944
VNM,1981,,,,55.31,17.617,,False,False,29.432648255679002
VNM,1982,,,,56.4,23.369,,False,False,31.667227547892406
VNM,1983,,,,57.47,35.204,,False,False,33.715902435411785
VNM,1984,,,,58.57,61.171,,False,False,36.35242670015499
VNM,1985,,,,59.71,19.045,,False,False,38.055173021397245
VNM,1986,,,,60.92,43.009,,False,False,39.21688583735032
VNM,1987,,,,62.3,53.385,,False,False,40.41857821076579
VNM,1988,,,,63.5,29.501,,False,False,42.453275094521835
VNM,1989,,,,64.774,7.991,,False,False,45.29876733989066
VNM,1990,,,,67.513,8.217,,False,False,48.23837157800255
VNM,1991,,,,68.766,9.704,,False,False,51.00270977101342
VNM,1992,,,,70.002,12.528,,False,False,55.33377884580744
VNM,1993,,,,71.223,16.736,,False,False,59.72539358028015
VNM,1994,,,,72.43,20.712,,False,False,64.94984602066745
VNM,1995,,,,73.627,26.407,,False,False,71.1294772279272
VNM,1996,,,,74.815,31.352,,False,False,77.81094036755027
VNM,1997,,,,75.991,34.146,,False,False,84.21177794262685
VNM,1998,-0.099,16.017,,77.167,34.58,15.918,False,False,89.1249345715538
VNM,1999,-1.246,16.702,,78.333,36.444,15.456,False,False,93.49896000841781
VNM,2000,-1.605,17.788,24.755,79.395,39.585,16.183,False,False,99.98625050565084
VNM,2001,-2.192,19.192,25.42,80.469,41.297,17.0,False,False,106.8246365769457
VNM,2002,-1.855,19.747,27.711,81.534,44.563,17.892,False,False,114.30564204328235
VNM,2003,-2.559,22.196,29.835,82.302,50.233,19.638,False,False,122.46244586064002
VNM,2004,-0.15,19.441,29.363,83.063,62.877,19.291,False,False,131.7570978208733
VNM,2005,-0.954,20.625,28.669,83.833,73.197,19.672,False,False,141.69541836076962
VNM,2006,0.201,20.534,30.248,84.618,84.301,20.734,False,False,153.3082196334373
VNM,2007,-1.739,22.297,32.21,85.42,98.426,20.558,False,False,165.70730375250946
VNM,2008,-0.447,21.38,31.045,86.243,124.756,20.933,False,False,176.67668975286543
VNM,2009,-4.824,24.975,36.17,87.092,129.022,20.15,False,False,188.4199047146182
VNM,2010,-2.251,23.721,37.287,87.968,143.287,21.47,False,False,203.49680589729488
VNM,2011,-0.901,21.224,36.185,87.86,171.367,20.323,False,False,214.71223165010605
VNM,2012,-5.462,23.466,38.33,88.809,195.167,18.004,False,False,226.38549821609897
VNM,2013,-5.964,24.457,41.413,89.76,212.737,18.493,False,False,238.77543019219274
VNM,2014,-5.017,22.755,43.643,90.729,232.891,17.738,False,False,253.87238728092376
VNM,2015,-4.983,24.174,46.117,91.713,236.839,19.19,False,False,271.3196554991648
VNM,2016,-3.164,22.231,47.88,92.695,252.139,19.067,False,False,289.0965391734864
VNM,2017,-1.964,21.529,46.621,93.672,277.076,19.565,False,False,308.7592378025379
VNM,2018,-1.021,20.48,43.798,94.666,304.474,19.459,False,False,331.6923567879793
VNM,2019,-0.397,19.811,40.993,96.484,331.811,19.415,False,False,358.32069811043783
VNM,2020,-2.861,21.251,41.319,97.583,346.283,18.39,False,False,369.09263587678936
VNM,2021,-1.432,20.125,39.237,98.506,370.065,18.693,False,False,378.70066424920896
VNM,2022,0.671,18.197,34.923,99.462,411.031,18.868,False,False,411.62284291684887
VNM,2023,-1.718,18.781,34.257,100.309,432.981,17.063,False,False,432.981
VNM,2024,-1.535,19.117,31.163,101.3,459.448,17.582,False,False,464.5743512215626
VNM,2025,-2.203,22.15,30.336,102.3,494.046,19.947,False,False,500.5446397799487
VNM,2026,-1.979,21.767,29.79,103.077,527.266,19.788,True,True,518.7592136273003
VNM,2027,-1.555,21.329,29.049,103.756,557.405,19.773,True,True,537.7465002245963
VNM,2028,-1.402,21.214,28.277,104.385,594.826,19.812,True,True,556.9254586251839
VNM,2029,-1.316,21.147,27.664,105.004,631.081,19.831,True,True,577.4629619604306
VNM,2030,-1.316,21.169,27.166,105.574,667.52,19.853,True,True,598.6716214111681
VNM,2031,-1.251,21.175,26.634,106.051,705.443,19.924,True,True,620.4876420509846
