iso3,year,population_m,gov_expenditure_pct_gdp,gov_revenue_pct_gdp,gov_gross_debt_pct_gdp,gdp_usd_bn,gov_net_lending_pct_gdp,gdp_is_estimate,pop_is_estimate,gdp_usd_bn_2023
ZWE,1980,7.092,,,,,,False,False,15.263398209137012
ZWE,1981,7.3,,,,,,False,False,16.62311870843719
ZWE,1982,7.606,,,,,,False,False,17.188083604806394
ZWE,1983,7.849,,,,,,False,False,17.534152635350683
ZWE,1984,8.099,,,,,,False,False,17.232858270375804
ZWE,1985,8.385,,,,,,False,False,18.396896166495438
ZWE,1986,8.648,,,,,,False,False,18.80910988847893
ZWE,1987,8.919,,,,,,False,False,18.990680310438382
ZWE,1988,9.199,,,,,,False,False,20.450837903373923
ZWE,1989,9.488,,,,,,False,False,21.62038522000299
ZWE,1990,9.786,,,,14.988,,False,False,23.003565603917526
ZWE,1991,10.093,,,,13.962,,False,False,24.44724907620898
ZWE,1992,10.41,,,,11.515,,False,False,22.741686103658036
ZWE,1993,10.776,,,,11.184,,False,False,23.55969378157181
ZWE,1994,11.147,,,,11.76,,False,False,26.145620466802118
ZWE,1995,11.523,,,,12.209,,False,False,26.82601391701669
ZWE,1996,11.905,,,,14.949,,False,False,29.85690966965872
ZWE,1997,11.786,,,,15.345,,False,False,29.4215414581312
ZWE,1998,11.756,,,,17.876,,False,False,29.335624296385163
ZWE,1999,11.724,,,,17.388,,False,False,28.6316905254952
ZWE,2000,11.693,,,,16.755,,False,False,27.17537856767245
ZWE,2001,11.663,,,,16.613,,False,False,27.106526668855505
ZWE,2002,11.632,,,,15.861,,False,False,24.853011036501254
ZWE,2003,11.64,,,,14.145,,False,False,21.028393438233902
ZWE,2004,11.73,,,,13.985,,False,False,19.816618066394806
ZWE,2005,11.83,10.619,7.04,22.376,13.365,-3.578,False,False,18.57387414837923
ZWE,2006,12.01,5.787,4.324,26.691,12.029,-1.463,False,False,17.9465933499262
ZWE,2007,12.04,3.464,1.752,30.233,11.502,-1.712,False,False,17.237002051249345
ZWE,2008,12.12,2.566,1.341,41.337,9.91,-1.224,False,False,14.693665690571445
ZWE,2009,12.23,8.018,6.539,39.735,14.282,-1.479,False,False,17.595858595412928
ZWE,2010,12.34,13.13,12.732,33.185,17.265,-0.397,False,False,20.99082091569281
ZWE,2011,12.459,16.483,14.506,30.018,20.134,-1.978,False,False,23.857339760414888
ZWE,2012,13.061,14.814,14.461,27.173,24.173,-0.352,False,False,28.318235110065412
ZWE,2013,13.43,15.193,13.982,26.434,26.756,-1.211,False,False,29.11977087838276
ZWE,2014,13.778,14.218,13.345,29.202,28.248,-0.872,False,False,30.018717593489455
ZWE,2015,14.075,14.895,13.289,34.094,28.123,-1.606,False,False,31.732035910978333
ZWE,2016,14.371,16.964,11.971,35.054,29.257,-4.993,False,False,33.273508820783675
ZWE,2017,14.668,21.109,12.433,48.981,31.018,-8.676,False,False,36.41021936969868
ZWE,2018,14.968,14.644,10.092,32.957,53.914,-4.551,False,False,39.93756226591041
ZWE,2019,15.268,7.7,7.644,53.889,39.776,-0.056,False,False,39.249999564983135
ZWE,2020,15.582,8.398,8.929,56.811,39.962,0.531,False,False,36.27805227137645
ZWE,2021,15.904,12.374,10.547,39.891,52.413,-1.828,False,False,39.42912541033176
ZWE,2022,16.229,12.145,11.145,66.789,48.57,-1.0,False,False,41.93461354071711
ZWE,2023,16.624,21.053,11.602,76.127,44.372,-9.451,False,True,44.372
ZWE,2024,16.992,13.692,12.937,70.38,49.154,-0.756,False,True,45.26730465021019
ZWE,2025,17.36,15.461,15.543,43.765,53.474,0.082,True,True,47.984641127263096
ZWE,2026,17.728,16.705,15.953,42.333,56.713,-0.753,True,True,49.695405579768796
ZWE,2027,18.104,17.044,16.177,41.355,57.406,-0.867,True,True,51.53632896214089
ZWE,2028,18.488,17.278,16.377,40.403,59.827,-0.901,True,True,53.470758619477415
ZWE,2029,18.881,17.47,16.577,39.454,62.35,-0.894,True,True,55.5181020954013
ZWE,2030,19.284,17.682,16.777,38.521,64.994,-0.905,True,True,57.663199870084185
ZWE,2031,19.698,17.877,16.967,37.608,67.762,-0.911,True,True,59.84111297455256
