iso3,year,value,low,high
AFG,2000,1312939.0,843000.0,2022000.0
AFG,2001,1312939.0,849000.0,2007000.0
AFG,2002,1382972.0,916000.0,2106000.0
AFG,2003,1242906.0,810000.0,1916000.0
AFG,2004,716954.0,480000.0,1072000.0
AFG,2005,535477.0,315000.0,860000.0
AFG,2006,418216.0,221000.0,717000.0
AFG,2007,452626.0,238000.0,776000.0
AFG,2008,402909.0,211000.0,709000.0
AFG,2009,274981.0,149000.0,455000.0
AFG,2010,292015.0,166000.0,459000.0
AFG,2011,362319.0,200000.0,571000.0
AFG,2012,220653.0,122000.0,356000.0
AFG,2013,279634.0,143000.0,446000.0
AFG,2014,319142.0,221000.0,443000.0
AFG,2015,368235.0,253000.0,514000.0
AFG,2016,733205.0,532000.0,985000.0
AFG,2017,798871.0,608000.0,1022000.0
AFG,2018,633500.0,485000.0,810000.0
AFG,2019,413480.0,319000.0,525000.0
AFG,2020,253150.0,195000.0,321000.0
AFG,2021,193232.0,149000.0,245000.0
AFG,2022,287835.0,222000.0,366000.0
AFG,2023,424307.0,326000.0,539000.0
AFG,2024,584876.0,450000.0,745000.0
AGO,2000,5288263.0,3631000.0,7403000.0
AGO,2001,5540053.0,3743000.0,7944000.0
AGO,2002,5470306.0,3714000.0,7897000.0
AGO,2003,5729203.0,3977000.0,7987000.0
AGO,2004,5815364.0,4100000.0,8045000.0
AGO,2005,6054977.0,4427000.0,8175000.0
AGO,2006,6002681.0,4567000.0,7744000.0
AGO,2007,5600525.0,4302000.0,7129000.0
AGO,2008,4921164.0,3729000.0,6392000.0
AGO,2009,4337475.0,3269000.0,5633000.0
AGO,2010,3968548.0,3008000.0,5118000.0
AGO,2011,3803798.0,2848000.0,4966000.0
AGO,2012,3853483.0,2857000.0,5084000.0
AGO,2013,4136885.0,3031000.0,5538000.0
AGO,2014,4450526.0,3267000.0,5894000.0
AGO,2015,4912741.0,3760000.0,6316000.0
AGO,2016,5538352.0,4284000.0,7023000.0
AGO,2017,6510001.0,5064000.0,8221000.0
AGO,2018,7274804.0,5332000.0,9794000.0
AGO,2019,7870619.0,5185000.0,11400000.0
AGO,2020,8179791.0,5141000.0,12210000.0
AGO,2021,8930365.0,5854000.0,12960000.0
AGO,2022,9268350.0,5751000.0,14010000.0
AGO,2023,9388568.0,5790000.0,14530000.0
AGO,2024,9808643.0,6072000.0,14860000.0
ARE,2000,0.0,,
ARE,2001,0.0,,
ARE,2002,0.0,,
ARE,2003,0.0,,
ARE,2004,0.0,,
ARE,2005,0.0,,
ARE,2006,0.0,,
ARE,2007,0.0,,
ARE,2008,0.0,,
ARE,2009,0.0,,
ARE,2010,0.0,,
ARE,2011,0.0,,
ARE,2012,0.0,,
ARE,2013,0.0,,
ARE,2014,0.0,,
ARE,2015,0.0,,
ARE,2016,0.0,,
ARE,2017,0.0,,
ARE,2018,0.0,,
ARE,2019,0.0,,
ARE,2020,0.0,,
ARE,2021,0.0,,
ARE,2022,0.0,,
ARE,2023,0.0,,
ARE,2024,0.0,,
ARG,2000,440.0,,
ARG,2001,215.0,,
ARG,2002,125.0,,
ARG,2003,124.0,,
ARG,2004,116.0,,
ARG,2005,231.0,,
ARG,2006,172.0,,
ARG,2007,328.0,,
ARG,2008,105.0,,
ARG,2009,92.0,,
ARG,2010,54.0,,
ARG,2011,0.0,,
ARG,2012,0.0,,
ARG,2013,0.0,,
ARG,2014,0.0,,
ARG,2015,0.0,,
ARG,2016,0.0,,
ARG,2017,0.0,,
ARG,2018,0.0,,
ARG,2019,0.0,,
ARG,2020,0.0,,
ARG,2021,0.0,,
ARG,2022,0.0,,
ARG,2023,0.0,,
ARG,2024,0.0,,
ARM,2000,141.0,,
ARM,2001,79.0,,
ARM,2002,52.0,,
ARM,2003,29.0,,
ARM,2004,47.0,,
ARM,2005,7.0,,
ARM,2006,0.0,,
ARM,2007,0.0,,
ARM,2008,0.0,,
ARM,2009,0.0,,
ARM,2010,0.0,,
ARM,2011,0.0,,
ARM,2012,0.0,,
ARM,2013,0.0,,
ARM,2014,0.0,,
ARM,2015,0.0,,
ARM,2016,0.0,,
ARM,2017,0.0,,
ARM,2018,0.0,,
ARM,2019,0.0,,
ARM,2020,0.0,,
ARM,2021,0.0,,
ARM,2022,0.0,,
ARM,2023,0.0,,
ARM,2024,0.0,,
AZE,2000,1526.0,,
AZE,2001,1054.0,,
AZE,2002,505.0,,
AZE,2003,480.0,,
AZE,2004,386.0,,
AZE,2005,242.0,,
AZE,2006,141.0,,
AZE,2007,108.0,,
AZE,2008,72.0,,
AZE,2009,78.0,,
AZE,2010,50.0,,
AZE,2011,4.0,,
AZE,2012,3.0,,
AZE,2013,0.0,,
AZE,2014,0.0,,
AZE,2015,0.0,,
AZE,2016,0.0,,
AZE,2017,0.0,,
AZE,2018,0.0,,
AZE,2019,0.0,,
AZE,2020,0.0,,
AZE,2021,0.0,,
AZE,2022,0.0,,
AZE,2023,0.0,,
AZE,2024,0.0,,
BDI,2000,2765887.0,1956000.0,3747000.0
BDI,2001,2760685.0,2053000.0,3638000.0
BDI,2002,2648618.0,1969000.0,3454000.0
BDI,2003,2418956.0,1813000.0,3154000.0
BDI,2004,2163756.0,1601000.0,2858000.0
BDI,2005,2158458.0,1593000.0,2863000.0
BDI,2006,2263569.0,1661000.0,3002000.0
BDI,2007,2350141.0,1676000.0,3207000.0
BDI,2008,2456214.0,1747000.0,3359000.0
BDI,2009,2519306.0,1832000.0,3396000.0
BDI,2010,2431684.0,1780000.0,3231000.0
BDI,2011,2384307.0,1791000.0,3097000.0
BDI,2012,2338904.0,1788000.0,3009000.0
BDI,2013,2452824.0,1816000.0,3231000.0
BDI,2014,2709188.0,2004000.0,3581000.0
BDI,2015,3148549.0,2430000.0,4019000.0
BDI,2016,3611287.0,2886000.0,4469000.0
BDI,2017,3984660.0,3244000.0,4846000.0
BDI,2018,4160542.0,3326000.0,5126000.0
BDI,2019,4231527.0,3289000.0,5397000.0
BDI,2020,4354589.0,3275000.0,5649000.0
BDI,2021,4537471.0,3206000.0,6270000.0
BDI,2022,4559934.0,2993000.0,6652000.0
BDI,2023,4425102.0,2836000.0,6678000.0
BDI,2024,4423640.0,2641000.0,6987000.0
BEN,2000,3004220.0,2249000.0,3903000.0
BEN,2001,3233367.0,2425000.0,4244000.0
BEN,2002,3480523.0,2630000.0,4524000.0
BEN,2003,3745277.0,2913000.0,4745000.0
BEN,2004,4043263.0,3205000.0,4990000.0
BEN,2005,4298732.0,3442000.0,5290000.0
BEN,2006,4424230.0,3563000.0,5432000.0
BEN,2007,4447902.0,3535000.0,5509000.0
BEN,2008,4369795.0,3436000.0,5452000.0
BEN,2009,4265555.0,3372000.0,5295000.0
BEN,2010,4086249.0,3259000.0,5090000.0
BEN,2011,3865748.0,3047000.0,4847000.0
BEN,2012,3797021.0,2986000.0,4745000.0
BEN,2013,3878086.0,2989000.0,4950000.0
BEN,2014,4071327.0,3142000.0,5192000.0
BEN,2015,4439351.0,3525000.0,5524000.0
BEN,2016,4865347.0,3930000.0,5975000.0
BEN,2017,5005399.0,4052000.0,6144000.0
BEN,2018,5048803.0,4009000.0,6281000.0
BEN,2019,5089580.0,3915000.0,6507000.0
BEN,2020,4927525.0,3675000.0,6420000.0
BEN,2021,5072961.0,3719000.0,6736000.0
BEN,2022,5181843.0,3663000.0,7173000.0
BEN,2023,5097786.0,3435000.0,7287000.0
BEN,2024,5123465.0,3296000.0,7629000.0
BFA,2000,7121621.0,5672000.0,8835000.0
BFA,2001,7346774.0,5865000.0,9048000.0
BFA,2002,7513033.0,6023000.0,9196000.0
BFA,2003,7615906.0,6110000.0,9373000.0
BFA,2004,7546925.0,6050000.0,9280000.0
BFA,2005,7363398.0,5819000.0,9204000.0
BFA,2006,7347269.0,5772000.0,9212000.0
BFA,2007,7693631.0,6064000.0,9614000.0
BFA,2008,8386574.0,6759000.0,10290000.0
BFA,2009,8932652.0,7147000.0,10950000.0
BFA,2010,9194223.0,7399000.0,11260000.0
BFA,2011,9242057.0,7455000.0,11290000.0
BFA,2012,9159529.0,7380000.0,11230000.0
BFA,2013,8620220.0,6941000.0,10590000.0
BFA,2014,8132937.0,6535000.0,10000000.0
BFA,2015,7848131.0,6210000.0,9775000.0
BFA,2016,7215226.0,5351000.0,9555000.0
BFA,2017,7093584.0,4906000.0,10000000.0
BFA,2018,7280725.0,4892000.0,10380000.0
BFA,2019,7472680.0,5064000.0,10750000.0
BFA,2020,8122685.0,5375000.0,11720000.0
BFA,2021,8326915.0,5527000.0,12050000.0
BFA,2022,8019213.0,5348000.0,11590000.0
BFA,2023,8139355.0,5382000.0,11700000.0
BFA,2024,8324231.0,5507000.0,12060000.0
BGD,2000,95942.0,42000.0,153000.0
BGD,2001,97554.0,43000.0,154000.0
BGD,2002,99072.0,43000.0,158000.0
BGD,2003,100524.0,44000.0,159000.0
BGD,2004,101902.0,44000.0,165000.0
BGD,2005,103195.0,46000.0,165000.0
BGD,2006,68539.0,41000.0,103000.0
BGD,2007,126937.0,77000.0,185000.0
BGD,2008,121043.0,96000.0,150000.0
BGD,2009,80603.0,68000.0,94000.0
BGD,2010,69307.0,59000.0,80000.0
BGD,2011,63432.0,54000.0,73000.0
BGD,2012,35375.0,31000.0,40000.0
BGD,2013,31594.0,28000.0,36000.0
BGD,2014,66274.0,60000.0,74000.0
BGD,2015,45478.0,41000.0,50000.0
BGD,2016,31621.0,29000.0,35000.0
BGD,2017,33331.0,30000.0,37000.0
BGD,2018,12397.0,11000.0,14000.0
BGD,2019,21202.0,18000.0,25000.0
BGD,2020,7545.0,6400.0,8700.0
BGD,2021,8974.0,7600.0,10000.0
BGD,2022,22451.0,19000.0,26000.0
BGD,2023,20376.0,17000.0,24000.0
BGD,2024,16096.0,14000.0,19000.0
BLZ,2000,1486.0,,
BLZ,2001,1162.0,,
BLZ,2002,1134.0,,
BLZ,2003,1324.0,,
BLZ,2004,1066.0,,
BLZ,2005,1549.0,,
BLZ,2006,844.0,,
BLZ,2007,845.0,,
BLZ,2008,540.0,,
BLZ,2009,256.0,,
BLZ,2010,150.0,,
BLZ,2011,72.0,,
BLZ,2012,33.0,,
BLZ,2013,20.0,,
BLZ,2014,19.0,,
BLZ,2015,9.0,,
BLZ,2016,4.0,,
BLZ,2017,7.0,,
BLZ,2018,3.0,,
BLZ,2019,0.0,,
BLZ,2020,0.0,,
BLZ,2021,0.0,,
BLZ,2022,0.0,,
BLZ,2023,0.0,,
BLZ,2024,0.0,,
BOL,2000,45647.0,33000.0,58000.0
BOL,2001,22330.0,17000.0,28000.0
BOL,2002,19768.0,15000.0,25000.0
BOL,2003,27568.0,22000.0,34000.0
BOL,2004,20206.0,16000.0,25000.0
BOL,2005,27296.0,21000.0,34000.0
BOL,2006,25742.0,20000.0,32000.0
BOL,2007,19799.0,15000.0,24000.0
BOL,2008,13210.0,10000.0,16000.0
BOL,2009,13344.0,10000.0,16000.0
BOL,2010,18659.0,15000.0,23000.0
BOL,2011,9680.0,7600.0,12000.0
BOL,2012,10048.0,7900.0,12000.0
BOL,2013,10906.0,8300.0,14000.0
BOL,2014,10994.0,8400.0,14000.0
BOL,2015,9315.0,7300.0,11000.0
BOL,2016,7510.0,5900.0,9200.0
BOL,2017,6195.0,4800.0,7600.0
BOL,2018,7239.0,5700.0,8900.0
BOL,2019,12654.0,9900.0,16000.0
BOL,2020,16506.0,13000.0,20000.0
BOL,2021,13476.0,11000.0,17000.0
BOL,2022,13987.0,11000.0,17000.0
BOL,2023,13940.0,11000.0,17000.0
BOL,2024,21560.0,17000.0,26000.0
BRA,2000,760760.0,643000.0,887000.0
BRA,2001,467114.0,406000.0,533000.0
BRA,2002,407200.0,363000.0,456000.0
BRA,2003,465651.0,424000.0,514000.0
BRA,2004,516739.0,481000.0,562000.0
BRA,2005,658276.0,623000.0,708000.0
BRA,2006,584183.0,561000.0,623000.0
BRA,2007,534516.0,478000.0,578000.0
BRA,2008,335694.0,322000.0,358000.0
BRA,2009,328858.0,316000.0,352000.0
BRA,2010,390024.0,348000.0,422000.0
BRA,2011,284024.0,273000.0,303000.0
BRA,2012,258095.0,248000.0,275000.0
BRA,2013,197679.0,177000.0,214000.0
BRA,2014,146599.0,141000.0,156000.0
BRA,2015,164589.0,147000.0,178000.0
BRA,2016,132022.0,127000.0,141000.0
BRA,2017,220913.0,198000.0,239000.0
BRA,2018,218813.0,195000.0,237000.0
BRA,2019,178650.0,160000.0,193000.0
BRA,2020,167113.0,150000.0,181000.0
BRA,2021,147804.0,142000.0,158000.0
BRA,2022,137150.0,132000.0,146000.0
BRA,2023,163461.0,146000.0,177000.0
BRA,2024,161548.0,145000.0,175000.0
BTN,2000,5935.0,,
BTN,2001,5982.0,,
BTN,2002,6511.0,,
BTN,2003,3806.0,,
BTN,2004,2670.0,,
BTN,2005,1825.0,,
BTN,2006,1868.0,,
BTN,2007,793.0,,
BTN,2008,329.0,,
BTN,2009,1057.0,,
BTN,2010,436.0,,
BTN,2011,194.0,,
BTN,2012,82.0,,
BTN,2013,15.0,,
BTN,2014,19.0,,
BTN,2015,34.0,,
BTN,2016,15.0,,
BTN,2017,11.0,,
BTN,2018,6.0,,
BTN,2019,2.0,,
BTN,2020,22.0,,
BTN,2021,9.0,,
BTN,2022,0.0,,
BTN,2023,0.0,,
BTN,2024,0.0,,
BWA,2000,19156.0,13000.0,34000.0
BWA,2001,7703.0,4700.0,15000.0
BWA,2002,3666.0,2100.0,7300.0
BWA,2003,1864.0,750.0,4500.0
BWA,2004,1218.0,250.0,3600.0
BWA,2005,1466.0,840.0,2800.0
BWA,2006,4803.0,3200.0,7800.0
BWA,2007,1292.0,490.0,3200.0
BWA,2008,2457.0,1200.0,4900.0
BWA,2009,2719.0,1300.0,5300.0
BWA,2010,2229.0,1300.0,4000.0
BWA,2011,682.0,520.0,940.0
BWA,2012,304.0,230.0,450.0
BWA,2013,725.0,560.0,970.0
BWA,2014,2076.0,1600.0,2800.0
BWA,2015,455.0,350.0,610.0
BWA,2016,986.0,760.0,1400.0
BWA,2017,2938.0,2300.0,4000.0
BWA,2018,809.0,620.0,1100.0
BWA,2019,259.0,200.0,360.0
BWA,2020,1778.0,1200.0,2700.0
BWA,2021,1072.0,820.0,1500.0
BWA,2022,549.0,420.0,780.0
BWA,2023,775.0,590.0,1100.0
BWA,2024,335.0,260.0,470.0
CAF,2000,1679496.0,1044000.0,2568000.0
CAF,2001,1718721.0,1061000.0,2677000.0
CAF,2002,1794109.0,1096000.0,2780000.0
CAF,2003,1867878.0,1137000.0,2879000.0
CAF,2004,1934032.0,1199000.0,2969000.0
CAF,2005,1995410.0,1271000.0,3006000.0
CAF,2006,2048395.0,1327000.0,2998000.0
CAF,2007,2086760.0,1399000.0,3000000.0
CAF,2008,2123317.0,1423000.0,3053000.0
CAF,2009,2099433.0,1400000.0,3035000.0
CAF,2010,2035817.0,1314000.0,3030000.0
CAF,2011,2022476.0,1264000.0,3110000.0
CAF,2012,2004745.0,1202000.0,3144000.0
CAF,2013,1983793.0,1173000.0,3136000.0
CAF,2014,1943552.0,1135000.0,3109000.0
CAF,2015,1899456.0,1076000.0,3111000.0
CAF,2016,1866491.0,1045000.0,3094000.0
CAF,2017,1857203.0,994000.0,3155000.0
CAF,2018,1879556.0,980000.0,3350000.0
CAF,2019,1895269.0,954000.0,3410000.0
CAF,2020,1890435.0,929000.0,3492000.0
CAF,2021,1862097.0,891000.0,3533000.0
CAF,2022,1807257.0,865000.0,3374000.0
CAF,2023,1782652.0,855000.0,3303000.0
CAF,2024,1832924.0,900000.0,3402000.0
CHN,2000,8025.0,,
CHN,2001,21237.0,,
CHN,2002,25520.0,,
CHN,2003,28491.0,,
CHN,2004,27197.0,,
CHN,2005,21936.0,,
CHN,2006,35383.0,,
CHN,2007,29304.0,,
CHN,2008,16650.0,,
CHN,2009,9287.0,,
CHN,2010,4990.0,,
CHN,2011,1308.0,,
CHN,2012,244.0,,
CHN,2013,83.0,,
CHN,2014,53.0,,
CHN,2015,39.0,,
CHN,2016,1.0,,
CHN,2017,0.0,,
CHN,2018,0.0,,
CHN,2019,0.0,,
CHN,2020,0.0,,
CHN,2021,0.0,,
CHN,2022,0.0,,
CHN,2023,0.0,,
CHN,2024,0.0,,
CIV,2000,8681661.0,6874000.0,10800000.0
CIV,2001,9130224.0,7291000.0,11310000.0
CIV,2002,9445298.0,7623000.0,11600000.0
CIV,2003,9746639.0,7941000.0,11870000.0
CIV,2004,9804501.0,7982000.0,11880000.0
CIV,2005,9358798.0,7643000.0,11350000.0
CIV,2006,8744926.0,7158000.0,10580000.0
CIV,2007,8233616.0,6698000.0,10020000.0
CIV,2008,8454440.0,6917000.0,10320000.0
CIV,2009,9374735.0,7689000.0,11310000.0
CIV,2010,10302284.0,8455000.0,12450000.0
CIV,2011,10608018.0,8731000.0,12800000.0
CIV,2012,8804653.0,7047000.0,10990000.0
CIV,2013,6879970.0,5183000.0,8970000.0
CIV,2014,5966178.0,4272000.0,8161000.0
CIV,2015,6112542.0,4040000.0,8918000.0
CIV,2016,6707955.0,4189000.0,10190000.0
CIV,2017,7178935.0,4577000.0,10770000.0
CIV,2018,7695880.0,5216000.0,11010000.0
CIV,2019,8253903.0,5950000.0,11140000.0
CIV,2020,8549253.0,6414000.0,11130000.0
CIV,2021,8407016.0,6458000.0,10850000.0
CIV,2022,8536996.0,6226000.0,11420000.0
CIV,2023,8391487.0,5790000.0,11770000.0
CIV,2024,8556747.0,5693000.0,12410000.0
CMR,2000,5888216.0,4534000.0,7469000.0
CMR,2001,6526313.0,5139000.0,8159000.0
CMR,2002,6874791.0,5476000.0,8532000.0
CMR,2003,7133253.0,5667000.0,8816000.0
CMR,2004,7287579.0,5773000.0,9156000.0
CMR,2005,7437325.0,5908000.0,9249000.0
CMR,2006,7475565.0,5956000.0,9251000.0
CMR,2007,7399514.0,5799000.0,9296000.0
CMR,2008,7274246.0,5673000.0,9193000.0
CMR,2009,6711868.0,5181000.0,8563000.0
CMR,2010,5815288.0,4444000.0,7467000.0
CMR,2011,5393901.0,4102000.0,6928000.0
CMR,2012,5434180.0,4028000.0,7178000.0
CMR,2013,5802116.0,4071000.0,7957000.0
CMR,2014,6011473.0,4242000.0,8265000.0
CMR,2015,6170151.0,4454000.0,8307000.0
CMR,2016,6298245.0,4631000.0,8351000.0
CMR,2017,6248935.0,4696000.0,8125000.0
CMR,2018,6176286.0,4711000.0,7937000.0
CMR,2019,6209127.0,4690000.0,8088000.0
CMR,2020,6940869.0,5191000.0,9065000.0
CMR,2021,7284817.0,5581000.0,9316000.0
CMR,2022,7323632.0,5654000.0,9311000.0
CMR,2023,7350770.0,5639000.0,9446000.0
CMR,2024,7585555.0,5542000.0,10180000.0
COD,2000,23144741.0,18610000.0,28420000.0
COD,2001,23855861.0,19030000.0,29410000.0
COD,2002,24763078.0,19700000.0,30470000.0
COD,2003,25865414.0,20770000.0,31980000.0
COD,2004,26653386.0,21380000.0,32910000.0
COD,2005,27526510.0,22180000.0,34110000.0
COD,2006,28174396.0,22800000.0,34460000.0
COD,2007,28009892.0,22720000.0,34170000.0
COD,2008,27676892.0,22500000.0,33670000.0
COD,2009,26911954.0,21740000.0,32850000.0
COD,2010,26144344.0,21050000.0,32050000.0
COD,2011,25522250.0,20390000.0,31680000.0
COD,2012,24598662.0,19390000.0,30740000.0
COD,2013,23531534.0,18530000.0,29410000.0
COD,2014,23314218.0,18190000.0,29590000.0
COD,2015,24556966.0,18950000.0,31200000.0
COD,2016,26049693.0,19960000.0,33530000.0
COD,2017,28221065.0,21650000.0,35910000.0
COD,2018,30384274.0,23470000.0,38460000.0
COD,2019,31580724.0,24500000.0,40160000.0
COD,2020,32532899.0,24840000.0,41830000.0
COD,2021,33515984.0,25730000.0,43200000.0
COD,2022,33580334.0,25340000.0,43240000.0
COD,2023,34412847.0,26070000.0,44480000.0
COD,2024,35175261.0,26570000.0,45560000.0
COG,2000,1101712.0,781000.0,1515000.0
COG,2001,1142303.0,780000.0,1622000.0
COG,2002,1095840.0,720000.0,1601000.0
COG,2003,1129894.0,739000.0,1641000.0
COG,2004,1161632.0,745000.0,1715000.0
COG,2005,1142267.0,712000.0,1733000.0
COG,2006,1100740.0,708000.0,1638000.0
COG,2007,1014897.0,683000.0,1442000.0
COG,2008,931359.0,632000.0,1328000.0
COG,2009,918094.0,616000.0,1318000.0
COG,2010,956879.0,618000.0,1410000.0
COG,2011,994217.0,635000.0,1472000.0
COG,2012,1023460.0,656000.0,1531000.0
COG,2013,1059771.0,671000.0,1581000.0
COG,2014,1060152.0,680000.0,1574000.0
COG,2015,1073627.0,668000.0,1624000.0
COG,2016,1126747.0,694000.0,1734000.0
COG,2017,1262280.0,798000.0,1941000.0
COG,2018,1369527.0,852000.0,2088000.0
COG,2019,1381360.0,838000.0,2153000.0
COG,2020,1385505.0,829000.0,2187000.0
COG,2021,1367104.0,799000.0,2164000.0
COG,2022,1330862.0,771000.0,2191000.0
COG,2023,1356914.0,792000.0,2195000.0
COG,2024,1399717.0,827000.0,2219000.0
COL,2000,210720.0,154000.0,270000.0
COL,2001,333024.0,247000.0,423000.0
COL,2002,291432.0,218000.0,369000.0
COL,2003,254224.0,192000.0,318000.0
COL,2004,197464.0,151000.0,246000.0
COL,2005,166899.0,129000.0,207000.0
COL,2006,165418.0,128000.0,205000.0
COL,2007,173191.0,133000.0,215000.0
COL,2008,109966.0,84000.0,137000.0
COL,2009,110555.0,84000.0,138000.0
COL,2010,164564.0,125000.0,205000.0
COL,2011,90130.0,69000.0,113000.0
COL,2012,84176.0,64000.0,105000.0
COL,2013,72346.0,55000.0,90000.0
COL,2014,57024.0,43000.0,71000.0
COL,2015,84841.0,63000.0,109000.0
COL,2016,115550.0,88000.0,144000.0
COL,2017,80963.0,60000.0,104000.0
COL,2018,93827.0,70000.0,120000.0
COL,2019,123297.0,92000.0,158000.0
COL,2020,113807.0,86000.0,143000.0
COL,2021,103472.0,79000.0,129000.0
COL,2022,101685.0,77000.0,127000.0
COL,2023,146665.0,112000.0,184000.0
COL,2024,177870.0,136000.0,223000.0
COM,2000,35580.0,,
COM,2001,35608.0,,
COM,2002,35665.0,,
COM,2003,35644.0,,
COM,2004,35601.0,,
COM,2005,35616.0,,
COM,2006,35626.0,,
COM,2007,35628.0,,
COM,2008,35626.0,,
COM,2009,35622.0,,
COM,2010,36538.0,,
COM,2011,24856.0,,
COM,2012,49840.0,,
COM,2013,53156.0,,
COM,2014,2203.0,,
COM,2015,1884.0,,
COM,2016,1467.0,,
COM,2017,3896.0,,
COM,2018,15186.0,,
COM,2019,17599.0,,
COM,2020,4546.0,,
COM,2021,10537.0,,
COM,2022,20675.0,,
COM,2023,21049.0,,
COM,2024,54413.0,,
CPV,2000,144.0,,
CPV,2001,107.0,,
CPV,2002,76.0,,
CPV,2003,68.0,,
CPV,2004,45.0,,
CPV,2005,68.0,,
CPV,2006,80.0,,
CPV,2007,18.0,,
CPV,2008,35.0,,
CPV,2009,65.0,,
CPV,2010,47.0,,
CPV,2011,7.0,,
CPV,2012,1.0,,
CPV,2013,22.0,,
CPV,2014,26.0,,
CPV,2015,7.0,,
CPV,2016,49.0,,
CPV,2017,423.0,,
CPV,2018,2.0,,
CPV,2019,0.0,,
CPV,2020,0.0,,
CPV,2021,0.0,,
CPV,2022,0.0,,
CPV,2023,0.0,,
CPV,2024,19.0,,
CRI,2000,1879.0,,
CRI,2001,1363.0,,
CRI,2002,1021.0,,
CRI,2003,718.0,,
CRI,2004,1289.0,,
CRI,2005,3541.0,,
CRI,2006,2903.0,,
CRI,2007,1223.0,,
CRI,2008,966.0,,
CRI,2009,262.0,,
CRI,2010,110.0,,
CRI,2011,10.0,,
CRI,2012,7.0,,
CRI,2013,0.0,,
CRI,2014,0.0,,
CRI,2015,0.0,,
CRI,2016,4.0,,
CRI,2017,12.0,,
CRI,2018,70.0,,
CRI,2019,95.0,,
CRI,2020,90.0,,
CRI,2021,189.0,,
CRI,2022,406.0,,
CRI,2023,543.0,,
CRI,2024,240.0,,
DJI,2000,1722.0,,
DJI,2001,1777.0,,
DJI,2002,1833.0,,
DJI,2003,1874.0,,
DJI,2004,1903.0,,
DJI,2005,1933.0,,
DJI,2006,1972.0,,
DJI,2007,2015.0,,
DJI,2008,2057.0,,
DJI,2009,2686.0,,
DJI,2010,1010.0,,
DJI,2011,2185.0,,
DJI,2012,2227.0,,
DJI,2013,1684.0,,
DJI,2014,9439.0,,
DJI,2015,9473.0,,
DJI,2016,13822.0,,
DJI,2017,14810.0,,
DJI,2018,24845.0,,
DJI,2019,49402.0,,
DJI,2020,73535.0,,
DJI,2021,58916.0,,
DJI,2022,40648.0,,
DJI,2023,38944.0,,
DJI,2024,39523.0,,
DOM,2000,1524.0,1300.0,1800.0
DOM,2001,1315.0,1100.0,1600.0
DOM,2002,1685.0,1400.0,2000.0
DOM,2003,1983.0,1600.0,2400.0
DOM,2004,3046.0,2500.0,3600.0
DOM,2005,4950.0,4000.0,5900.0
DOM,2006,4535.0,3700.0,5400.0
DOM,2007,3478.0,2900.0,4100.0
DOM,2008,2365.0,1900.0,2800.0
DOM,2009,2115.0,1700.0,2500.0
DOM,2010,3202.0,2600.0,3800.0
DOM,2011,2088.0,1700.0,2500.0
DOM,2012,1232.0,1000.0,1500.0
DOM,2013,613.0,500.0,740.0
DOM,2014,566.0,480.0,660.0
DOM,2015,771.0,660.0,890.0
DOM,2016,836.0,720.0,960.0
DOM,2017,410.0,360.0,470.0
DOM,2018,516.0,450.0,590.0
DOM,2019,1528.0,1300.0,1700.0
DOM,2020,977.0,860.0,1100.0
DOM,2021,284.0,,
DOM,2022,320.0,,
DOM,2023,253.0,,
DOM,2024,1203.0,,
DZA,2000,34.0,,
DZA,2001,6.0,,
DZA,2002,10.0,,
DZA,2003,5.0,,
DZA,2004,2.0,,
DZA,2005,1.0,,
DZA,2006,1.0,,
DZA,2007,26.0,,
DZA,2008,3.0,,
DZA,2009,0.0,,
DZA,2010,1.0,,
DZA,2011,1.0,,
DZA,2012,55.0,,
DZA,2013,8.0,,
DZA,2014,0.0,,
DZA,2015,0.0,,
DZA,2016,0.0,,
DZA,2017,0.0,,
DZA,2018,0.0,,
DZA,2019,0.0,,
DZA,2020,0.0,,
DZA,2021,0.0,,
DZA,2022,0.0,,
DZA,2023,0.0,,
DZA,2024,0.0,,
ECU,2000,104528.0,,
ECU,2001,108903.0,,
ECU,2002,86757.0,,
ECU,2003,52065.0,,
ECU,2004,28730.0,,
ECU,2005,17050.0,,
ECU,2006,9863.0,,
ECU,2007,8194.0,,
ECU,2008,4891.0,,
ECU,2009,4126.0,,
ECU,2010,1888.0,,
ECU,2011,1219.0,,
ECU,2012,544.0,,
ECU,2013,368.0,,
ECU,2014,242.0,,
ECU,2015,627.0,,
ECU,2016,1191.0,,
ECU,2017,1275.0,,
ECU,2018,1653.0,,
ECU,2019,1803.0,,
ECU,2020,1934.0,,
ECU,2021,2175.0,,
ECU,2022,1348.0,,
ECU,2023,604.0,,
ECU,2024,380.0,,
EGY,2000,0.0,,
EGY,2001,0.0,,
EGY,2002,0.0,,
EGY,2003,0.0,,
EGY,2004,0.0,,
EGY,2005,0.0,,
EGY,2006,0.0,,
EGY,2007,0.0,,
EGY,2008,0.0,,
EGY,2009,0.0,,
EGY,2010,0.0,,
EGY,2011,0.0,,
EGY,2012,0.0,,
EGY,2013,0.0,,
EGY,2014,0.0,,
EGY,2015,0.0,,
EGY,2016,0.0,,
EGY,2017,0.0,,
EGY,2018,0.0,,
EGY,2019,0.0,,
EGY,2020,0.0,,
EGY,2021,0.0,,
EGY,2022,0.0,,
EGY,2023,0.0,,
EGY,2024,0.0,,
ERI,2000,42691.0,14000.0,88000.0
ERI,2001,54461.0,19000.0,107000.0
ERI,2002,32823.0,12000.0,64000.0
ERI,2003,49490.0,23000.0,86000.0
ERI,2004,15093.0,7500.0,26000.0
ERI,2005,27680.0,16000.0,42000.0
ERI,2006,16438.0,10000.0,23000.0
ERI,2007,37568.0,24000.0,53000.0
ERI,2008,20767.0,13000.0,29000.0
ERI,2009,27656.0,18000.0,39000.0
ERI,2010,83471.0,53000.0,118000.0
ERI,2011,76678.0,49000.0,106000.0
ERI,2012,52483.0,33000.0,75000.0
ERI,2013,49309.0,31000.0,70000.0
ERI,2014,109689.0,71000.0,153000.0
ERI,2015,64020.0,41000.0,89000.0
ERI,2016,86561.0,47000.0,138000.0
ERI,2017,115928.0,74000.0,161000.0
ERI,2018,99716.0,64000.0,139000.0
ERI,2019,200382.0,128000.0,279000.0
ERI,2020,158889.0,103000.0,221000.0
ERI,2021,92938.0,60000.0,129000.0
ERI,2022,139422.0,90000.0,194000.0
ERI,2023,219981.0,141000.0,306000.0
ERI,2024,362132.0,232000.0,505000.0
ETH,2000,8672176.0,5659000.0,12950000.0
ETH,2001,9965187.0,3662000.0,18830000.0
ETH,2002,9428040.0,3382000.0,18340000.0
ETH,2003,10490089.0,4331000.0,25010000.0
ETH,2004,11271667.0,4042000.0,33750000.0
ETH,2005,7965655.0,2880000.0,23440000.0
ETH,2006,7573908.0,2350000.0,23550000.0
ETH,2007,6575924.0,1930000.0,20880000.0
ETH,2008,5601990.0,2029000.0,16480000.0
ETH,2009,8006961.0,2647000.0,22890000.0
ETH,2010,9471475.0,3092000.0,27090000.0
ETH,2011,9101932.0,3647000.0,23770000.0
ETH,2012,10401659.0,5130000.0,23840000.0
ETH,2013,12323076.0,6748000.0,22780000.0
ETH,2014,9906043.0,3720000.0,17290000.0
ETH,2015,9186102.0,3497000.0,16870000.0
ETH,2016,6740580.0,2821000.0,12470000.0
ETH,2017,5273115.0,2487000.0,9124000.0
ETH,2018,2793314.0,1540000.0,4199000.0
ETH,2019,2645193.0,1468000.0,3938000.0
ETH,2020,4227742.0,2359000.0,6346000.0
ETH,2021,3783896.0,2097000.0,5647000.0
ETH,2022,5106067.0,2833000.0,7622000.0
ETH,2023,9559569.0,5281000.0,14360000.0
ETH,2024,12436942.0,6876000.0,18640000.0
GAB,2000,465149.0,327000.0,650000.0
GAB,2001,463185.0,318000.0,655000.0
GAB,2002,434899.0,285000.0,639000.0
GAB,2003,358082.0,228000.0,533000.0
GAB,2004,279571.0,177000.0,422000.0
GAB,2005,231288.0,141000.0,355000.0
GAB,2006,198783.0,116000.0,317000.0
GAB,2007,188623.0,98000.0,324000.0
GAB,2008,199956.0,97000.0,366000.0
GAB,2009,244304.0,117000.0,456000.0
GAB,2010,305927.0,144000.0,580000.0
GAB,2011,348201.0,170000.0,639000.0
GAB,2012,369662.0,190000.0,649000.0
GAB,2013,381053.0,207000.0,644000.0
GAB,2014,383546.0,214000.0,624000.0
GAB,2015,378319.0,222000.0,599000.0
GAB,2016,383407.0,226000.0,611000.0
GAB,2017,398291.0,247000.0,614000.0
GAB,2018,413097.0,289000.0,575000.0
GAB,2019,432488.0,322000.0,570000.0
GAB,2020,449585.0,336000.0,589000.0
GAB,2021,449657.0,325000.0,602000.0
GAB,2022,458643.0,311000.0,654000.0
GAB,2023,475347.0,299000.0,715000.0
GAB,2024,474789.0,259000.0,795000.0
GEO,2000,245.0,,
GEO,2001,438.0,,
GEO,2002,474.0,,
GEO,2003,316.0,,
GEO,2004,257.0,,
GEO,2005,155.0,,
GEO,2006,59.0,,
GEO,2007,24.0,,
GEO,2008,6.0,,
GEO,2009,1.0,,
GEO,2010,0.0,,
GEO,2011,0.0,,
GEO,2012,0.0,,
GEO,2013,0.0,,
GEO,2014,0.0,,
GEO,2015,0.0,,
GEO,2016,0.0,,
GEO,2017,0.0,,
GEO,2018,0.0,,
GEO,2019,0.0,,
GEO,2020,0.0,,
GEO,2021,0.0,,
GEO,2022,0.0,,
GEO,2023,0.0,,
GEO,2024,0.0,,
GHA,2000,8450966.0,6428000.0,10940000.0
GHA,2001,8292195.0,6457000.0,10500000.0
GHA,2002,8127918.0,6373000.0,10170000.0
GHA,2003,7794154.0,6165000.0,9700000.0
GHA,2004,7439832.0,5909000.0,9222000.0
GHA,2005,7267466.0,5744000.0,9100000.0
GHA,2006,7173504.0,5733000.0,8827000.0
GHA,2007,7230534.0,5727000.0,9045000.0
GHA,2008,7628569.0,5997000.0,9524000.0
GHA,2009,8463705.0,6808000.0,10370000.0
GHA,2010,9334147.0,7627000.0,11260000.0
GHA,2011,9789325.0,8019000.0,11840000.0
GHA,2012,9819967.0,8026000.0,11980000.0
GHA,2013,9429908.0,7682000.0,11510000.0
GHA,2014,8799642.0,7034000.0,10870000.0
GHA,2015,7919823.0,6202000.0,9963000.0
GHA,2016,7190096.0,5548000.0,9186000.0
GHA,2017,6787448.0,5197000.0,8709000.0
GHA,2018,6518545.0,4974000.0,8384000.0
GHA,2019,6729077.0,5140000.0,8690000.0
GHA,2020,7003408.0,5361000.0,9019000.0
GHA,2021,6909085.0,5232000.0,8993000.0
GHA,2022,6987387.0,5255000.0,9127000.0
GHA,2023,6585886.0,4871000.0,8693000.0
GHA,2024,6739843.0,4669000.0,9434000.0
GIN,2000,3504497.0,2532000.0,4709000.0
GIN,2001,3538841.0,2482000.0,4904000.0
GIN,2002,3634139.0,2536000.0,5061000.0
GIN,2003,3771658.0,2666000.0,5159000.0
GIN,2004,3854890.0,2760000.0,5231000.0
GIN,2005,3885452.0,2776000.0,5281000.0
GIN,2006,3823613.0,2735000.0,5206000.0
GIN,2007,3715054.0,2649000.0,5066000.0
GIN,2008,3749499.0,2738000.0,5037000.0
GIN,2009,3994552.0,3069000.0,5115000.0
GIN,2010,4322048.0,3477000.0,5341000.0
GIN,2011,4569440.0,3742000.0,5505000.0
GIN,2012,4715376.0,3910000.0,5660000.0
GIN,2013,4630441.0,3692000.0,5761000.0
GIN,2014,4551149.0,3472000.0,5819000.0
GIN,2015,4523155.0,3422000.0,5928000.0
GIN,2016,4425005.0,3262000.0,5898000.0
GIN,2017,4439978.0,3211000.0,5970000.0
GIN,2018,4450281.0,3208000.0,6027000.0
GIN,2019,4186659.0,2905000.0,5877000.0
GIN,2020,4077448.0,2921000.0,5553000.0
GIN,2021,4036996.0,3121000.0,5159000.0
GIN,2022,4015495.0,3011000.0,5258000.0
GIN,2023,4112792.0,2882000.0,5647000.0
GIN,2024,4221103.0,2923000.0,5912000.0
GMB,2000,450671.0,333000.0,587000.0
GMB,2001,450685.0,333000.0,584000.0
GMB,2002,450452.0,334000.0,583000.0
GMB,2003,450016.0,334000.0,586000.0
GMB,2004,449504.0,331000.0,584000.0
GMB,2005,449027.0,330000.0,579000.0
GMB,2006,448795.0,333000.0,586000.0
GMB,2007,448775.0,332000.0,579000.0
GMB,2008,448751.0,330000.0,583000.0
GMB,2009,448654.0,334000.0,584000.0
GMB,2010,448540.0,333000.0,582000.0
GMB,2011,473874.0,383000.0,575000.0
GMB,2012,523991.0,418000.0,641000.0
GMB,2013,429429.0,338000.0,532000.0
GMB,2014,303721.0,237000.0,378000.0
GMB,2015,450479.0,346000.0,566000.0
GMB,2016,297058.0,225000.0,376000.0
GMB,2017,148057.0,111000.0,189000.0
GMB,2018,196160.0,143000.0,253000.0
GMB,2019,109975.0,86000.0,137000.0
GMB,2020,210897.0,147000.0,304000.0
GMB,2021,160958.0,125000.0,201000.0
GMB,2022,251831.0,196000.0,314000.0
GMB,2023,236079.0,184000.0,294000.0
GMB,2024,208225.0,162000.0,259000.0
GNB,2000,489529.0,309000.0,741000.0
GNB,2001,403827.0,240000.0,643000.0
GNB,2002,323897.0,177000.0,550000.0
GNB,2003,240402.0,123000.0,420000.0
GNB,2004,163608.0,73000.0,320000.0
GNB,2005,128852.0,59000.0,249000.0
GNB,2006,110694.0,64000.0,182000.0
GNB,2007,111006.0,76000.0,154000.0
GNB,2008,130206.0,96000.0,172000.0
GNB,2009,162319.0,112000.0,228000.0
GNB,2010,195072.0,111000.0,320000.0
GNB,2011,207934.0,109000.0,365000.0
GNB,2012,208994.0,106000.0,374000.0
GNB,2013,205017.0,95000.0,395000.0
GNB,2014,184084.0,79000.0,363000.0
GNB,2015,160057.0,66000.0,331000.0
GNB,2016,135861.0,45000.0,312000.0
GNB,2017,131797.0,45000.0,311000.0
GNB,2018,137782.0,49000.0,311000.0
GNB,2019,171396.0,61000.0,392000.0
GNB,2020,191604.0,69000.0,420000.0
GNB,2021,203232.0,75000.0,452000.0
GNB,2022,205524.0,64000.0,488000.0
GNB,2023,210626.0,60000.0,561000.0
GNB,2024,242430.0,67000.0,651000.0
GNQ,2000,235107.0,159000.0,342000.0
GNQ,2001,248569.0,164000.0,359000.0
GNQ,2002,259369.0,175000.0,372000.0
GNQ,2003,282158.0,195000.0,396000.0
GNQ,2004,311580.0,225000.0,423000.0
GNQ,2005,338812.0,251000.0,449000.0
GNQ,2006,353242.0,262000.0,470000.0
GNQ,2007,366395.0,269000.0,490000.0
GNQ,2008,360743.0,258000.0,489000.0
GNQ,2009,344287.0,241000.0,481000.0
GNQ,2010,342895.0,238000.0,477000.0
GNQ,2011,361159.0,252000.0,501000.0
GNQ,2012,404560.0,285000.0,558000.0
GNQ,2013,449175.0,316000.0,618000.0
GNQ,2014,467538.0,331000.0,649000.0
GNQ,2015,485342.0,334000.0,686000.0
GNQ,2016,475401.0,311000.0,702000.0
GNQ,2017,455020.0,298000.0,666000.0
GNQ,2018,433324.0,289000.0,620000.0
GNQ,2019,413201.0,280000.0,596000.0
GNQ,2020,419332.0,283000.0,600000.0
GNQ,2021,421362.0,278000.0,606000.0
GNQ,2022,428458.0,279000.0,623000.0
GNQ,2023,424586.0,273000.0,629000.0
GNQ,2024,430983.0,282000.0,632000.0
GTM,2000,63676.0,56000.0,76000.0
GTM,2001,42680.0,37000.0,51000.0
GTM,2002,42213.0,37000.0,50000.0
GTM,2003,36810.0,33000.0,43000.0
GTM,2004,34124.0,30000.0,40000.0
GTM,2005,46748.0,41000.0,55000.0
GTM,2006,36610.0,32000.0,43000.0
GTM,2007,17992.0,16000.0,21000.0
GTM,2008,8421.0,7500.0,9800.0
GTM,2009,8285.0,7400.0,9600.0
GTM,2010,9468.0,7800.0,12000.0
GTM,2011,7968.0,7100.0,9200.0
GTM,2012,6262.0,5600.0,7200.0
GTM,2013,7283.0,6500.0,8500.0
GTM,2014,5766.0,5100.0,6600.0
GTM,2015,6482.0,5800.0,7500.0
GTM,2016,5856.0,5200.0,6700.0
GTM,2017,4829.0,4300.0,5600.0
GTM,2018,3538.0,3100.0,4100.0
GTM,2019,2425.0,2200.0,2800.0
GTM,2020,1240.0,1100.0,1400.0
GTM,2021,1273.0,,
GTM,2022,1856.0,,
GTM,2023,3046.0,,
GTM,2024,2925.0,,
GUF,2000,4428.0,3900.0,5300.0
GUF,2001,4554.0,4000.0,5400.0
GUF,2002,4348.0,3800.0,5100.0
GUF,2003,4540.0,4000.0,5300.0
GUF,2004,3580.0,3200.0,4200.0
GUF,2005,4015.0,3600.0,4700.0
GUF,2006,4796.0,4200.0,5600.0
GUF,2007,5647.0,5000.0,6600.0
GUF,2008,3884.0,3500.0,4500.0
GUF,2009,4051.0,3600.0,4700.0
GUF,2010,2092.0,1700.0,2700.0
GUF,2011,1413.0,1300.0,1600.0
GUF,2012,1054.0,940.0,1200.0
GUF,2013,1025.0,910.0,1200.0
GUF,2014,541.0,480.0,620.0
GUF,2015,462.0,410.0,530.0
GUF,2016,268.0,240.0,310.0
GUF,2017,685.0,610.0,790.0
GUF,2018,640.0,570.0,740.0
GUF,2019,248.0,220.0,280.0
GUF,2020,164.0,150.0,190.0
GUF,2021,74.0,,
GUF,2022,21.0,,
GUF,2023,189.0,,
GUF,2024,246.0,,
GUY,2000,33628.0,28000.0,40000.0
GUY,2001,37974.0,31000.0,45000.0
GUY,2002,30656.0,25000.0,37000.0
GUY,2003,38681.0,32000.0,46000.0
GUY,2004,40416.0,33000.0,48000.0
GUY,2005,54583.0,45000.0,65000.0
GUY,2006,27629.0,24000.0,32000.0
GUY,2007,15697.0,13000.0,18000.0
GUY,2008,16365.0,14000.0,19000.0
GUY,2009,17877.0,14000.0,22000.0
GUY,2010,29631.0,24000.0,35000.0
GUY,2011,38863.0,32000.0,46000.0
GUY,2012,43572.0,36000.0,52000.0
GUY,2013,57459.0,43000.0,79000.0
GUY,2014,22310.0,17000.0,31000.0
GUY,2015,18030.0,14000.0,25000.0
GUY,2016,19317.0,14000.0,26000.0
GUY,2017,25167.0,19000.0,34000.0
GUY,2018,30769.0,23000.0,42000.0
GUY,2019,26050.0,22000.0,30000.0
GUY,2020,22093.0,19000.0,26000.0
GUY,2021,25713.0,22000.0,30000.0
GUY,2022,26478.0,22000.0,31000.0
GUY,2023,35255.0,30000.0,41000.0
GUY,2024,32197.0,27000.0,37000.0
HND,2000,51498.0,37000.0,66000.0
HND,2001,35405.0,26000.0,45000.0
HND,2002,25251.0,18000.0,32000.0
HND,2003,20706.0,15000.0,27000.0
HND,2004,25353.0,18000.0,33000.0
HND,2005,23468.0,17000.0,30000.0
HND,2006,17218.0,13000.0,22000.0
HND,2007,14962.0,11000.0,19000.0
HND,2008,11741.0,8900.0,15000.0
HND,2009,12900.0,9900.0,16000.0
HND,2010,13308.0,10000.0,16000.0
HND,2011,10269.0,8100.0,13000.0
HND,2012,8706.0,6800.0,11000.0
HND,2013,7274.0,5700.0,8900.0
HND,2014,4594.0,3600.0,5700.0
HND,2015,4850.0,3800.0,6000.0
HND,2016,5602.0,4400.0,6900.0
HND,2017,1747.0,1300.0,2200.0
HND,2018,949.0,710.0,1200.0
HND,2019,455.0,350.0,570.0
HND,2020,1125.0,860.0,1400.0
HND,2021,1524.0,,
HND,2022,3534.0,,
HND,2023,2589.0,,
HND,2024,2292.0,,
HTI,2000,72058.0,42000.0,116000.0
HTI,2001,73384.0,42000.0,120000.0
HTI,2002,74701.0,43000.0,121000.0
HTI,2003,76022.0,44000.0,123000.0
HTI,2004,77327.0,44000.0,125000.0
HTI,2005,78638.0,45000.0,127000.0
HTI,2006,81199.0,47000.0,129000.0
HTI,2007,73292.0,43000.0,116000.0
HTI,2008,89554.0,53000.0,141000.0
HTI,2009,84091.0,48000.0,137000.0
HTI,2010,85077.0,48000.0,138000.0
HTI,2011,81483.0,49000.0,127000.0
HTI,2012,65545.0,40000.0,102000.0
HTI,2013,62551.0,38000.0,97000.0
HTI,2014,33119.0,22000.0,45000.0
HTI,2015,32185.0,21000.0,43000.0
HTI,2016,36279.0,24000.0,49000.0
HTI,2017,33122.0,22000.0,45000.0
HTI,2018,16000.0,11000.0,22000.0
HTI,2019,17703.0,12000.0,24000.0
HTI,2020,38093.0,25000.0,51000.0
HTI,2021,22546.0,14000.0,35000.0
HTI,2022,26231.0,17000.0,36000.0
HTI,2023,23824.0,16000.0,32000.0
HTI,2024,91461.0,56000.0,143000.0
IDN,2000,1141729.0,945000.0,1401000.0
IDN,2001,1157687.0,954000.0,1425000.0
IDN,2002,1173489.0,970000.0,1440000.0
IDN,2003,1189126.0,983000.0,1460000.0
IDN,2004,1087185.0,982000.0,1212000.0
IDN,2005,1187260.0,1069000.0,1330000.0
IDN,2006,1385963.0,1248000.0,1549000.0
IDN,2007,1252609.0,1035000.0,1546000.0
IDN,2008,1268965.0,1047000.0,1561000.0
IDN,2009,1285145.0,1061000.0,1582000.0
IDN,2010,1991459.0,1792000.0,2218000.0
IDN,2011,1811566.0,1633000.0,2017000.0
IDN,2012,1797022.0,1620000.0,2005000.0
IDN,2013,1529542.0,1380000.0,1706000.0
IDN,2014,1163077.0,1049000.0,1296000.0
IDN,2015,1039394.0,936000.0,1159000.0
IDN,2016,1087349.0,981000.0,1211000.0
IDN,2017,744237.0,681000.0,817000.0
IDN,2018,662497.0,605000.0,730000.0
IDN,2019,533736.0,490000.0,583000.0
IDN,2020,530261.0,487000.0,580000.0
IDN,2021,430908.0,400000.0,467000.0
IDN,2022,555037.0,518000.0,603000.0
IDN,2023,510209.0,476000.0,553000.0
IDN,2024,631231.0,588000.0,685000.0
IND,2000,21553147.0,16930000.0,27690000.0
IND,2001,21786449.0,17180000.0,27540000.0
IND,2002,20011547.0,15520000.0,25850000.0
IND,2003,21160827.0,16530000.0,27120000.0
IND,2004,23090987.0,17790000.0,30220000.0
IND,2005,24179932.0,18220000.0,33260000.0
IND,2006,18085201.0,13680000.0,24220000.0
IND,2007,16579536.0,12540000.0,22260000.0
IND,2008,16408857.0,12360000.0,21980000.0
IND,2009,15853405.0,11920000.0,21240000.0
IND,2010,15211854.0,11850000.0,19570000.0
IND,2011,12426642.0,9759000.0,15690000.0
IND,2012,9674537.0,7600000.0,12170000.0
IND,2013,7574468.0,6007000.0,9354000.0
IND,2014,7764484.0,6247000.0,9456000.0
IND,2015,7987645.0,6499000.0,9642000.0
IND,2016,7900142.0,6161000.0,9911000.0
IND,2017,5860560.0,4602000.0,7218000.0
IND,2018,4411764.0,3113000.0,5804000.0
IND,2019,3691018.0,2378000.0,5059000.0
IND,2020,3318911.0,2061000.0,4625000.0
IND,2021,3297335.0,1884000.0,4784000.0
IND,2022,1861830.0,1494000.0,2283000.0
IND,2023,1806918.0,1363000.0,2274000.0
IND,2024,2007280.0,1501000.0,2603000.0
IRN,2000,19716.0,,
IRN,2001,19303.0,,
IRN,2002,15558.0,,
IRN,2003,23562.0,,
IRN,2004,13821.0,,
IRN,2005,18966.0,,
IRN,2006,15909.0,,
IRN,2007,15712.0,,
IRN,2008,8349.0,,
IRN,2009,4345.0,,
IRN,2010,1847.0,,
IRN,2011,1632.0,,
IRN,2012,756.0,,
IRN,2013,480.0,,
IRN,2014,358.0,,
IRN,2015,167.0,,
IRN,2016,81.0,,
IRN,2017,57.0,,
IRN,2018,0.0,,
IRN,2019,0.0,,
IRN,2020,0.0,,
IRN,2021,0.0,,
IRN,2022,1439.0,,
IRN,2023,2528.0,,
IRN,2024,2034.0,,
IRQ,2000,1860.0,,
IRQ,2001,1265.0,,
IRQ,2002,952.0,,
IRQ,2003,347.0,,
IRQ,2004,155.0,,
IRQ,2005,47.0,,
IRQ,2006,24.0,,
IRQ,2007,2.0,,
IRQ,2008,2.0,,
IRQ,2009,0.0,,
IRQ,2010,0.0,,
IRQ,2011,0.0,,
IRQ,2012,0.0,,
IRQ,2013,0.0,,
IRQ,2014,0.0,,
IRQ,2015,0.0,,
IRQ,2016,5.0,,
IRQ,2017,0.0,,
IRQ,2018,0.0,,
IRQ,2019,0.0,,
IRQ,2020,0.0,,
IRQ,2021,0.0,,
IRQ,2022,0.0,,
IRQ,2023,0.0,,
IRQ,2024,0.0,,
KAZ,2000,0.0,,
KAZ,2001,0.0,,
KAZ,2002,0.0,,
KAZ,2003,0.0,,
KAZ,2004,0.0,,
KAZ,2005,0.0,,
KAZ,2006,0.0,,
KAZ,2007,0.0,,
KAZ,2008,0.0,,
KAZ,2009,0.0,,
KAZ,2010,0.0,,
KAZ,2011,0.0,,
KAZ,2012,0.0,,
KAZ,2013,0.0,,
KAZ,2014,0.0,,
KAZ,2015,0.0,,
KAZ,2016,0.0,,
KAZ,2017,0.0,,
KAZ,2018,0.0,,
KAZ,2019,0.0,,
KAZ,2020,0.0,,
KAZ,2021,0.0,,
KAZ,2022,0.0,,
KAZ,2023,0.0,,
KAZ,2024,0.0,,
KEN,2000,6749325.0,5237000.0,8566000.0
KEN,2001,7690612.0,6130000.0,9527000.0
KEN,2002,7425059.0,5893000.0,9292000.0
KEN,2003,7408148.0,5845000.0,9233000.0
KEN,2004,6401876.0,4831000.0,8338000.0
KEN,2005,4972794.0,3650000.0,6686000.0
KEN,2006,4632386.0,3423000.0,6146000.0
KEN,2007,3607181.0,2702000.0,4738000.0
KEN,2008,3127750.0,2359000.0,4059000.0
KEN,2009,3135574.0,2355000.0,4069000.0
KEN,2010,3339223.0,2470000.0,4439000.0
KEN,2011,3531077.0,2620000.0,4691000.0
KEN,2012,3696499.0,2777000.0,4834000.0
KEN,2013,3843685.0,2874000.0,5020000.0
KEN,2014,3888161.0,2900000.0,5116000.0
KEN,2015,3851683.0,2815000.0,5118000.0
KEN,2016,3719331.0,2661000.0,5115000.0
KEN,2017,3780809.0,2717000.0,5143000.0
KEN,2018,3722839.0,2679000.0,4975000.0
KEN,2019,3669775.0,2707000.0,4822000.0
KEN,2020,4438409.0,3331000.0,5776000.0
KEN,2021,4719850.0,3105000.0,6911000.0
KEN,2022,4453797.0,2410000.0,7599000.0
KEN,2023,4082575.0,2065000.0,7352000.0
KEN,2024,4185536.0,2105000.0,7394000.0
KGZ,2000,7.0,,
KGZ,2001,15.0,,
KGZ,2002,2725.0,,
KGZ,2003,461.0,,
KGZ,2004,91.0,,
KGZ,2005,225.0,,
KGZ,2006,318.0,,
KGZ,2007,96.0,,
KGZ,2008,18.0,,
KGZ,2009,1.0,,
KGZ,2010,3.0,,
KGZ,2011,0.0,,
KGZ,2012,0.0,,
KGZ,2013,0.0,,
KGZ,2014,0.0,,
KGZ,2015,0.0,,
KGZ,2016,0.0,,
KGZ,2017,0.0,,
KGZ,2018,0.0,,
KGZ,2019,0.0,,
KGZ,2020,0.0,,
KGZ,2021,0.0,,
KGZ,2022,0.0,,
KGZ,2023,0.0,,
KGZ,2024,0.0,,
KHM,2000,669109.0,415000.0,979000.0
KHM,2001,388681.0,283000.0,520000.0
KHM,2002,349008.0,256000.0,463000.0
KHM,2003,464899.0,364000.0,587000.0
KHM,2004,403094.0,328000.0,496000.0
KHM,2005,388706.0,329000.0,460000.0
KHM,2006,437975.0,339000.0,577000.0
KHM,2007,191165.0,141000.0,275000.0
KHM,2008,214883.0,162000.0,292000.0
KHM,2009,426267.0,331000.0,548000.0
KHM,2010,353293.0,291000.0,429000.0
KHM,2011,368041.0,320000.0,426000.0
KHM,2012,260016.0,225000.0,301000.0
KHM,2013,168806.0,146000.0,196000.0
KHM,2014,240449.0,208000.0,282000.0
KHM,2015,218837.0,189000.0,256000.0
KHM,2016,124137.0,107000.0,146000.0
KHM,2017,202696.0,175000.0,237000.0
KHM,2018,70095.0,65000.0,77000.0
KHM,2019,36061.0,33000.0,39000.0
KHM,2020,11157.0,10000.0,12000.0
KHM,2021,4382.0,,
KHM,2022,4047.0,,
KHM,2023,1371.0,,
KHM,2024,322.0,,
KOR,2000,4183.0,,
KOR,2001,2556.0,,
KOR,2002,1799.0,,
KOR,2003,1171.0,,
KOR,2004,864.0,,
KOR,2005,1369.0,,
KOR,2006,2051.0,,
KOR,2007,2227.0,,
KOR,2008,1063.0,,
KOR,2009,898.0,,
KOR,2010,1267.0,,
KOR,2011,505.0,,
KOR,2012,394.0,,
KOR,2013,383.0,,
KOR,2014,557.0,,
KOR,2015,627.0,,
KOR,2016,602.0,,
KOR,2017,436.0,,
KOR,2018,501.0,,
KOR,2019,485.0,,
KOR,2020,356.0,,
KOR,2021,274.0,,
KOR,2022,382.0,,
KOR,2023,662.0,,
KOR,2024,640.0,,
LAO,2000,89755.0,71000.0,111000.0
LAO,2001,62084.0,48000.0,79000.0
LAO,2002,50404.0,37000.0,66000.0
LAO,2003,45710.0,32000.0,62000.0
LAO,2004,40333.0,28000.0,56000.0
LAO,2005,35002.0,23000.0,51000.0
LAO,2006,48965.0,31000.0,74000.0
LAO,2007,45688.0,29000.0,67000.0
LAO,2008,41446.0,28000.0,58000.0
LAO,2009,47466.0,33000.0,66000.0
LAO,2010,43766.0,31000.0,59000.0
LAO,2011,30366.0,22000.0,40000.0
LAO,2012,79939.0,58000.0,106000.0
LAO,2013,68570.0,50000.0,91000.0
LAO,2014,87770.0,63000.0,115000.0
LAO,2015,62489.0,45000.0,83000.0
LAO,2016,26862.0,19000.0,36000.0
LAO,2017,14609.0,11000.0,19000.0
LAO,2018,15654.0,11000.0,21000.0
LAO,2019,10541.0,7600.0,14000.0
LAO,2020,5674.0,4100.0,7500.0
LAO,2021,6403.0,4600.0,8500.0
LAO,2022,3713.0,2700.0,4900.0
LAO,2023,1141.0,830.0,1500.0
LAO,2024,538.0,390.0,710.0
LBR,2000,1162684.0,735000.0,1757000.0
LBR,2001,1224383.0,800000.0,1789000.0
LBR,2002,1285980.0,864000.0,1828000.0
LBR,2003,1320231.0,922000.0,1828000.0
LBR,2004,1282098.0,874000.0,1818000.0
LBR,2005,1330918.0,911000.0,1842000.0
LBR,2006,1364179.0,988000.0,1828000.0
LBR,2007,1367374.0,1048000.0,1760000.0
LBR,2008,1364329.0,1066000.0,1732000.0
LBR,2009,1350162.0,1054000.0,1701000.0
LBR,2010,1307545.0,994000.0,1685000.0
LBR,2011,1263723.0,946000.0,1660000.0
LBR,2012,1163762.0,820000.0,1605000.0
LBR,2013,1165597.0,758000.0,1720000.0
LBR,2014,1313127.0,887000.0,1886000.0
LBR,2015,1482326.0,1138000.0,1885000.0
LBR,2016,1658288.0,1353000.0,2007000.0
LBR,2017,1726631.0,1369000.0,2135000.0
LBR,2018,1639596.0,1202000.0,2206000.0
LBR,2019,1517147.0,990000.0,2207000.0
LBR,2020,1426019.0,930000.0,2089000.0
LBR,2021,1136357.0,799000.0,1594000.0
LBR,2022,976816.0,702000.0,1332000.0
LBR,2023,985017.0,674000.0,1390000.0
LBR,2024,967319.0,581000.0,1504000.0
LKA,2000,210039.0,,
LKA,2001,66522.0,,
LKA,2002,41411.0,,
LKA,2003,10510.0,,
LKA,2004,3720.0,,
LKA,2005,1640.0,,
LKA,2006,591.0,,
LKA,2007,198.0,,
LKA,2008,649.0,,
LKA,2009,531.0,,
LKA,2010,684.0,,
LKA,2011,124.0,,
LKA,2012,23.0,,
LKA,2013,0.0,,
LKA,2014,0.0,,
LKA,2015,0.0,,
LKA,2016,0.0,,
LKA,2017,0.0,,
LKA,2018,0.0,,
LKA,2019,0.0,,
LKA,2020,0.0,,
LKA,2021,0.0,,
LKA,2022,0.0,,
LKA,2023,0.0,,
LKA,2024,0.0,,
MAR,2000,3.0,,
MAR,2001,0.0,,
MAR,2002,19.0,,
MAR,2003,4.0,,
MAR,2004,1.0,,
MAR,2005,0.0,,
MAR,2006,0.0,,
MAR,2007,0.0,,
MAR,2008,0.0,,
MAR,2009,0.0,,
MAR,2010,0.0,,
MAR,2011,0.0,,
MAR,2012,0.0,,
MAR,2013,0.0,,
MAR,2014,0.0,,
MAR,2015,0.0,,
MAR,2016,0.0,,
MAR,2017,0.0,,
MAR,2018,0.0,,
MAR,2019,0.0,,
MAR,2020,0.0,,
MAR,2021,0.0,,
MAR,2022,0.0,,
MAR,2023,0.0,,
MAR,2024,0.0,,
MDG,2000,905987.0,94000.0,2049000.0
MDG,2001,1111496.0,150000.0,2369000.0
MDG,2002,898515.0,22000.0,2051000.0
MDG,2003,1180072.0,27000.0,2677000.0
MDG,2004,834134.0,30000.0,1888000.0
MDG,2005,662852.0,25000.0,1517000.0
MDG,2006,666523.0,23000.0,1464000.0
MDG,2007,623274.0,179000.0,1204000.0
MDG,2008,625589.0,326000.0,1089000.0
MDG,2009,960270.0,571000.0,1547000.0
MDG,2010,987619.0,571000.0,1600000.0
MDG,2011,846187.0,516000.0,1242000.0
MDG,2012,1660818.0,1016000.0,2608000.0
MDG,2013,1535144.0,984000.0,2358000.0
MDG,2014,1233241.0,865000.0,1689000.0
MDG,2015,2720036.0,1927000.0,3652000.0
MDG,2016,1654009.0,1161000.0,2249000.0
MDG,2017,2068659.0,1495000.0,2709000.0
MDG,2018,1975799.0,1397000.0,2630000.0
MDG,2019,2024097.0,1383000.0,2718000.0
MDG,2020,4016745.0,2668000.0,5489000.0
MDG,2021,4938471.0,3156000.0,6852000.0
MDG,2022,3563507.0,2279000.0,4946000.0
MDG,2023,6239945.0,3991000.0,8713000.0
MDG,2024,8165311.0,5216000.0,11340000.0
MEX,2000,7391.0,,
MEX,2001,4996.0,,
MEX,2002,4624.0,,
MEX,2003,3819.0,,
MEX,2004,3406.0,,
MEX,2005,2967.0,,
MEX,2006,2514.0,,
MEX,2007,2361.0,,
MEX,2008,2357.0,,
MEX,2009,2703.0,,
MEX,2010,1226.0,,
MEX,2011,1039.0,,
MEX,2012,833.0,,
MEX,2013,495.0,,
MEX,2014,656.0,,
MEX,2015,517.0,,
MEX,2016,551.0,,
MEX,2017,736.0,,
MEX,2018,813.0,,
MEX,2019,619.0,,
MEX,2020,356.0,,
MEX,2021,242.0,,
MEX,2022,160.0,,
MEX,2023,44.0,,
MEX,2024,266.0,,
MLI,2000,4565653.0,3100000.0,6579000.0
MLI,2001,4719788.0,3192000.0,6804000.0
MLI,2002,4977784.0,3328000.0,7234000.0
MLI,2003,5230718.0,3492000.0,7473000.0
MLI,2004,5475357.0,3741000.0,7761000.0
MLI,2005,5683984.0,3946000.0,8192000.0
MLI,2006,5527211.0,3844000.0,7850000.0
MLI,2007,5474736.0,3825000.0,7702000.0
MLI,2008,5515727.0,3813000.0,7710000.0
MLI,2009,5630658.0,3905000.0,7774000.0
MLI,2010,5957047.0,4268000.0,8204000.0
MLI,2011,6491808.0,4634000.0,8858000.0
MLI,2012,7194633.0,5122000.0,9768000.0
MLI,2013,7699696.0,5513000.0,10580000.0
MLI,2014,7740479.0,5562000.0,10730000.0
MLI,2015,7097168.0,5034000.0,10060000.0
MLI,2016,7184988.0,5063000.0,10200000.0
MLI,2017,7469199.0,5279000.0,10620000.0
MLI,2018,7710138.0,5441000.0,10950000.0
MLI,2019,6863255.0,4844000.0,9742000.0
MLI,2020,7586538.0,5354000.0,10780000.0
MLI,2021,7744735.0,5463000.0,11010000.0
MLI,2022,7988199.0,5627000.0,11360000.0
MLI,2023,8229337.0,5808000.0,11700000.0
MLI,2024,8474969.0,5972000.0,12050000.0
MMR,2000,1357510.0,944000.0,2003000.0
MMR,2001,1371906.0,958000.0,2009000.0
MMR,2002,1385739.0,967000.0,2037000.0
MMR,2003,1398763.0,973000.0,2061000.0
MMR,2004,1410800.0,985000.0,2089000.0
MMR,2005,1421878.0,999000.0,2126000.0
MMR,2006,1017913.0,656000.0,1571000.0
MMR,2007,1285206.0,944000.0,1838000.0
MMR,2008,1573810.0,1157000.0,2259000.0
MMR,2009,1492378.0,1097000.0,2134000.0
MMR,2010,1507212.0,1100000.0,2137000.0
MMR,2011,1326603.0,1024000.0,1772000.0
MMR,2012,1754334.0,1254000.0,2535000.0
MMR,2013,611838.0,455000.0,846000.0
MMR,2014,383705.0,282000.0,532000.0
MMR,2015,271652.0,220000.0,328000.0
MMR,2016,162032.0,131000.0,195000.0
MMR,2017,120755.0,98000.0,145000.0
MMR,2018,108681.0,88000.0,131000.0
MMR,2019,78326.0,64000.0,95000.0
MMR,2020,82134.0,67000.0,99000.0
MMR,2021,292853.0,177000.0,1238000.0
MMR,2022,585710.0,352000.0,2509000.0
MMR,2023,847232.0,510000.0,3702000.0
MMR,2024,701778.0,422000.0,2943000.0
MOZ,2000,8587436.0,7022000.0,10420000.0
MOZ,2001,9082421.0,7505000.0,10880000.0
MOZ,2002,9377791.0,7774000.0,11230000.0
MOZ,2003,9383083.0,7703000.0,11330000.0
MOZ,2004,9112751.0,7379000.0,11020000.0
MOZ,2005,8979666.0,7263000.0,11010000.0
MOZ,2006,8676948.0,7089000.0,10560000.0
MOZ,2007,8260033.0,6814000.0,9917000.0
MOZ,2008,8064618.0,6644000.0,9685000.0
MOZ,2009,8317814.0,6828000.0,10000000.0
MOZ,2010,8692340.0,7151000.0,10470000.0
MOZ,2011,8891760.0,7314000.0,10720000.0
MOZ,2012,9132343.0,7468000.0,11050000.0
MOZ,2013,9328796.0,7595000.0,11350000.0
MOZ,2014,9321871.0,7633000.0,11340000.0
MOZ,2015,9389145.0,7676000.0,11410000.0
MOZ,2016,9437041.0,7636000.0,11550000.0
MOZ,2017,9400298.0,7504000.0,11590000.0
MOZ,2018,9613835.0,7624000.0,11870000.0
MOZ,2019,9681576.0,7643000.0,12080000.0
MOZ,2020,9870873.0,7755000.0,12400000.0
MOZ,2021,9907099.0,7892000.0,12370000.0
MOZ,2022,9943874.0,7982000.0,12240000.0
MOZ,2023,10208354.0,8124000.0,12600000.0
MOZ,2024,10219719.0,7732000.0,13070000.0
MRT,2000,251920.0,127000.0,449000.0
MRT,2001,250929.0,123000.0,463000.0
MRT,2002,253562.0,112000.0,479000.0
MRT,2003,269014.0,118000.0,554000.0
MRT,2004,247772.0,89000.0,478000.0
MRT,2005,247845.0,77000.0,481000.0
MRT,2006,230284.0,61000.0,444000.0
MRT,2007,234453.0,64000.0,484000.0
MRT,2008,208443.0,50000.0,418000.0
MRT,2009,108312.0,3600.0,254000.0
MRT,2010,123009.0,6900.0,274000.0
MRT,2011,162490.0,32000.0,349000.0
MRT,2012,88074.0,5500.0,215000.0
MRT,2013,101247.0,6000.0,242000.0
MRT,2014,216687.0,77000.0,432000.0
MRT,2015,291679.0,110000.0,582000.0
MRT,2016,386314.0,165000.0,725000.0
MRT,2017,306475.0,106000.0,629000.0
MRT,2018,345632.0,136000.0,682000.0
MRT,2019,269007.0,95000.0,546000.0
MRT,2020,294897.0,98000.0,606000.0
MRT,2021,124274.0,56000.0,229000.0
MRT,2022,280579.0,124000.0,526000.0
MRT,2023,215283.0,93000.0,405000.0
MRT,2024,359550.0,170000.0,622000.0
MUS,2021,0.0,,
MWI,2000,5121027.0,3911000.0,6612000.0
MWI,2001,5384693.0,4278000.0,6695000.0
MWI,2002,5222098.0,4181000.0,6434000.0
MWI,2003,4925161.0,3941000.0,6052000.0
MWI,2004,4706808.0,3750000.0,5816000.0
MWI,2005,4797659.0,3799000.0,5908000.0
MWI,2006,4740334.0,3763000.0,5892000.0
MWI,2007,4734946.0,3722000.0,5904000.0
MWI,2008,5022535.0,3955000.0,6292000.0
MWI,2009,5435309.0,4338000.0,6675000.0
MWI,2010,5779560.0,4668000.0,7071000.0
MWI,2011,6033448.0,4866000.0,7390000.0
MWI,2012,5576252.0,4397000.0,6965000.0
MWI,2013,4947690.0,3789000.0,6422000.0
MWI,2014,4571742.0,3409000.0,5972000.0
MWI,2015,4457220.0,3389000.0,5736000.0
MWI,2016,4581211.0,3508000.0,5918000.0
MWI,2017,4770449.0,3657000.0,6143000.0
MWI,2018,5020241.0,3631000.0,6729000.0
MWI,2019,5332690.0,3520000.0,7695000.0
MWI,2020,5528376.0,3619000.0,8007000.0
MWI,2021,5623024.0,3886000.0,7924000.0
MWI,2022,5872451.0,4121000.0,8127000.0
MWI,2023,6141690.0,4196000.0,8638000.0
MWI,2024,6378088.0,4143000.0,9341000.0
MYS,2000,12705.0,,
MYS,2001,12780.0,,
MYS,2002,11019.0,,
MYS,2003,6338.0,,
MYS,2004,6154.0,,
MYS,2005,5569.0,,
MYS,2006,5294.0,,
MYS,2007,4048.0,,
MYS,2008,6071.0,,
MYS,2009,5955.0,,
MYS,2010,5194.0,,
MYS,2011,3954.0,,
MYS,2012,3662.0,,
MYS,2013,1028.0,,
MYS,2014,596.0,,
MYS,2015,242.0,,
MYS,2016,266.0,,
MYS,2017,85.0,,
MYS,2018,0.0,,
MYS,2019,0.0,,
MYS,2020,0.0,,
MYS,2021,0.0,,
MYS,2022,0.0,,
MYS,2023,0.0,,
MYS,2024,0.0,,
MYT,2003,792.0,792.0,792.0
MYT,2004,743.0,743.0,743.0
MYT,2005,500.0,500.0,500.0
MYT,2006,318.0,318.0,318.0
MYT,2007,292.0,292.0,292.0
MYT,2008,198.0,198.0,198.0
MYT,2009,102.0,102.0,102.0
MYT,2010,237.0,237.0,237.0
MYT,2011,50.0,50.0,50.0
MYT,2012,29.0,29.0,29.0
MYT,2013,1.0,1.0,1.0
MYT,2014,1.0,1.0,1.0
MYT,2015,1.0,1.0,1.0
MYT,2016,18.0,18.0,18.0
MYT,2017,9.0,9.0,9.0
MYT,2018,3.0,3.0,3.0
MYT,2019,4.0,4.0,4.0
MYT,2020,2.0,2.0,2.0
MYT,2021,0.0,0.0,0.0
MYT,2022,0.0,0.0,0.0
MYT,2023,0.0,0.0,0.0
MYT,2024,0.0,0.0,0.0
NAM,2000,77331.0,31000.0,155000.0
NAM,2001,102902.0,56000.0,185000.0
NAM,2002,70395.0,33000.0,139000.0
NAM,2003,67564.0,28000.0,139000.0
NAM,2004,105493.0,52000.0,201000.0
NAM,2005,65303.0,34000.0,120000.0
NAM,2006,68176.0,41000.0,113000.0
NAM,2007,20663.0,6300.0,48000.0
NAM,2008,12094.0,1600.0,33000.0
NAM,2009,6068.0,790.0,18000.0
NAM,2010,2590.0,800.0,6200.0
NAM,2011,3092.0,2100.0,4700.0
NAM,2012,5456.0,2200.0,9400.0
NAM,2013,7844.0,6200.0,9600.0
NAM,2014,25780.0,20000.0,32000.0
NAM,2015,15052.0,12000.0,18000.0
NAM,2016,32052.0,25000.0,39000.0
NAM,2017,89155.0,71000.0,109000.0
NAM,2018,50217.0,40000.0,62000.0
NAM,2019,5705.0,4000.0,8100.0
NAM,2020,20197.0,16000.0,25000.0
NAM,2021,21322.0,17000.0,26000.0
NAM,2022,16923.0,13000.0,21000.0
NAM,2023,19376.0,15000.0,24000.0
NAM,2024,17315.0,14000.0,21000.0
NER,2000,4134706.0,2317000.0,6854000.0
NER,2001,4180737.0,2346000.0,6946000.0
NER,2002,4048859.0,2278000.0,6616000.0
NER,2003,3825282.0,2266000.0,6086000.0
NER,2004,4016648.0,2525000.0,6010000.0
NER,2005,4271200.0,2688000.0,6443000.0
NER,2006,4386050.0,2712000.0,6753000.0
NER,2007,4668666.0,2984000.0,6934000.0
NER,2008,5403729.0,3756000.0,7532000.0
NER,2009,6017879.0,4323000.0,8204000.0
NER,2010,6785885.0,4821000.0,9379000.0
NER,2011,7283090.0,5094000.0,10040000.0
NER,2012,7633594.0,5207000.0,10810000.0
NER,2013,7717689.0,5056000.0,11360000.0
NER,2014,7880779.0,5052000.0,11660000.0
NER,2015,8073585.0,5143000.0,12100000.0
NER,2016,8053568.0,5142000.0,12120000.0
NER,2017,7883346.0,5016000.0,11850000.0
NER,2018,7760340.0,4896000.0,11740000.0
NER,2019,7631511.0,4731000.0,11760000.0
NER,2020,7845383.0,4583000.0,12750000.0
NER,2021,7452978.0,4283000.0,12050000.0
NER,2022,7723787.0,4490000.0,12400000.0
NER,2023,7982516.0,4603000.0,12960000.0
NER,2024,8248768.0,4791000.0,13500000.0
NGA,2000,50779020.0,39480000.0,64300000.0
NGA,2001,51229713.0,39830000.0,65120000.0
NGA,2002,50952482.0,39530000.0,64780000.0
NGA,2003,52423482.0,40940000.0,66420000.0
NGA,2004,55028747.0,43690000.0,68160000.0
NGA,2005,57411916.0,46230000.0,70620000.0
NGA,2006,59418382.0,47900000.0,72790000.0
NGA,2007,61400329.0,49660000.0,75070000.0
NGA,2008,63355538.0,51780000.0,76750000.0
NGA,2009,63192869.0,51800000.0,76430000.0
NGA,2010,60551056.0,49030000.0,73900000.0
NGA,2011,58184509.0,46920000.0,71320000.0
NGA,2012,55718235.0,44970000.0,68540000.0
NGA,2013,53921321.0,43380000.0,66320000.0
NGA,2014,53483458.0,42810000.0,65930000.0
NGA,2015,54115123.0,43300000.0,67110000.0
NGA,2016,55667334.0,44060000.0,69130000.0
NGA,2017,57869533.0,45870000.0,72050000.0
NGA,2018,59652248.0,46930000.0,75230000.0
NGA,2019,61379283.0,47440000.0,78810000.0
NGA,2020,65133759.0,46800000.0,88650000.0
NGA,2021,65399501.0,47520000.0,89000000.0
NGA,2022,66721582.0,48080000.0,89900000.0
NGA,2023,68136453.0,49140000.0,92560000.0
NGA,2024,68466353.0,49100000.0,92460000.0
NIC,2000,29953.0,25000.0,35000.0
NIC,2001,13275.0,11000.0,16000.0
NIC,2002,9745.0,8100.0,11000.0
NIC,2003,8507.0,7100.0,10000.0
NIC,2004,8735.0,7300.0,10000.0
NIC,2005,8412.0,7000.0,9900.0
NIC,2006,3943.0,3300.0,4700.0
NIC,2007,1717.0,1400.0,2000.0
NIC,2008,965.0,800.0,1100.0
NIC,2009,772.0,640.0,910.0
NIC,2010,876.0,730.0,1000.0
NIC,2011,1171.0,970.0,1400.0
NIC,2012,1564.0,1300.0,1800.0
NIC,2013,1471.0,1200.0,1700.0
NIC,2014,1446.0,1200.0,1700.0
NIC,2015,2886.0,2400.0,3400.0
NIC,2016,7943.0,6600.0,9400.0
NIC,2017,13866.0,12000.0,16000.0
NIC,2018,20158.0,17000.0,24000.0
NIC,2019,16717.0,14000.0,20000.0
NIC,2020,32469.0,27000.0,39000.0
NIC,2021,29457.0,24000.0,35000.0
NIC,2022,20400.0,17000.0,24000.0
NIC,2023,8505.0,7100.0,10000.0
NIC,2024,6352.0,5300.0,7500.0
NPL,2000,47986.0,27000.0,78000.0
NPL,2001,55778.0,22000.0,120000.0
NPL,2002,85217.0,43000.0,152000.0
NPL,2003,72856.0,30000.0,150000.0
NPL,2004,34773.0,15000.0,77000.0
NPL,2005,36030.0,15000.0,83000.0
NPL,2006,35567.0,15000.0,81000.0
NPL,2007,42145.0,18000.0,90000.0
NPL,2008,31003.0,13000.0,74000.0
NPL,2009,25643.0,12000.0,60000.0
NPL,2010,30196.0,15000.0,63000.0
NPL,2011,18512.0,9700.0,39000.0
NPL,2012,13662.0,8500.0,28000.0
NPL,2013,10164.0,7000.0,17000.0
NPL,2014,4912.0,3000.0,9900.0
NPL,2015,4370.0,2400.0,9200.0
NPL,2016,3353.0,2300.0,5800.0
NPL,2017,2690.0,2200.0,3400.0
NPL,2018,2736.0,2000.0,4000.0
NPL,2019,176.0,150.0,210.0
NPL,2020,91.0,77.0,110.0
NPL,2021,32.0,,
NPL,2022,36.0,,
NPL,2023,15.0,,
NPL,2024,37.0,,
OMN,2000,6.0,,
OMN,2001,2.0,,
OMN,2002,6.0,,
OMN,2003,6.0,,
OMN,2004,0.0,,
OMN,2005,0.0,,
OMN,2006,0.0,,
OMN,2007,4.0,,
OMN,2008,0.0,,
OMN,2009,0.0,,
OMN,2010,0.0,,
OMN,2011,0.0,,
OMN,2012,0.0,,
OMN,2013,0.0,,
OMN,2014,0.0,,
OMN,2015,0.0,,
OMN,2016,0.0,,
OMN,2017,0.0,,
OMN,2018,0.0,,
OMN,2019,0.0,,
OMN,2020,0.0,,
OMN,2021,0.0,,
OMN,2022,0.0,,
OMN,2023,0.0,,
OMN,2024,0.0,,
PAK,2000,926494.0,362000.0,2214000.0
PAK,2001,1037774.0,437000.0,2358000.0
PAK,2002,966325.0,356000.0,2382000.0
PAK,2003,924733.0,397000.0,2161000.0
PAK,2004,683580.0,381000.0,1334000.0
PAK,2005,845170.0,374000.0,1986000.0
PAK,2006,851104.0,356000.0,2054000.0
PAK,2007,835398.0,354000.0,2029000.0
PAK,2008,763800.0,279000.0,1964000.0
PAK,2009,1015691.0,439000.0,2288000.0
PAK,2010,1445704.0,641000.0,3020000.0
PAK,2011,1905938.0,911000.0,3760000.0
PAK,2012,1652576.0,781000.0,3340000.0
PAK,2013,1381009.0,725000.0,2675000.0
PAK,2014,994600.0,556000.0,1814000.0
PAK,2015,1000339.0,521000.0,2050000.0
PAK,2016,1017237.0,661000.0,1717000.0
PAK,2017,819944.0,590000.0,1261000.0
PAK,2018,705529.0,547000.0,978000.0
PAK,2019,640475.0,507000.0,854000.0
PAK,2020,542938.0,430000.0,725000.0
PAK,2021,505836.0,401000.0,678000.0
PAK,2022,2655514.0,2093000.0,3569000.0
PAK,2023,4284621.0,3391000.0,5719000.0
PAK,2024,3154909.0,2498000.0,4243000.0
PAN,2000,1091.0,1000.0,1200.0
PAN,2001,977.0,940.0,1000.0
PAN,2002,2363.0,2300.0,2500.0
PAN,2003,4739.0,4600.0,5100.0
PAN,2004,5365.0,5200.0,5700.0
PAN,2005,3861.0,3700.0,4100.0
PAN,2006,1751.0,1700.0,1900.0
PAN,2007,1349.0,1300.0,1400.0
PAN,2008,783.0,750.0,840.0
PAN,2009,819.0,790.0,870.0
PAN,2010,440.0,420.0,470.0
PAN,2011,372.0,360.0,400.0
PAN,2012,888.0,860.0,950.0
PAN,2013,740.0,710.0,790.0
PAN,2014,1005.0,950.0,1100.0
PAN,2015,575.0,550.0,610.0
PAN,2016,809.0,780.0,860.0
PAN,2017,801.0,760.0,860.0
PAN,2018,789.0,710.0,850.0
PAN,2019,1850.0,1800.0,2000.0
PAN,2020,2051.0,2000.0,2200.0
PAN,2021,4165.0,,
PAN,2022,4746.0,,
PAN,2023,9485.0,,
PAN,2024,10600.0,,
PER,2000,137781.0,95000.0,198000.0
PER,2001,105067.0,83000.0,128000.0
PER,2002,128960.0,105000.0,154000.0
PER,2003,111816.0,93000.0,132000.0
PER,2004,115387.0,98000.0,134000.0
PER,2005,108134.0,92000.0,126000.0
PER,2006,80054.0,68000.0,93000.0
PER,2007,62633.0,53000.0,73000.0
PER,2008,54608.0,47000.0,63000.0
PER,2009,52035.0,45000.0,60000.0
PER,2010,37847.0,33000.0,43000.0
PER,2011,30924.0,26000.0,36000.0
PER,2012,40437.0,33000.0,48000.0
PER,2013,62669.0,51000.0,75000.0
PER,2014,83936.0,69000.0,100000.0
PER,2015,86896.0,71000.0,104000.0
PER,2016,72836.0,60000.0,87000.0
PER,2017,72752.0,60000.0,87000.0
PER,2018,58455.0,48000.0,69000.0
PER,2019,45729.0,33000.0,64000.0
PER,2020,29745.0,22000.0,42000.0
PER,2021,23250.0,19000.0,28000.0
PER,2022,35740.0,29000.0,42000.0
PER,2023,29089.0,24000.0,35000.0
PER,2024,43611.0,36000.0,52000.0
PHL,2000,79974.0,60000.0,103000.0
PHL,2001,56147.0,42000.0,73000.0
PHL,2002,70585.0,53000.0,91000.0
PHL,2003,100493.0,76000.0,128000.0
PHL,2004,91225.0,67000.0,119000.0
PHL,2005,83163.0,60000.0,110000.0
PHL,2006,102993.0,73000.0,137000.0
PHL,2007,112751.0,77000.0,152000.0
PHL,2008,74621.0,50000.0,103000.0
PHL,2009,58824.0,40000.0,79000.0
PHL,2010,53512.0,37000.0,71000.0
PHL,2011,23918.0,17000.0,31000.0
PHL,2012,19171.0,14000.0,25000.0
PHL,2013,17518.0,13000.0,23000.0
PHL,2014,14318.0,10000.0,19000.0
PHL,2015,27904.0,20000.0,37000.0
PHL,2016,17308.0,12000.0,23000.0
PHL,2017,16586.0,12000.0,22000.0
PHL,2018,10900.0,7700.0,15000.0
PHL,2019,13536.0,9600.0,18000.0
PHL,2020,15088.0,11000.0,20000.0
PHL,2021,10606.0,7500.0,14000.0
PHL,2022,8160.0,5700.0,11000.0
PHL,2023,15505.0,11000.0,21000.0
PHL,2024,23742.0,17000.0,32000.0
PNG,2000,1462249.0,458000.0,2645000.0
PNG,2001,1443554.0,510000.0,2578000.0
PNG,2002,1235844.0,366000.0,2238000.0
PNG,2003,1333205.0,421000.0,2450000.0
PNG,2004,1708217.0,568000.0,3044000.0
PNG,2005,1413497.0,467000.0,2568000.0
PNG,2006,1481681.0,525000.0,2620000.0
PNG,2007,1251261.0,409000.0,2283000.0
PNG,2008,1180316.0,375000.0,2158000.0
PNG,2009,1563409.0,598000.0,2731000.0
PNG,2010,1079284.0,387000.0,1924000.0
PNG,2011,899054.0,326000.0,1593000.0
PNG,2012,1249917.0,408000.0,2564000.0
PNG,2013,1420220.0,769000.0,2236000.0
PNG,2014,1613869.0,937000.0,2530000.0
PNG,2015,884727.0,577000.0,1258000.0
PNG,2016,1208966.0,811000.0,1660000.0
PNG,2017,1230223.0,798000.0,1758000.0
PNG,2018,1301773.0,850000.0,1845000.0
PNG,2019,1346175.0,914000.0,1835000.0
PNG,2020,1470120.0,1011000.0,1975000.0
PNG,2021,1237112.0,856000.0,1646000.0
PNG,2022,1660032.0,1149000.0,2202000.0
PNG,2023,1529373.0,1055000.0,2031000.0
PNG,2024,1605117.0,1115000.0,2136000.0
PRK,2000,90582.0,,
PRK,2001,115615.0,,
PRK,2002,98852.0,,
PRK,2003,16538.0,,
PRK,2004,15827.0,,
PRK,2005,6728.0,,
PRK,2006,6913.0,,
PRK,2007,4795.0,,
PRK,2008,16611.0,,
PRK,2009,14632.0,,
PRK,2010,13520.0,,
PRK,2011,16760.0,,
PRK,2012,21850.0,,
PRK,2013,14407.0,,
PRK,2014,10535.0,,
PRK,2015,7022.0,,
PRK,2016,5033.0,,
PRK,2017,4603.0,,
PRK,2018,3698.0,,
PRK,2019,1869.0,,
PRK,2020,1819.0,,
PRK,2021,2357.0,,
PRK,2022,2136.0,,
PRK,2023,3160.0,,
PRK,2024,5233.0,,
PRY,2000,6853.0,,
PRY,2001,2706.0,,
PRY,2002,2775.0,,
PRY,2003,1388.0,,
PRY,2004,692.0,,
PRY,2005,373.0,,
PRY,2006,820.0,,
PRY,2007,1337.0,,
PRY,2008,331.0,,
PRY,2009,80.0,,
PRY,2010,20.0,,
PRY,2011,1.0,,
PRY,2012,0.0,,
PRY,2013,0.0,,
PRY,2014,0.0,,
PRY,2015,0.0,,
PRY,2016,0.0,,
PRY,2017,0.0,,
PRY,2018,0.0,,
PRY,2019,0.0,,
PRY,2020,0.0,,
PRY,2021,0.0,,
PRY,2022,0.0,,
PRY,2023,0.0,,
PRY,2024,0.0,,
RWA,2000,1482057.0,614000.0,3070000.0
RWA,2001,1419936.0,683000.0,2649000.0
RWA,2002,1318743.0,676000.0,2347000.0
RWA,2003,1195476.0,615000.0,1880000.0
RWA,2004,1078659.0,405000.0,1815000.0
RWA,2005,1376821.0,309000.0,2311000.0
RWA,2006,1395452.0,330000.0,2213000.0
RWA,2007,840559.0,508000.0,1258000.0
RWA,2008,683661.0,421000.0,1001000.0
RWA,2009,1546660.0,1007000.0,2170000.0
RWA,2010,1079765.0,748000.0,1426000.0
RWA,2011,390611.0,292000.0,495000.0
RWA,2012,646386.0,511000.0,787000.0
RWA,2013,1214623.0,1012000.0,1429000.0
RWA,2014,2299121.0,1727000.0,2892000.0
RWA,2015,3585563.0,2668000.0,4539000.0
RWA,2016,4887836.0,3595000.0,6237000.0
RWA,2017,8681013.0,6348000.0,11160000.0
RWA,2018,5963859.0,4506000.0,7500000.0
RWA,2019,4923219.0,3827000.0,6069000.0
RWA,2020,2784545.0,2164000.0,3430000.0
RWA,2021,1585741.0,1232000.0,1956000.0
RWA,2022,1168150.0,908000.0,1441000.0
RWA,2023,748570.0,583000.0,921000.0
RWA,2024,1099728.0,855000.0,1354000.0
SAU,2000,6608.0,,
SAU,2001,3074.0,,
SAU,2002,2612.0,,
SAU,2003,1724.0,,
SAU,2004,1232.0,,
SAU,2005,1059.0,,
SAU,2006,1278.0,,
SAU,2007,467.0,,
SAU,2008,61.0,,
SAU,2009,58.0,,
SAU,2010,29.0,,
SAU,2011,69.0,,
SAU,2012,82.0,,
SAU,2013,34.0,,
SAU,2014,30.0,,
SAU,2015,83.0,,
SAU,2016,272.0,,
SAU,2017,177.0,,
SAU,2018,61.0,,
SAU,2019,38.0,,
SAU,2020,83.0,,
SAU,2021,0.0,,
SAU,2022,0.0,,
SAU,2023,0.0,,
SAU,2024,0.0,,
SDN,2000,2495740.0,1801000.0,3372000.0
SDN,2001,2382352.0,1675000.0,3262000.0
SDN,2002,1914527.0,1307000.0,2697000.0
SDN,2003,1806443.0,1244000.0,2535000.0
SDN,2004,1658470.0,1131000.0,2337000.0
SDN,2005,1664615.0,1139000.0,2354000.0
SDN,2006,1670134.0,1181000.0,2300000.0
SDN,2007,1477070.0,1078000.0,1984000.0
SDN,2008,1250162.0,935000.0,1631000.0
SDN,2009,1185878.0,917000.0,1518000.0
SDN,2010,1147070.0,866000.0,1486000.0
SDN,2011,1157720.0,882000.0,1489000.0
SDN,2012,1193740.0,908000.0,1524000.0
SDN,2013,1273369.0,927000.0,1701000.0
SDN,2014,1440432.0,1027000.0,1961000.0
SDN,2015,1731028.0,1294000.0,2271000.0
SDN,2016,2080899.0,1623000.0,2638000.0
SDN,2017,2408332.0,1843000.0,3086000.0
SDN,2018,2625245.0,1819000.0,3726000.0
SDN,2019,2877034.0,1714000.0,4650000.0
SDN,2020,3076729.0,1717000.0,5065000.0
SDN,2021,3382106.0,1956000.0,5462000.0
SDN,2022,3556777.0,2037000.0,5799000.0
SDN,2023,4882840.0,2872000.0,7807000.0
SDN,2024,4956698.0,2844000.0,8055000.0
SEN,2000,2296360.0,1559000.0,3263000.0
SEN,2001,1803712.0,669000.0,2715000.0
SEN,2002,1642967.0,505000.0,2692000.0
SEN,2003,1802075.0,726000.0,2817000.0
SEN,2004,1418032.0,308000.0,2643000.0
SEN,2005,1485983.0,441000.0,2586000.0
SEN,2006,1397650.0,442000.0,2466000.0
SEN,2007,1160145.0,350000.0,2163000.0
SEN,2008,628766.0,397000.0,912000.0
SEN,2009,405713.0,277000.0,552000.0
SEN,2010,763134.0,536000.0,1015000.0
SEN,2011,626038.0,441000.0,833000.0
SEN,2012,706020.0,490000.0,957000.0
SEN,2013,793415.0,566000.0,1052000.0
SEN,2014,532782.0,391000.0,692000.0
SEN,2015,1010929.0,687000.0,1370000.0
SEN,2016,684129.0,470000.0,924000.0
SEN,2017,805691.0,560000.0,1068000.0
SEN,2018,1047659.0,729000.0,1402000.0
SEN,2019,672221.0,455000.0,908000.0
SEN,2020,597453.0,472000.0,729000.0
SEN,2021,720754.0,569000.0,880000.0
SEN,2022,672507.0,531000.0,826000.0
SEN,2023,627067.0,444000.0,891000.0
SEN,2024,680515.0,535000.0,839000.0
SLB,2000,254582.0,133000.0,417000.0
SLB,2001,285929.0,155000.0,465000.0
SLB,2002,280109.0,153000.0,459000.0
SLB,2003,239181.0,168000.0,346000.0
SLB,2004,337823.0,188000.0,546000.0
SLB,2005,286015.0,153000.0,464000.0
SLB,2006,281888.0,147000.0,468000.0
SLB,2007,155491.0,110000.0,224000.0
SLB,2008,93119.0,67000.0,133000.0
SLB,2009,75305.0,54000.0,107000.0
SLB,2010,91425.0,66000.0,131000.0
SLB,2011,62676.0,44000.0,91000.0
SLB,2012,52221.0,39000.0,73000.0
SLB,2013,53689.0,40000.0,74000.0
SLB,2014,34803.0,26000.0,46000.0
SLB,2015,39811.0,33000.0,49000.0
SLB,2016,84179.0,72000.0,101000.0
SLB,2017,106437.0,82000.0,145000.0
SLB,2018,88372.0,74000.0,106000.0
SLB,2019,141113.0,109000.0,191000.0
SLB,2020,114019.0,99000.0,135000.0
SLB,2021,154113.0,127000.0,188000.0
SLB,2022,163117.0,138000.0,195000.0
SLB,2023,190734.0,166000.0,225000.0
SLB,2024,181892.0,154000.0,218000.0
SLE,2000,1878165.0,1260000.0,2768000.0
SLE,2001,1994684.0,1303000.0,2956000.0
SLE,2002,2115738.0,1396000.0,3083000.0
SLE,2003,2145109.0,1458000.0,3045000.0
SLE,2004,2171163.0,1461000.0,3100000.0
SLE,2005,2207239.0,1501000.0,3135000.0
SLE,2006,2236559.0,1569000.0,3109000.0
SLE,2007,2329327.0,1690000.0,3153000.0
SLE,2008,2517625.0,1887000.0,3291000.0
SLE,2009,2694987.0,2084000.0,3402000.0
SLE,2010,2731064.0,2104000.0,3477000.0
SLE,2011,2732401.0,2120000.0,3472000.0
SLE,2012,2708451.0,2144000.0,3366000.0
SLE,2013,2659590.0,2147000.0,3271000.0
SLE,2014,2615056.0,2078000.0,3236000.0
SLE,2015,2588604.0,2069000.0,3204000.0
SLE,2016,2619598.0,2102000.0,3228000.0
SLE,2017,2586803.0,2001000.0,3299000.0
SLE,2018,2573166.0,1786000.0,3627000.0
SLE,2019,2488781.0,1507000.0,3899000.0
SLE,2020,2477507.0,1410000.0,4037000.0
SLE,2021,2475463.0,1435000.0,3976000.0
SLE,2022,2468061.0,1423000.0,3987000.0
SLE,2023,2403478.0,1343000.0,4010000.0
SLE,2024,2442803.0,1327000.0,4098000.0
SLV,2000,753.0,,
SLV,2001,362.0,,
SLV,2002,117.0,,
SLV,2003,85.0,,
SLV,2004,112.0,,
SLV,2005,67.0,,
SLV,2006,49.0,,
SLV,2007,40.0,,
SLV,2008,33.0,,
SLV,2009,21.0,,
SLV,2010,17.0,,
SLV,2011,7.0,,
SLV,2012,13.0,,
SLV,2013,6.0,,
SLV,2014,6.0,,
SLV,2015,5.0,,
SLV,2016,12.0,,
SLV,2017,0.0,,
SLV,2018,0.0,,
SLV,2019,0.0,,
SLV,2020,0.0,,
SLV,2021,0.0,,
SLV,2022,0.0,,
SLV,2023,0.0,,
SLV,2024,0.0,,
SOM,2000,1176864.0,686000.0,1929000.0
SOM,2001,1297310.0,749000.0,2097000.0
SOM,2002,1273736.0,746000.0,2025000.0
SOM,2003,1309916.0,851000.0,1917000.0
SOM,2004,1241167.0,884000.0,1687000.0
SOM,2005,1401390.0,1021000.0,1864000.0
SOM,2006,1306012.0,960000.0,1743000.0
SOM,2007,1085874.0,802000.0,1438000.0
SOM,2008,700155.0,502000.0,953000.0
SOM,2009,455683.0,322000.0,630000.0
SOM,2010,504146.0,352000.0,701000.0
SOM,2011,415188.0,294000.0,572000.0
SOM,2012,425283.0,307000.0,576000.0
SOM,2013,520274.0,366000.0,714000.0
SOM,2014,621798.0,433000.0,866000.0
SOM,2015,762356.0,500000.0,1107000.0
SOM,2016,792745.0,459000.0,1277000.0
SOM,2017,819074.0,461000.0,1322000.0
SOM,2018,867813.0,538000.0,1321000.0
SOM,2019,908129.0,607000.0,1302000.0
SOM,2020,940793.0,636000.0,1331000.0
SOM,2021,955984.0,601000.0,1437000.0
SOM,2022,973282.0,551000.0,1605000.0
SOM,2023,998249.0,551000.0,1685000.0
SOM,2024,1012760.0,542000.0,1752000.0
SSD,2000,2078646.0,1490000.0,2815000.0
SSD,2001,2175829.0,1572000.0,2941000.0
SSD,2002,2240881.0,1594000.0,3054000.0
SSD,2003,2276524.0,1576000.0,3156000.0
SSD,2004,2281992.0,1534000.0,3284000.0
SSD,2005,2321502.0,1594000.0,3270000.0
SSD,2006,2335204.0,1690000.0,3144000.0
SSD,2007,2305236.0,1769000.0,2936000.0
SSD,2008,2364003.0,1873000.0,2943000.0
SSD,2009,2506071.0,2027000.0,3058000.0
SSD,2010,2686136.0,2102000.0,3380000.0
SSD,2011,2894329.0,2198000.0,3735000.0
SSD,2012,2994497.0,2263000.0,3869000.0
SSD,2013,3083024.0,2334000.0,4004000.0
SSD,2014,3045151.0,2257000.0,3997000.0
SSD,2015,2991345.0,2159000.0,4035000.0
SSD,2016,2877621.0,2033000.0,3981000.0
SSD,2017,2844866.0,1974000.0,3961000.0
SSD,2018,2797006.0,1877000.0,4004000.0
SSD,2019,2980388.0,1973000.0,4343000.0
SSD,2020,3012729.0,1963000.0,4503000.0
SSD,2021,3007878.0,1940000.0,4474000.0
SSD,2022,3028440.0,1953000.0,4504000.0
SSD,2023,3042333.0,1920000.0,4537000.0
SSD,2024,3034559.0,1827000.0,4663000.0
STP,2000,31975.0,,
STP,2001,42086.0,,
STP,2002,50586.0,,
STP,2003,42656.0,,
STP,2004,46486.0,,
STP,2005,18139.0,,
STP,2006,5146.0,,
STP,2007,2421.0,,
STP,2008,6258.0,,
STP,2009,6182.0,,
STP,2010,3146.0,,
STP,2011,8442.0,,
STP,2012,12550.0,,
STP,2013,9243.0,,
STP,2014,1754.0,,
STP,2015,2056.0,,
STP,2016,2238.0,,
STP,2017,2239.0,,
STP,2018,2937.0,,
STP,2019,2447.0,,
STP,2020,1933.0,,
STP,2021,2719.0,,
STP,2022,3970.0,,
STP,2023,2348.0,,
STP,2024,7087.0,,
SUR,2000,11361.0,,
SUR,2001,16003.0,,
SUR,2002,12837.0,,
SUR,2003,10982.0,,
SUR,2004,8378.0,,
SUR,2005,9131.0,,
SUR,2006,3289.0,,
SUR,2007,1104.0,,
SUR,2008,2086.0,,
SUR,2009,2499.0,,
SUR,2010,1771.0,,
SUR,2011,795.0,,
SUR,2012,569.0,,
SUR,2013,525.0,,
SUR,2014,401.0,,
SUR,2015,81.0,,
SUR,2016,78.0,,
SUR,2017,137.0,,
SUR,2018,30.0,,
SUR,2019,104.0,,
SUR,2020,147.0,,
SUR,2021,22.0,,
SUR,2022,0.0,,
SUR,2023,0.0,,
SUR,2024,0.0,,
SWZ,2000,788.0,,
SWZ,2001,1395.0,,
SWZ,2002,670.0,,
SWZ,2003,342.0,,
SWZ,2004,574.0,,
SWZ,2005,279.0,,
SWZ,2006,155.0,,
SWZ,2007,84.0,,
SWZ,2008,58.0,,
SWZ,2009,106.0,,
SWZ,2010,268.0,,
SWZ,2011,379.0,,
SWZ,2012,409.0,,
SWZ,2013,728.0,,
SWZ,2014,389.0,,
SWZ,2015,318.0,,
SWZ,2016,250.0,,
SWZ,2017,440.0,,
SWZ,2018,686.0,,
SWZ,2019,252.0,,
SWZ,2020,233.0,,
SWZ,2021,505.0,,
SWZ,2022,214.0,,
SWZ,2023,597.0,,
SWZ,2024,193.0,,
SYR,2000,6.0,,
SYR,2001,63.0,,
SYR,2002,15.0,,
SYR,2003,2.0,,
SYR,2004,1.0,,
SYR,2005,0.0,,
SYR,2006,0.0,,
SYR,2007,0.0,,
SYR,2008,0.0,,
SYR,2009,0.0,,
SYR,2010,0.0,,
SYR,2011,0.0,,
SYR,2012,0.0,,
SYR,2013,0.0,,
SYR,2014,0.0,,
SYR,2015,0.0,,
SYR,2016,0.0,,
SYR,2017,0.0,,
SYR,2018,0.0,,
SYR,2019,0.0,,
SYR,2020,0.0,,
SYR,2021,0.0,,
SYR,2022,0.0,,
SYR,2023,0.0,,
SYR,2024,0.0,,
TCD,2000,2291022.0,1344000.0,3670000.0
TCD,2001,2408702.0,1409000.0,3875000.0
TCD,2002,2192558.0,1247000.0,3660000.0
TCD,2003,2255307.0,1276000.0,3740000.0
TCD,2004,2329146.0,1310000.0,3874000.0
TCD,2005,2464532.0,1428000.0,3923000.0
TCD,2006,2564689.0,1578000.0,3918000.0
TCD,2007,2588205.0,1664000.0,3825000.0
TCD,2008,2699810.0,1846000.0,3808000.0
TCD,2009,2883287.0,2194000.0,3746000.0
TCD,2010,2979466.0,2384000.0,3674000.0
TCD,2011,2880875.0,2281000.0,3597000.0
TCD,2012,2815468.0,2097000.0,3720000.0
TCD,2013,2816847.0,1863000.0,4059000.0
TCD,2014,2975136.0,1857000.0,4478000.0
TCD,2015,3115147.0,1925000.0,4747000.0
TCD,2016,3203597.0,1953000.0,4925000.0
TCD,2017,3354335.0,2090000.0,5201000.0
TCD,2018,3595187.0,2302000.0,5351000.0
TCD,2019,3584673.0,2257000.0,5405000.0
TCD,2020,3556154.0,2160000.0,5523000.0
TCD,2021,3643929.0,2210000.0,5610000.0
TCD,2022,3816638.0,2263000.0,6029000.0
TCD,2023,3919362.0,2332000.0,6177000.0
TCD,2024,4138603.0,2442000.0,6627000.0
TGO,2000,2287916.0,1681000.0,3029000.0
TGO,2001,2331292.0,1643000.0,3180000.0
TGO,2002,2439233.0,1769000.0,3313000.0
TGO,2003,2588469.0,2002000.0,3280000.0
TGO,2004,2726770.0,2158000.0,3394000.0
TGO,2005,2814225.0,2229000.0,3498000.0
TGO,2006,2854710.0,2238000.0,3564000.0
TGO,2007,2767828.0,2120000.0,3563000.0
TGO,2008,2524148.0,1859000.0,3338000.0
TGO,2009,2248266.0,1674000.0,2955000.0
TGO,2010,2144504.0,1640000.0,2784000.0
TGO,2011,2148045.0,1646000.0,2757000.0
TGO,2012,2387317.0,1894000.0,2971000.0
TGO,2013,2692633.0,2197000.0,3264000.0
TGO,2014,2757163.0,2256000.0,3333000.0
TGO,2015,2853364.0,2310000.0,3483000.0
TGO,2016,2896314.0,2340000.0,3547000.0
TGO,2017,2829242.0,2278000.0,3474000.0
TGO,2018,2663084.0,2076000.0,3354000.0
TGO,2019,2454104.0,1799000.0,3272000.0
TGO,2020,2461528.0,1771000.0,3348000.0
TGO,2021,2481567.0,1817000.0,3357000.0
TGO,2022,2532312.0,1833000.0,3376000.0
TGO,2023,2463762.0,1791000.0,3292000.0
TGO,2024,2371693.0,1583000.0,3397000.0
THA,2000,78561.0,,
THA,2001,63528.0,,
THA,2002,44555.0,,
THA,2003,37355.0,,
THA,2004,26690.0,,
THA,2005,29782.0,,
THA,2006,30294.0,,
THA,2007,33178.0,,
THA,2008,28569.0,,
THA,2009,29462.0,,
THA,2010,32480.0,,
THA,2011,24897.0,,
THA,2012,46895.0,,
THA,2013,41602.0,,
THA,2014,41218.0,,
THA,2015,17494.0,,
THA,2016,12076.0,,
THA,2017,7415.0,,
THA,2018,5110.0,,
THA,2019,4063.0,,
THA,2020,3123.0,,
THA,2021,2426.0,,
THA,2022,6262.0,,
THA,2023,9169.0,,
THA,2024,7878.0,,
TJK,2000,19064.0,,
TJK,2001,11387.0,,
TJK,2002,6160.0,,
TJK,2003,5428.0,,
TJK,2004,3588.0,,
TJK,2005,2309.0,,
TJK,2006,1344.0,,
TJK,2007,635.0,,
TJK,2008,318.0,,
TJK,2009,164.0,,
TJK,2010,111.0,,
TJK,2011,65.0,,
TJK,2012,28.0,,
TJK,2013,4.0,,
TJK,2014,2.0,,
TJK,2015,0.0,,
TJK,2016,0.0,,
TJK,2017,0.0,,
TJK,2018,0.0,,
TJK,2019,0.0,,
TJK,2020,0.0,,
TJK,2021,0.0,,
TJK,2022,0.0,,
TJK,2023,0.0,,
TJK,2024,0.0,,
TKM,2000,24.0,,
TKM,2001,8.0,,
TKM,2002,18.0,,
TKM,2003,7.0,,
TKM,2004,3.0,,
TKM,2005,1.0,,
TKM,2006,1.0,,
TKM,2007,0.0,,
TKM,2008,0.0,,
TKM,2009,0.0,,
TKM,2010,0.0,,
TKM,2011,0.0,,
TKM,2012,0.0,,
TKM,2013,0.0,,
TKM,2014,0.0,,
TKM,2015,0.0,,
TKM,2016,0.0,,
TKM,2017,0.0,,
TKM,2018,0.0,,
TKM,2019,0.0,,
TKM,2020,0.0,,
TKM,2021,0.0,,
TKM,2022,0.0,,
TKM,2023,0.0,,
TKM,2024,0.0,,
TLS,2000,110986.0,48000.0,251000.0
TLS,2001,120990.0,52000.0,275000.0
TLS,2002,104357.0,71000.0,142000.0
TLS,2003,67524.0,57000.0,79000.0
TLS,2004,234045.0,142000.0,326000.0
TLS,2005,153748.0,106000.0,209000.0
TLS,2006,164285.0,101000.0,234000.0
TLS,2007,114693.0,82000.0,153000.0
TLS,2008,134166.0,89000.0,185000.0
TLS,2009,100128.0,65000.0,140000.0
TLS,2010,95412.0,68000.0,126000.0
TLS,2011,30828.0,25000.0,38000.0
TLS,2012,7263.0,6100.0,8500.0
TLS,2013,1418.0,1200.0,1700.0
TLS,2014,473.0,400.0,550.0
TLS,2015,110.0,93.0,130.0
TLS,2016,112.0,94.0,130.0
TLS,2017,16.0,,
TLS,2018,0.0,,
TLS,2019,0.0,,
TLS,2020,3.0,,
TLS,2021,0.0,,
TLS,2022,0.0,,
TLS,2023,0.0,,
TLS,2024,0.0,,
TUR,2000,11432.0,,
TUR,2001,10812.0,,
TUR,2002,10224.0,,
TUR,2003,9222.0,,
TUR,2004,5302.0,,
TUR,2005,2084.0,,
TUR,2006,796.0,,
TUR,2007,313.0,,
TUR,2008,166.0,,
TUR,2009,38.0,,
TUR,2010,0.0,,
TUR,2011,0.0,,
TUR,2012,0.0,,
TUR,2013,0.0,,
TUR,2014,0.0,,
TUR,2015,0.0,,
TUR,2016,0.0,,
TUR,2017,0.0,,
TUR,2018,0.0,,
TUR,2019,0.0,,
TUR,2020,0.0,,
TUR,2021,0.0,,
TUR,2022,0.0,,
TUR,2023,0.0,,
TUR,2024,0.0,,
TZA,2000,11463669.0,8797000.0,14670000.0
TZA,2001,11208998.0,8638000.0,14320000.0
TZA,2002,10740103.0,8330000.0,13690000.0
TZA,2003,10335118.0,8017000.0,13060000.0
TZA,2004,10097043.0,7884000.0,12780000.0
TZA,2005,9861299.0,7616000.0,12470000.0
TZA,2006,9095258.0,6953000.0,11730000.0
TZA,2007,8199655.0,6184000.0,10610000.0
TZA,2008,7431115.0,5531000.0,9752000.0
TZA,2009,6781466.0,5020000.0,8969000.0
TZA,2010,6515227.0,4813000.0,8638000.0
TZA,2011,6120602.0,4551000.0,8082000.0
TZA,2012,5753489.0,4263000.0,7592000.0
TZA,2013,6434966.0,4807000.0,8504000.0
TZA,2014,7369397.0,5495000.0,9673000.0
TZA,2015,7376748.0,5514000.0,9710000.0
TZA,2016,7214935.0,5360000.0,9545000.0
TZA,2017,6855536.0,5070000.0,9024000.0
TZA,2018,6403212.0,4735000.0,8503000.0
TZA,2019,6869755.0,4993000.0,9224000.0
TZA,2020,7520952.0,5444000.0,10070000.0
TZA,2021,8377141.0,6113000.0,11210000.0
TZA,2022,8567395.0,6322000.0,11440000.0
TZA,2023,9223258.0,6723000.0,12410000.0
TZA,2024,9373891.0,6655000.0,12930000.0
UGA,2000,11586580.0,9243000.0,14390000.0
UGA,2001,12581378.0,10200000.0,15400000.0
UGA,2002,12807776.0,10390000.0,15610000.0
UGA,2003,12632227.0,10050000.0,15660000.0
UGA,2004,12023589.0,9324000.0,15320000.0
UGA,2005,11919970.0,9096000.0,15290000.0
UGA,2006,12255369.0,9575000.0,15400000.0
UGA,2007,12392325.0,9891000.0,15320000.0
UGA,2008,12756439.0,10240000.0,15660000.0
UGA,2009,13297542.0,10750000.0,16320000.0
UGA,2010,13149835.0,10440000.0,16320000.0
UGA,2011,12771289.0,10100000.0,15950000.0
UGA,2012,12011037.0,9539000.0,14940000.0
UGA,2013,10964151.0,8642000.0,13700000.0
UGA,2014,10631444.0,8294000.0,13470000.0
UGA,2015,10835166.0,8251000.0,13940000.0
UGA,2016,10903429.0,8189000.0,14190000.0
UGA,2017,11109517.0,8429000.0,14280000.0
UGA,2018,11190095.0,8653000.0,14180000.0
UGA,2019,10785343.0,8479000.0,13510000.0
UGA,2020,11366057.0,8768000.0,14510000.0
UGA,2021,12332244.0,8404000.0,17460000.0
UGA,2022,12612787.0,7571000.0,19770000.0
UGA,2023,13019258.0,7586000.0,20730000.0
UGA,2024,13215579.0,7711000.0,21340000.0
UZB,2000,126.0,,
UZB,2001,77.0,,
UZB,2002,74.0,,
UZB,2003,74.0,,
UZB,2004,66.0,,
UZB,2005,102.0,,
UZB,2006,73.0,,
UZB,2007,30.0,,
UZB,2008,7.0,,
UZB,2009,0.0,,
UZB,2010,3.0,,
UZB,2011,0.0,,
UZB,2012,0.0,,
UZB,2013,0.0,,
UZB,2014,0.0,,
UZB,2015,0.0,,
UZB,2016,0.0,,
UZB,2017,0.0,,
UZB,2018,0.0,,
UZB,2019,0.0,,
UZB,2020,0.0,,
UZB,2021,0.0,,
UZB,2022,0.0,,
UZB,2023,0.0,,
UZB,2024,0.0,,
VEN,2000,35517.0,31000.0,42000.0
VEN,2001,23834.0,21000.0,28000.0
VEN,2002,35029.0,31000.0,41000.0
VEN,2003,37510.0,33000.0,44000.0
VEN,2004,54984.0,49000.0,65000.0
VEN,2005,52979.0,47000.0,62000.0
VEN,2006,43638.0,39000.0,51000.0
VEN,2007,48834.0,44000.0,57000.0
VEN,2008,37482.0,33000.0,43000.0
VEN,2009,41927.0,37000.0,49000.0
VEN,2010,57905.0,48000.0,74000.0
VEN,2011,53565.0,48000.0,62000.0
VEN,2012,61858.0,55000.0,71000.0
VEN,2013,92182.0,82000.0,107000.0
VEN,2014,106118.0,95000.0,122000.0
VEN,2015,159668.0,142000.0,184000.0
VEN,2016,281817.0,251000.0,324000.0
VEN,2017,482323.0,429000.0,557000.0
VEN,2018,474766.0,423000.0,548000.0
VEN,2019,466830.0,415000.0,539000.0
VEN,2020,223067.0,199000.0,256000.0
VEN,2021,204424.0,182000.0,236000.0
VEN,2022,154089.0,137000.0,178000.0
VEN,2023,134811.0,120000.0,155000.0
VEN,2024,110613.0,98000.0,128000.0
VNM,2000,201414.0,158000.0,268000.0
VNM,2001,185145.0,148000.0,241000.0
VNM,2002,131451.0,105000.0,172000.0
VNM,2003,96592.0,78000.0,124000.0
VNM,2004,56559.0,46000.0,72000.0
VNM,2005,40604.0,34000.0,51000.0
VNM,2006,43620.0,37000.0,54000.0
VNM,2007,28022.0,24000.0,34000.0
VNM,2008,17911.0,16000.0,21000.0
VNM,2009,22853.0,21000.0,26000.0
VNM,2010,22959.0,21000.0,26000.0
VNM,2011,20206.0,19000.0,23000.0
VNM,2012,23838.0,22000.0,27000.0
VNM,2013,20760.0,19000.0,23000.0
VNM,2014,19060.0,18000.0,21000.0
VNM,2015,11283.0,10000.0,13000.0
VNM,2016,5024.0,4600.0,5600.0
VNM,2017,5485.0,5100.0,6100.0
VNM,2018,3777.0,3500.0,4200.0
VNM,2019,3856.0,3600.0,4300.0
VNM,2020,1657.0,1500.0,1800.0
VNM,2021,377.0,,
VNM,2022,412.0,,
VNM,2023,373.0,,
VNM,2024,239.0,,
VUT,2000,23167.0,13000.0,38000.0
VUT,2001,18702.0,13000.0,27000.0
VUT,2002,36655.0,25000.0,54000.0
VUT,2003,42687.0,28000.0,64000.0
VUT,2004,30560.0,21000.0,41000.0
VUT,2005,25624.0,17000.0,39000.0
VUT,2006,22943.0,14000.0,35000.0
VUT,2007,27312.0,15000.0,119000.0
VUT,2008,26771.0,13000.0,122000.0
VUT,2009,14887.0,8200.0,25000.0
VUT,2010,20972.0,15000.0,29000.0
VUT,2011,11631.0,8900.0,16000.0
VUT,2012,8557.0,6500.0,12000.0
VUT,2013,5539.0,4100.0,7600.0
VUT,2014,2579.0,1900.0,3600.0
VUT,2015,877.0,710.0,1100.0
VUT,2016,4643.0,3300.0,6600.0
VUT,2017,2585.0,1800.0,3700.0
VUT,2018,1367.0,930.0,2000.0
VUT,2019,1262.0,840.0,1900.0
VUT,2020,1130.0,740.0,1700.0
VUT,2021,738.0,470.0,1100.0
VUT,2022,2700.0,1700.0,4200.0
VUT,2023,5748.0,3400.0,9100.0
VUT,2024,4014.0,2400.0,6300.0
YEM,2000,1052131.0,449000.0,4562000.0
YEM,2001,1176056.0,523000.0,5296000.0
YEM,2002,1307377.0,624000.0,5796000.0
YEM,2003,1188478.0,499000.0,5189000.0
YEM,2004,956179.0,440000.0,4499000.0
YEM,2005,1002795.0,444000.0,4790000.0
YEM,2006,1201845.0,537000.0,5676000.0
YEM,2007,852425.0,434000.0,1821000.0
YEM,2008,539905.0,278000.0,1199000.0
YEM,2009,702010.0,361000.0,1641000.0
YEM,2010,1131912.0,640000.0,2130000.0
YEM,2011,792771.0,493000.0,1296000.0
YEM,2012,860962.0,574000.0,1300000.0
YEM,2013,700432.0,489000.0,1009000.0
YEM,2014,591805.0,412000.0,857000.0
YEM,2015,521856.0,360000.0,759000.0
YEM,2016,677058.0,464000.0,996000.0
YEM,2017,771431.0,519000.0,1142000.0
YEM,2018,907055.0,596000.0,1360000.0
YEM,2019,873605.0,572000.0,1313000.0
YEM,2020,848385.0,547000.0,1286000.0
YEM,2021,1057919.0,671000.0,1606000.0
YEM,2022,960462.0,599000.0,1491000.0
YEM,2023,985137.0,611000.0,1520000.0
YEM,2024,1362711.0,848000.0,2112000.0
ZAF,2000,18202.0,,
ZAF,2001,26506.0,,
ZAF,2002,15649.0,,
ZAF,2003,13459.0,,
ZAF,2004,13399.0,,
ZAF,2005,7755.0,,
ZAF,2006,12098.0,,
ZAF,2007,6327.0,,
ZAF,2008,7796.0,,
ZAF,2009,6072.0,,
ZAF,2010,8060.0,,
ZAF,2011,9866.0,,
ZAF,2012,6621.0,,
ZAF,2013,8645.0,,
ZAF,2014,11705.0,,
ZAF,2015,4959.0,,
ZAF,2016,4323.0,,
ZAF,2017,23381.0,,
ZAF,2018,9562.0,,
ZAF,2019,4821.0,,
ZAF,2020,4463.0,,
ZAF,2021,2972.0,,
ZAF,2022,2043.0,,
ZAF,2023,5291.0,,
ZAF,2024,735.0,,
ZMB,2000,3609642.0,2819000.0,4569000.0
ZMB,2001,3915640.0,3078000.0,4923000.0
ZMB,2002,3939329.0,3060000.0,4989000.0
ZMB,2003,3822568.0,3016000.0,4783000.0
ZMB,2004,3411557.0,2691000.0,4276000.0
ZMB,2005,3076469.0,2396000.0,3909000.0
ZMB,2006,2740468.0,2144000.0,3455000.0
ZMB,2007,2445911.0,1903000.0,3094000.0
ZMB,2008,2234659.0,1734000.0,2814000.0
ZMB,2009,2249987.0,1753000.0,2834000.0
ZMB,2010,2373068.0,1871000.0,2968000.0
ZMB,2011,2614996.0,2044000.0,3285000.0
ZMB,2012,3074514.0,2385000.0,3867000.0
ZMB,2013,3511365.0,2732000.0,4434000.0
ZMB,2014,3774704.0,2988000.0,4720000.0
ZMB,2015,3899391.0,3120000.0,4823000.0
ZMB,2016,3874779.0,3091000.0,4797000.0
ZMB,2017,3838911.0,3017000.0,4755000.0
ZMB,2018,3990124.0,3155000.0,4953000.0
ZMB,2019,4144367.0,3249000.0,5181000.0
ZMB,2020,4464614.0,3543000.0,5550000.0
ZMB,2021,4724078.0,3819000.0,5794000.0
ZMB,2022,4959659.0,4015000.0,6061000.0
ZMB,2023,5224073.0,4214000.0,6398000.0
ZMB,2024,5380115.0,4333000.0,6652000.0
ZWE,2000,960651.0,234000.0,2387000.0
ZWE,2001,967102.0,220000.0,2395000.0
ZWE,2002,976452.0,221000.0,2388000.0
ZWE,2003,988139.0,228000.0,2469000.0
ZWE,2004,998929.0,214000.0,2448000.0
ZWE,2005,1008423.0,225000.0,2487000.0
ZWE,2006,1020784.0,234000.0,2562000.0
ZWE,2007,1690025.0,726000.0,2946000.0
ZWE,2008,688884.0,141000.0,1369000.0
ZWE,2009,763956.0,298000.0,1347000.0
ZWE,2010,1097776.0,597000.0,1746000.0
ZWE,2011,722030.0,475000.0,996000.0
ZWE,2012,592559.0,405000.0,793000.0
ZWE,2013,863692.0,614000.0,1131000.0
ZWE,2014,1093059.0,807000.0,1397000.0
ZWE,2015,1067121.0,727000.0,1453000.0
ZWE,2016,760626.0,498000.0,1052000.0
ZWE,2017,1337886.0,835000.0,1934000.0
ZWE,2018,634718.0,393000.0,897000.0
ZWE,2019,782740.0,470000.0,1124000.0
ZWE,2020,1152901.0,692000.0,1662000.0
ZWE,2021,342543.0,203000.0,491000.0
ZWE,2022,365695.0,220000.0,523000.0
ZWE,2023,635589.0,380000.0,909000.0
ZWE,2024,148833.0,89000.0,214000.0
