iso3,location_name,year,projected,the_total_mean,the_per_cap_mean,ghes_total_mean,ppp_total_mean,oop_total_mean,dah_total_mean,ghes_per_cap_mean,ppp_per_cap_mean,oop_per_cap_mean,dah_per_cap_mean,ghes_per_gdp_mean
ZWE,Zimbabwe,1995,0,1468104,129,516577,266935,607673,76918,45,23,53,7,0.023
ZWE,Zimbabwe,1996,0,1516207,131,524327,273606,627173,91102,45,24,54,8,0.022
ZWE,Zimbabwe,1997,0,1546377,132,524799,274727,636868,109983,45,24,55,9,0.021
ZWE,Zimbabwe,1998,0,1539922,131,515246,274770,643006,106900,44,23,55,9,0.021
ZWE,Zimbabwe,1999,0,1532140,129,521370,275080,647710,87980,44,23,54,7,0.022
ZWE,Zimbabwe,2000,0,1561121,130,543891,278443,646352,92434,45,23,54,8,0.024
ZWE,Zimbabwe,2001,0,1503132,125,504738,276658,638353,83383,42,23,53,7,0.022
ZWE,Zimbabwe,2002,0,1524227,125,504207,284996,649660,85364,42,23,53,7,0.024
ZWE,Zimbabwe,2003,0,1560785,128,506190,289349,672716,92530,41,24,55,8,0.028
ZWE,Zimbabwe,2004,0,1631002,133,541728,299731,686098,103444,44,24,56,8,0.031
ZWE,Zimbabwe,2005,0,1726833,139,548312,302803,686680,189038,44,24,55,15,0.033
ZWE,Zimbabwe,2006,0,1603659,128,437839,280098,687352,198371,35,22,55,16,0.028
ZWE,Zimbabwe,2007,0,1597996,127,372377,267474,698234,259912,30,21,55,21,0.025
ZWE,Zimbabwe,2008,0,1467505,115,321254,248513,681950,215788,25,20,54,17,0.024
ZWE,Zimbabwe,2009,0,1782177,138,461045,293442,674782,352908,36,23,52,27,0.027
ZWE,Zimbabwe,2010,0,1853503,142,529494,309901,677384,336725,41,24,52,26,0.025
ZWE,Zimbabwe,2011,0,1815723,137,505045,332174,664029,314474,38,25,50,24,0.021
ZWE,Zimbabwe,2012,0,2051231,152,470789,363764,648233,568445,35,27,48,42,0.017
ZWE,Zimbabwe,2013,0,2099356,153,569114,446271,617934,466037,42,33,45,34,0.02
ZWE,Zimbabwe,2014,0,2084477,150,549317,482188,558821,494150,39,35,40,35,0.019
ZWE,Zimbabwe,2015,0,2086106,147,485607,506232,476053,618214,34,36,34,44,0.016
ZWE,Zimbabwe,2016,0,1903514,132,457769,496101,372007,577638,32,34,26,40,0.014
ZWE,Zimbabwe,2017,0,1688566,115,443146,453064,249086,543270,30,31,17,37,0.013
ZWE,Zimbabwe,2018,0,1413826,95,347593,340423,169751,556059,23,23,11,37,0.009
ZWE,Zimbabwe,2019,0,1066467,70,196800,199052,115363,555252,13,13,8,37,0.005
ZWE,Zimbabwe,2020,0,1077883,70,221185,117559,97947,641192,14,8,6,42,0.007
ZWE,Zimbabwe,2021,0,1369543,87,299734,101870,76757,891182,19,7,5,57,0.008
ZWE,Zimbabwe,2022,0,1140690,72,340974,114211,94402,591102,21,7,6,37,0.009
ZWE,Zimbabwe,2023,0,1180456,73,379639,142099,119699,539020,24,9,7,33,0.009
ZWE,Zimbabwe,2024,1,1115154,68,267323,149978,122625,575228,16,9,8,35,
ZWE,Zimbabwe,2025,1,841593,51,189153,160441,124796,367203,11,10,8,22,
ZWE,Zimbabwe,2026,1,693292,41,182901,166914,125516,217962,11,10,7,13,
ZWE,Zimbabwe,2027,1,791857,46,180685,174834,126823,309516,11,10,7,18,
ZWE,Zimbabwe,2028,1,796127,46,179312,182898,128016,305901,10,11,7,18,
ZWE,Zimbabwe,2029,1,798685,46,178636,191505,129221,299322,10,11,7,17,
ZWE,Zimbabwe,2030,1,800874,45,178229,200521,130456,291668,10,11,7,16,
ZWE,Zimbabwe,2031,1,817826,45,178171,209798,131698,298159,10,12,7,17,
ZWE,Zimbabwe,2032,1,834017,46,178381,219493,132991,303151,10,12,7,17,
ZWE,Zimbabwe,2033,1,851997,46,180121,229588,134308,307980,10,12,7,17,
ZWE,Zimbabwe,2034,1,870910,47,182433,240009,135597,312871,10,13,7,17,
ZWE,Zimbabwe,2035,1,890497,47,184898,250685,136858,318057,10,13,7,17,
ZWE,Zimbabwe,2036,1,910567,47,187397,261696,138108,323366,10,14,7,17,
ZWE,Zimbabwe,2037,1,931292,48,190297,272887,139316,328793,10,14,7,17,
ZWE,Zimbabwe,2038,1,952690,48,193395,284281,140488,334526,10,14,7,17,
ZWE,Zimbabwe,2039,1,975370,49,197342,295940,141634,340453,10,15,7,17,
ZWE,Zimbabwe,2040,1,998481,50,201625,307909,142756,346191,10,15,7,17,
ZWE,Zimbabwe,2041,1,1021812,50,206012,320017,143822,351960,10,16,7,17,
ZWE,Zimbabwe,2042,1,1045793,51,210677,332294,145020,357801,10,16,7,17,
ZWE,Zimbabwe,2043,1,1070519,51,215664,344751,146370,363735,10,17,7,17,
ZWE,Zimbabwe,2044,1,1096015,52,220925,357506,147890,369694,10,17,7,18,
ZWE,Zimbabwe,2045,1,1122789,53,227149,370532,149579,375529,11,17,7,18,
ZWE,Zimbabwe,2046,1,1113640,52,233231,383790,151414,345204,11,18,7,16,
ZWE,Zimbabwe,2047,1,1140837,53,239371,397401,153459,350607,11,18,7,16,
ZWE,Zimbabwe,2048,1,1168598,53,245770,411231,155683,355914,11,19,7,16,
ZWE,Zimbabwe,2049,1,1197715,54,252964,425572,158129,361050,11,19,7,16,
ZWE,Zimbabwe,2050,1,1227656,55,260514,440386,160792,365965,12,20,7,16,
